track_id,gt_bpm,bt_transformer_bpm,tempo_ratio,tempo_class,bt_paper_F,bt_paper_CMLt,bt_paper_AMLt,bt_wide_F,bt_wide_CMLt,bt_wide_AMLt,bt_top1_F,bt_top1_CMLt,bt_top1_AMLt,bt_topk_F,bt_topk_CMLt,bt_topk_AMLt,bt_viterbi_F,bt_viterbi_CMLt,bt_viterbi_AMLt,bt_oracle_F,bt_oracle_CMLt,bt_oracle_AMLt,btthis_native_F,btthis_native_CMLt,btthis_native_AMLt,btthis_dbn55_F,btthis_dbn55_CMLt,btthis_dbn55_AMLt,btthis_dbn30_F,btthis_dbn30_CMLt,btthis_dbn30_AMLt,btthis_top1_F,btthis_top1_CMLt,btthis_top1_AMLt,btthis_topk_F,btthis_topk_CMLt,btthis_topk_AMLt,btthis_oracle_F,btthis_oracle_CMLt,btthis_oracle_AMLt,mm_tcn_F,mm_tcn_CMLt,mm_tcn_AMLt
smc_001,48.15,46.0,0.9553,correct,0.5,0.0,0.9821,0.75,1.0,1.0,0.75,1.0,1.0,0.75,1.0,1.0,0.75,1.0,1.0,0.75,1.0,1.0,0.5946,0.3696,0.3696,0.4107,0.0,0.0,0.4107,0.0,0.0,0.6545,0.7857,0.7857,0.3429,0.0,0.0,0.7143,0.9286,0.9286,0.4762,0.0,0.9643
smc_002,65.36,93.0,1.4229,other,0.3789,0.0,0.0,0.3789,0.0,0.0,0.3789,0.0,0.0,0.3789,0.0,0.0,0.3789,0.0,0.0,0.7671,0.7105,0.7105,0.4575,0.0,0.0,0.3368,0.0,0.0,0.3368,0.0,0.0,0.3368,0.0,0.0,0.4474,0.0,0.0,0.1111,0.0263,0.1622,0.4396,0.1321,0.1321
smc_003,68.0,68.0,1.0001,correct,0.5167,0.0,0.6585,0.5167,0.0,0.6585,0.625,0.6429,0.6429,0.5167,0.0,0.6585,0.5167,0.0,0.6585,0.625,0.6429,0.6429,0.5,0.0,0.5698,0.4333,0.0,0.6341,0.437,0.0,0.642,0.5316,0.5122,0.5122,0.437,0.0,0.642,0.5316,0.5122,0.5122,0.35,0.0,0.4756
smc_004,56.99,67.0,1.1756,other,0.5,0.234,0.234,0.5217,0.4722,0.4722,0.4658,0.2,0.2,0.5217,0.4722,0.4722,0.5217,0.4722,0.4722,0.6061,0.5152,0.5152,0.5714,0.4545,0.4545,0.3684,0.2326,0.2326,0.3944,0.3158,0.3158,0.3662,0.3158,0.3158,0.3944,0.3158,0.3158,0.5455,0.5152,0.5152,0.375,0.2128,0.2128
smc_005,39.71,42.0,1.0577,correct,0.3478,0.0,0.7609,0.3478,0.0,0.7609,0.3913,0.8696,0.8696,0.3478,0.0,0.7609,0.3478,0.0,0.7609,0.3913,0.8696,0.8696,0.3922,0.6429,0.6429,0.3188,0.0,0.8261,0.3188,0.0,0.8261,0.4348,1.0,1.0,0.3188,0.0,0.8261,0.4348,1.0,1.0,0.3188,0.0,0.8261
smc_006,52.13,65.0,1.2469,other,0.55,0.1818,0.338,0.7606,0.5278,0.5278,0.5833,0.2778,0.2778,0.7606,0.5278,0.5278,0.7606,0.5278,0.5278,0.8,0.5278,0.5278,0.8571,0.5556,0.5556,0.475,0.0455,0.1972,0.7273,0.4722,0.4722,0.5205,0.2432,0.2432,0.697,0.4722,0.4722,0.6769,0.5,0.5,0.5843,0.0377,0.4648
smc_007,52.77,51.0,0.9665,correct,0.5238,0.1111,0.6102,0.5667,0.7667,0.7667,0.5667,0.7667,0.7667,0.5667,0.7667,0.7667,0.5667,0.7667,0.7667,0.5667,0.7667,0.7667,0.6,0.8,0.8,0.4,0.24,0.4746,0.5246,0.7419,0.7419,0.5246,0.7742,0.7742,0.5574,0.7742,0.7742,0.5246,0.7742,0.7742,0.4565,0.0,0.8065
smc_008,134.53,88.0,0.6541,other,0.3817,0.0,0.0192,0.3817,0.0,0.0192,0.3817,0.0,0.0192,0.3817,0.0,0.0192,0.3817,0.0,0.0192,0.6309,0.5316,0.5316,0.5185,0.1266,0.1266,0.3939,0.0,0.0,0.3939,0.0,0.0,0.3939,0.0,0.0,0.3939,0.0,0.0,0.6624,0.6835,0.6835,0.3939,0.0,0.0
smc_009,55.63,167.0,3.0022,other,0.4275,0.0,0.0,0.4275,0.0,0.0,0.4275,0.0,0.0,0.4275,0.0,0.0,0.4275,0.0,0.0,0.8788,1.0,1.0,0.4427,0.0,0.0,0.458,0.0,0.0,0.458,0.0,0.0,0.458,0.0,0.0,0.458,0.0,0.0,0.0,0.0,0.3333,0.4122,0.0,0.0
smc_010,76.63,76.0,0.9918,correct,0.9333,1.0,1.0,0.9333,1.0,1.0,0.9333,1.0,1.0,0.9333,1.0,1.0,0.9333,1.0,1.0,0.9333,1.0,1.0,0.8889,0.9778,0.9778,0.8889,1.0,1.0,0.8889,1.0,1.0,0.8889,1.0,1.0,0.8889,1.0,1.0,0.8889,1.0,1.0,0.8889,0.9778,0.9778
smc_011,92.74,93.0,1.0028,correct,0.8113,0.7273,0.7273,0.8113,0.7273,0.7273,0.8113,0.7273,0.7273,0.8113,0.7273,0.7273,0.8113,0.7273,0.7273,0.8113,0.7273,0.7273,0.7652,0.5,0.5,0.7103,0.5893,0.5893,0.7103,0.5893,0.5893,0.7103,0.5893,0.5893,0.7103,0.5893,0.5893,0.7103,0.5893,0.5893,0.7477,0.6429,0.6429
smc_012,86.96,85.0,0.9775,correct,0.4356,0.5686,0.5686,0.4356,0.5686,0.5686,0.4356,0.5686,0.5686,0.4356,0.5686,0.5686,0.4356,0.5686,0.5686,0.4356,0.5686,0.5686,0.5472,0.5273,0.5273,0.4902,0.6471,0.6471,0.4902,0.6471,0.6471,0.4902,0.6471,0.6471,0.4902,0.6471,0.6471,0.4902,0.6471,0.6471,0.4272,0.5962,0.5962
smc_013,95.71,92.0,0.9612,correct,0.9107,0.9821,0.9821,0.9107,0.9821,0.9821,0.9107,0.9821,0.9821,0.9107,0.9821,0.9821,0.9107,0.9821,0.9821,0.9107,0.9821,0.9821,0.9464,1.0,1.0,0.9273,0.8929,0.8929,0.9273,0.8929,0.8929,0.9464,1.0,1.0,0.9273,0.8929,0.8929,0.9464,1.0,1.0,0.9107,0.9821,0.9821
smc_014,78.31,85.0,1.0855,correct,0.8571,0.9348,0.9348,0.8571,0.9348,0.9348,0.8571,0.9348,0.9348,0.8571,0.9348,0.9348,0.8571,0.9348,0.9348,0.8571,0.9348,0.9348,0.7901,0.6222,0.6222,0.9111,0.9556,0.9556,0.9111,0.9556,0.9556,0.8,0.9111,0.9111,0.9111,0.9556,0.9556,0.9111,0.9556,0.9556,0.8478,0.8723,0.8723
smc_015,35.34,80.0,2.264,other,0.2828,0.0,0.0897,0.2828,0.0,0.0897,0.3235,0.0,0.4043,0.2828,0.0,0.0897,0.2828,0.0,0.0897,0.381,0.381,0.381,0.4308,0.0,0.5227,0.2941,0.0,0.5106,0.2941,0.0,0.5106,0.2941,0.0,0.5106,0.2941,0.0,0.5106,0.0909,0.1304,0.4783,0.2632,0.0,0.0
smc_016,70.01,69.0,0.9856,correct,0.8293,0.9756,0.9756,0.8293,0.9756,0.9756,0.8293,0.9756,0.9756,0.8293,0.9756,0.9756,0.8293,0.9756,0.9756,0.8293,0.9756,0.9756,0.7952,0.9524,0.9524,0.8395,0.9756,0.9756,0.8395,0.9756,0.9756,0.8395,0.9756,0.9756,0.8395,0.9756,0.9756,0.8395,0.9756,0.9756,0.8293,0.9756,0.9756
smc_017,72.29,72.0,0.996,correct,0.8333,0.881,0.881,0.8333,0.881,0.881,0.8434,0.9524,0.9524,0.8333,0.881,0.881,0.8333,0.881,0.881,0.8434,0.9524,0.9524,0.8916,0.9048,0.9048,0.8571,0.9762,0.9762,0.8571,0.9762,0.9762,0.8571,0.9762,0.9762,0.8571,0.9762,0.9762,0.8571,0.9762,0.9762,0.8571,0.9524,0.9524
smc_018,84.03,86.0,1.0234,correct,0.22,0.2745,0.4118,0.22,0.2745,0.4118,0.22,0.2745,0.4118,0.22,0.2745,0.4118,0.22,0.2745,0.4118,0.22,0.2745,0.4118,0.3396,0.2105,0.2456,0.3878,0.4082,0.4082,0.3878,0.4082,0.4082,0.3878,0.4082,0.4082,0.3878,0.4082,0.4082,0.3878,0.4082,0.4082,0.4848,0.52,0.52
smc_019,41.99,83.0,1.9768,double,0.5634,0.0,0.8958,0.5634,0.0,0.8958,0.5634,0.0,0.8958,0.5634,0.0,0.8958,0.5634,0.0,0.8958,0.6809,0.75,0.75,0.8679,0.5333,0.5333,0.6,0.0,0.9362,0.6,0.0,0.9362,0.6,0.0,0.9362,0.6,0.0,0.9362,0.6809,0.75,0.75,0.5634,0.0,0.8958
smc_021,90.23,46.0,0.5098,half,0.5769,0.6415,0.6415,0.5769,0.6415,0.6415,0.4304,0.0,0.8846,0.5769,0.6415,0.6415,0.5769,0.6415,0.6415,0.6286,0.6981,0.6981,0.4673,0.6111,0.6111,0.5273,0.5965,0.5965,0.5273,0.5965,0.5965,0.3457,0.0,0.8214,0.5882,0.6415,0.6415,0.5273,0.5965,0.5965,0.6226,0.8113,0.8113
smc_022,69.36,75.0,1.0813,correct,0.642,0.5349,0.5349,0.642,0.5349,0.5349,0.642,0.5349,0.5349,0.642,0.5349,0.5349,0.642,0.5349,0.5349,0.642,0.5349,0.5349,0.9487,0.875,0.875,0.7342,0.6585,0.6585,0.7368,0.6316,0.6316,0.7342,0.6585,0.6585,0.7368,0.6579,0.6579,0.7342,0.6585,0.6585,0.5432,0.4884,0.4884
smc_023,35.09,69.0,1.9665,double,0.6452,0.0,0.9024,0.6452,0.0,0.9024,0.6452,0.0,0.9024,0.6452,0.0,0.9024,0.6452,0.0,0.9024,0.4878,0.4286,0.5,0.6667,0.0513,0.8049,0.6032,0.0,0.8571,0.6032,0.0,0.8571,0.6032,0.0,0.881,0.6032,0.0,0.8571,0.4878,0.4762,0.4762,0.6452,0.0,0.9024
smc_024,164.84,86.0,0.5217,half,0.6984,0.2133,0.5294,0.6984,0.2133,0.5294,0.72,0.24,0.54,0.6984,0.2133,0.5294,0.72,0.24,0.54,0.791,0.4804,0.4804,0.72,0.2267,0.42,0.6612,0.1867,0.413,0.6034,0.0133,0.8537,0.6129,0.1867,0.449,0.5841,0.0133,0.7368,0.7528,0.466,0.466,0.6457,0.2133,0.3077
smc_026,51.81,53.0,1.0229,correct,0.4045,0.0,0.8167,0.6441,0.9333,0.9333,0.6441,0.9333,0.9333,0.6441,0.9333,0.9333,0.6441,0.9333,0.9333,0.6441,0.9333,0.9333,0.7458,0.9333,0.9333,0.5185,0.1538,0.6667,0.7458,0.9333,0.9333,0.7458,0.9333,0.9333,0.7458,0.9333,0.9333,0.7458,0.9333,0.9333,0.4494,0.0,0.85
smc_027,63.8,65.0,1.0189,correct,0.8108,0.9459,0.9459,0.8108,0.9459,0.9459,0.8108,0.9459,0.9459,0.8108,0.9459,0.9459,0.8108,0.9459,0.9459,0.8108,0.9459,0.9459,0.5682,0.3922,0.3922,0.7297,0.973,0.973,0.7297,0.973,0.973,0.7297,0.973,0.973,0.7297,0.973,0.973,0.7297,0.973,0.973,0.8378,1.0,1.0
smc_028,117.19,60.0,0.512,half,0.4124,0.0323,0.4286,0.4124,0.0323,0.4286,0.4124,0.0323,0.4286,0.4124,0.0323,0.4286,0.4124,0.0323,0.4286,0.6615,0.5588,0.5588,0.4255,0.0161,0.7188,0.3505,0.0161,0.5143,0.4043,0.0323,0.5625,0.3299,0.0,0.5714,0.4043,0.0323,0.5312,0.5271,0.4627,0.4627,0.7634,0.6377,0.6377
smc_030,200.0,66.0,0.33,other,0.5096,0.0,0.1207,0.5096,0.0,0.1207,0.4903,0.0,0.0,0.5096,0.0,0.1207,0.5096,0.0,0.1207,0.6218,0.3852,0.3852,0.9407,0.825,0.825,0.6207,0.0,0.9828,0.6207,0.0,0.9828,0.4774,0.0,0.0,0.6207,0.0,0.9828,0.9528,0.8462,0.8462,0.4645,0.0,0.0
smc_032,89.15,116.0,1.3011,other,0.5794,0.6667,0.6667,0.5794,0.6667,0.6667,0.5088,0.4167,0.4167,0.5794,0.6667,0.6667,0.5794,0.6667,0.6667,0.3404,0.2222,0.2222,0.6118,0.5,0.5,0.6281,0.4179,0.4179,0.5913,0.4426,0.4426,0.5913,0.4426,0.4426,0.5913,0.4426,0.4426,0.2737,0.0926,0.1132,0.5275,0.1852,0.3514
smc_033,92.92,65.0,0.6995,other,0.5294,0.5472,0.5472,0.5294,0.5472,0.5472,0.2222,0.0755,0.0811,0.5294,0.5472,0.5472,0.5294,0.5472,0.5472,0.5849,0.6415,0.6415,0.7027,0.7069,0.7069,0.717,0.8302,0.8302,0.717,0.8302,0.8302,0.2791,0.0,0.3636,0.717,0.8302,0.8302,0.6981,0.8302,0.8302,0.6481,0.7818,0.7818
smc_034,63.39,60.0,0.9465,correct,0.8919,1.0,1.0,0.8919,1.0,1.0,0.8919,1.0,1.0,0.8919,1.0,1.0,0.8919,1.0,1.0,0.8919,1.0,1.0,0.9459,1.0,1.0,0.9459,1.0,1.0,0.9459,1.0,1.0,0.9459,1.0,1.0,0.9459,1.0,1.0,0.9459,1.0,1.0,0.8919,1.0,1.0
smc_035,58.25,59.0,1.0128,correct,0.7246,0.9429,0.9429,0.7246,0.9429,0.9429,0.7246,0.9429,0.9429,0.7246,0.9429,0.9429,0.7246,0.9429,0.9429,0.7353,0.9706,0.9706,0.7536,0.9714,0.9714,0.7941,1.0,1.0,0.7826,0.9714,0.9714,0.7941,1.0,1.0,0.7941,1.0,1.0,0.7941,1.0,1.0,0.7647,1.0,1.0
smc_036,61.54,125.0,2.0312,double,0.6182,0.0,0.9189,0.6182,0.0,0.9189,0.6182,0.0,0.9189,0.6182,0.0,0.9189,0.6182,0.0,0.9189,0.9167,0.9444,0.9444,0.7292,0.2,0.6338,0.5946,0.0,0.84,0.5946,0.0,0.84,0.5946,0.0,0.84,0.5946,0.0,0.84,0.9167,0.9722,0.9722,0.9167,0.9167,0.9167
smc_037,58.77,60.0,1.021,correct,0.4752,0.0,0.597,0.5915,0.4595,0.4595,0.5915,0.4595,0.4595,0.5915,0.4595,0.4595,0.5915,0.4595,0.4595,0.7143,0.6111,0.6111,0.5882,0.0294,0.7647,0.6857,0.6667,0.6667,0.8182,0.7647,0.7647,0.9412,1.0,1.0,0.8182,0.7647,0.7647,0.9412,1.0,1.0,0.551,0.0,0.6567
smc_038,61.86,64.0,1.0347,correct,0.8056,0.9444,0.9444,0.8056,0.9444,0.9444,0.8056,0.9444,0.9444,0.8056,0.9444,0.9444,0.8056,0.9444,0.9444,0.8056,0.9444,0.9444,0.7733,0.8205,0.8205,0.75,1.0,1.0,0.75,1.0,1.0,0.75,1.0,1.0,0.75,1.0,1.0,0.75,1.0,1.0,0.7778,1.0,1.0
smc_041,70.74,65.0,0.9189,correct,0.5057,0.413,0.413,0.5057,0.413,0.413,0.6173,0.6341,0.6341,0.5057,0.413,0.413,0.5057,0.413,0.413,0.5122,0.5366,0.5366,0.9268,0.878,0.878,0.9639,0.9762,0.9762,0.9639,0.9762,0.9762,0.9639,0.9762,0.9762,0.9639,0.9762,0.9762,0.9639,0.9762,0.9762,0.716,0.7805,0.7805
smc_042,46.15,91.0,1.9717,double,0.575,0.0,1.0,0.575,0.0,1.0,0.575,0.0,1.0,0.575,0.0,1.0,0.575,0.0,1.0,0.8519,1.0,1.0,0.8333,0.6061,0.6061,0.6,0.0,1.0,0.6,0.0,1.0,0.6,0.0,1.0,0.6,0.0,1.0,0.8889,1.0,1.0,0.6,0.0,1.0
smc_043,92.31,93.0,1.0075,correct,0.7037,0.5517,0.5517,0.7037,0.5517,0.5517,0.6729,0.5263,0.5263,0.7037,0.5517,0.5517,0.7037,0.5517,0.5517,0.6729,0.5263,0.5263,0.8113,0.6964,0.6964,0.6538,0.5926,0.5926,0.3467,0.02,0.32,0.5962,0.537,0.537,0.6538,0.5926,0.5926,0.6154,0.5926,0.5926,0.6852,0.569,0.569
smc_044,76.46,75.0,0.9809,correct,0.7674,0.9767,0.9767,0.7674,0.9767,0.9767,0.6742,0.8043,0.8043,0.7674,0.9767,0.9767,0.7674,0.9767,0.9767,0.6742,0.8043,0.8043,0.775,0.6279,0.6279,0.8605,0.9767,0.9767,0.8837,0.9767,0.9767,0.7907,0.907,0.907,0.8605,0.9767,0.9767,0.7727,0.8222,0.8222,0.7356,0.8182,0.8182
smc_046,65.22,65.0,0.9967,correct,0.5526,0.8421,0.8421,0.5526,0.8421,0.8421,0.5526,0.8421,0.8421,0.5526,0.8421,0.8421,0.5526,0.8421,0.8421,0.5526,0.8421,0.8421,0.641,0.825,0.825,0.7105,0.8947,0.8947,0.7105,0.9211,0.9211,0.7105,0.8158,0.8158,0.7105,0.9211,0.9211,0.7105,0.8158,0.8158,0.6053,0.8684,0.8684
smc_047,87.53,47.0,0.537,half,0.495,0.7647,0.7647,0.4,0.0,0.8846,0.4,0.0,0.8846,0.4,0.0,0.8846,0.4,0.0,0.8846,0.495,0.7647,0.7647,0.5333,0.0196,0.8462,0.7647,0.8431,0.8431,0.5526,0.0,0.9615,0.5526,0.0,0.9615,0.5526,0.0,0.9615,0.7647,0.8431,0.8431,0.7723,0.8824,0.8824
smc_048,33.56,64.0,1.9072,double,0.3051,0.0,0.7436,0.3922,0.2903,0.4103,0.3051,0.0,0.7436,0.3922,0.2903,0.4103,0.3922,0.2903,0.4103,0.45,0.95,0.95,0.5,0.7083,0.7083,0.339,0.0,0.9231,0.55,1.0,1.0,0.339,0.0,0.9231,0.55,1.0,1.0,0.55,1.0,1.0,0.3729,0.0,0.8974
smc_051,63.03,60.0,0.952,correct,0.7297,0.973,0.973,0.7297,0.973,0.973,0.7297,0.973,0.973,0.7297,0.973,0.973,0.7297,0.973,0.973,0.7297,0.973,0.973,0.5474,0.4483,0.4483,0.7297,1.0,1.0,0.7297,1.0,1.0,0.7297,1.0,1.0,0.7297,1.0,1.0,0.7297,1.0,1.0,0.7568,1.0,1.0
smc_052,90.84,92.0,1.0128,correct,0.7925,0.8868,0.8868,0.7925,0.8868,0.8868,0.7925,0.8868,0.8868,0.7925,0.8868,0.8868,0.7925,0.8868,0.8868,0.7925,0.8868,0.8868,0.7103,0.8704,0.8704,0.7358,0.9057,0.9057,0.7358,0.9057,0.9057,0.7358,0.9057,0.9057,0.7358,0.9057,0.9057,0.7358,0.9057,0.9057,0.717,0.8113,0.8113
smc_054,63.39,63.0,0.9938,correct,0.8889,0.9459,0.9459,0.8889,0.9459,0.9459,0.8889,0.9459,0.9459,0.8889,0.9459,0.9459,0.8889,0.9459,0.9459,0.8889,0.9459,0.9459,0.9444,0.9459,0.9459,0.9444,0.9459,0.9459,0.9444,0.9459,0.9459,0.9444,0.9459,0.9459,0.9444,0.9459,0.9459,0.9444,0.9459,0.9459,0.9167,0.9459,0.9459
smc_055,67.64,47.0,0.6949,other,0.35,0.3659,0.3659,0.3103,0.0,0.9,0.2985,0.0513,0.0714,0.3103,0.0,0.9,0.3103,0.0,0.9,0.3944,0.359,0.359,0.5397,0.1282,0.4167,0.7532,0.8462,0.8462,0.7532,0.8462,0.8462,0.2319,0.0513,0.0513,0.7532,0.8462,0.8462,0.7532,0.8462,0.8462,0.3093,0.0,0.0
smc_056,104.17,99.0,0.9504,correct,0.1653,0.2419,0.3548,0.1653,0.2419,0.3548,0.1667,0.2951,0.3607,0.1653,0.2419,0.3548,0.1653,0.2419,0.3548,0.1653,0.2419,0.3548,0.3226,0.1042,0.1453,0.2568,0.0112,0.0342,0.3059,0.0,0.2667,0.3621,0.3898,0.3898,0.3059,0.0,0.2667,0.3621,0.3898,0.3898,0.1869,0.0169,0.1552
smc_057,61.61,61.0,0.9901,correct,0.4,0.8286,0.8286,0.4,0.8286,0.8286,0.4,0.8286,0.8286,0.4,0.8286,0.8286,0.4,0.8286,0.8286,0.4,0.8286,0.8286,0.4839,0.6571,0.6571,0.5143,0.8286,0.8286,0.5797,0.8571,0.8571,0.5797,0.8286,0.8286,0.4928,0.7714,0.7714,0.5797,0.8286,0.8286,0.3467,0.475,0.475
smc_058,62.89,61.0,0.9699,correct,0.5634,0.7222,0.7222,0.5634,0.7222,0.7222,0.5634,0.7222,0.7222,0.5634,0.7222,0.7222,0.5634,0.7222,0.7222,0.5634,0.7222,0.7222,0.4638,0.75,0.75,0.4444,0.8056,0.8056,0.4444,0.8056,0.8056,0.4444,0.8056,0.8056,0.4444,0.8056,0.8056,0.4444,0.8056,0.8056,0.5135,0.7632,0.7632
smc_059,71.43,70.0,0.98,correct,0.9048,1.0,1.0,0.9048,1.0,1.0,0.9048,1.0,1.0,0.9048,1.0,1.0,0.9048,1.0,1.0,0.9048,1.0,1.0,0.375,0.0,0.0,0.032,0.0,0.0482,0.032,0.0,0.0482,0.2368,0.0714,0.0714,0.032,0.0,0.0482,0.1,0.0714,0.0714,0.9157,0.9762,0.9762
smc_060,70.59,68.0,0.9633,correct,0.6154,0.6585,0.6585,0.6154,0.6585,0.6585,0.6154,0.6585,0.6585,0.6154,0.6585,0.6585,0.6154,0.6585,0.6585,0.6154,0.6585,0.6585,0.6053,0.6098,0.6098,0.575,0.561,0.561,0.575,0.561,0.561,0.525,0.561,0.561,0.575,0.561,0.561,0.55,0.561,0.561,0.8293,1.0,1.0
smc_061,40.0,80.0,2.0,double,0.5294,0.0,0.9333,0.5294,0.0,0.9333,0.5294,0.0,0.9333,0.5294,0.0,0.9333,0.5294,0.0,0.9333,0.6522,0.8261,0.8261,0.5397,0.1,0.7333,0.4706,0.0,0.9111,0.7391,0.913,0.913,0.4706,0.0,0.9111,0.7391,0.913,0.913,0.7391,0.913,0.913,0.5429,0.0,0.9149
smc_063,88.24,85.0,0.9633,correct,0.8155,0.9231,0.9231,0.8155,0.9231,0.9231,0.8155,0.9231,0.9231,0.8155,0.9231,0.9231,0.8155,0.9231,0.9231,0.8155,0.9231,0.9231,0.7,0.7255,0.7255,0.7961,0.9231,0.9231,0.7961,0.9231,0.9231,0.7961,0.9231,0.9231,0.7961,0.9231,0.9231,0.7961,0.9231,0.9231,0.7961,0.9615,0.9615
smc_064,44.18,85.0,1.9238,double,0.0,0.0,0.0392,0.0,0.0,0.0392,0.0,0.0,0.0392,0.0,0.0,0.0392,0.0,0.0,0.0392,0.0,0.76,0.76,0.0,0.0185,0.2222,0.0,0.0,0.2157,0.0,0.0,0.2157,0.0,0.0,0.2157,0.0,0.0,0.2157,0.0,0.88,0.88,0.3421,0.0,0.5294
smc_065,73.17,74.0,1.0113,correct,0.9535,1.0,1.0,0.9535,1.0,1.0,0.9535,1.0,1.0,0.9535,1.0,1.0,0.9535,1.0,1.0,0.9535,1.0,1.0,0.9767,1.0,1.0,0.9767,1.0,1.0,0.9767,1.0,1.0,0.9767,1.0,1.0,0.9767,1.0,1.0,0.9767,1.0,1.0,0.9302,0.9302,0.9302
smc_066,47.1,46.0,0.9767,correct,0.4691,0.0,0.7778,0.7407,0.963,0.963,0.7407,0.963,0.963,0.7407,0.963,0.963,0.7407,0.963,0.963,0.7407,0.963,0.963,0.5306,0.6667,0.6667,0.3562,0.0217,0.4906,0.5926,0.963,0.963,0.5556,1.0,1.0,0.6296,1.0,1.0,0.5556,1.0,1.0,0.3704,0.0,0.8148
smc_067,86.96,85.0,0.9775,correct,0.8317,0.9412,0.9412,0.8317,0.9412,0.9412,0.8317,0.9412,0.9412,0.8317,0.9412,0.9412,0.8317,0.9412,0.9412,0.8317,0.9412,0.9412,0.8713,0.9412,0.9412,0.8713,0.9412,0.9412,0.8713,0.9412,0.9412,0.8713,0.9412,0.9412,0.8713,0.9412,0.9412,0.8713,0.9412,0.9412,0.7723,0.9412,0.9412
smc_068,92.31,91.0,0.9858,correct,0.8491,0.9811,0.9811,0.8491,0.9811,0.9811,0.8491,0.9811,0.9811,0.8491,0.9811,0.9811,0.8491,0.9811,0.9811,0.8491,0.9811,0.9811,0.9245,0.9811,0.9811,0.9434,0.9811,0.9811,0.9434,0.9811,0.9811,0.9434,0.9811,0.9811,0.9434,0.9811,0.9811,0.9434,0.9811,0.9811,0.9245,1.0,1.0
smc_069,86.71,89.0,1.0265,correct,0.76,0.7308,0.7308,0.76,0.7308,0.7308,0.76,0.7308,0.7308,0.76,0.7308,0.7308,0.76,0.7308,0.7308,0.76,0.7308,0.7308,0.8041,0.898,0.898,0.701,0.7347,0.7347,0.701,0.7347,0.7347,0.6804,0.7143,0.7143,0.701,0.7347,0.7347,0.6804,0.7143,0.7143,0.7327,0.6981,0.6981
smc_071,79.68,80.0,1.004,correct,0.913,1.0,1.0,0.913,1.0,1.0,0.913,1.0,1.0,0.913,1.0,1.0,0.913,1.0,1.0,0.913,1.0,1.0,0.967,0.9565,0.9565,0.9783,1.0,1.0,0.9783,1.0,1.0,0.9783,1.0,1.0,0.9783,1.0,1.0,0.9783,1.0,1.0,0.9348,0.9783,0.9783
smc_072,67.87,65.0,0.9577,correct,0.9231,1.0,1.0,0.9231,1.0,1.0,0.9231,1.0,1.0,0.9231,1.0,1.0,0.9231,1.0,1.0,0.9231,1.0,1.0,0.8861,0.975,0.975,0.8974,0.9744,0.9744,0.8974,1.0,1.0,0.8974,1.0,1.0,0.8974,1.0,1.0,0.8974,0.9744,0.9744,0.9487,1.0,1.0
smc_073,70.46,69.0,0.9793,correct,0.8537,1.0,1.0,0.8537,1.0,1.0,0.8537,1.0,1.0,0.8537,1.0,1.0,0.8537,1.0,1.0,0.8537,1.0,1.0,0.8889,0.9512,0.9512,0.9268,1.0,1.0,0.9268,1.0,1.0,0.9268,1.0,1.0,0.9268,1.0,1.0,0.9268,1.0,1.0,0.9024,1.0,1.0
smc_074,94.64,45.0,0.4755,half,0.729,0.7222,0.7222,0.729,0.7222,0.7222,0.4578,0.0377,0.4667,0.729,0.7222,0.7222,0.729,0.7222,0.7222,0.7706,0.7679,0.7679,0.507,0.0,0.0,0.4045,0.0566,0.0833,0.3333,0.0,0.037,0.525,0.0189,0.6667,0.4045,0.0566,0.0833,0.729,0.7593,0.7593,0.7358,0.7358,0.7358
smc_075,81.97,76.0,0.9272,correct,0.5495,0.5745,0.5745,0.5495,0.5745,0.5745,0.5495,0.5745,0.5745,0.5495,0.5745,0.5745,0.5495,0.5745,0.5745,0.5495,0.5745,0.5745,0.5882,0.5957,0.5957,0.5652,0.7234,0.7234,0.5652,0.7234,0.7234,0.5652,0.7234,0.7234,0.5652,0.7234,0.7234,0.5652,0.7234,0.7234,0.5618,0.5745,0.5745
smc_076,86.89,85.0,0.9782,correct,0.6667,0.8085,0.8085,0.6667,0.8085,0.8085,0.6667,0.8085,0.8085,0.6667,0.8085,0.8085,0.6667,0.8085,0.8085,0.6667,0.8085,0.8085,0.4646,0.1346,0.1346,0.3103,0.0435,0.0435,0.1471,0.0,0.3913,0.4946,0.617,0.617,0.1471,0.0,0.3478,0.4946,0.617,0.617,0.7872,0.8511,0.8511
smc_079,193.55,93.0,0.4805,half,0.6012,0.0185,0.7455,0.6012,0.0185,0.7455,0.6012,0.0185,0.7455,0.6012,0.0185,0.7455,0.6012,0.0185,0.7455,0.9406,0.8108,0.8108,0.6971,0.1574,0.5373,0.5976,0.0093,0.7321,0.5976,0.0093,0.7321,0.5854,0.0093,0.7321,0.5976,0.0093,0.7321,0.861,0.7565,0.7565,0.6341,0.0185,0.5714
smc_080,35.41,45.0,1.2709,other,0.2951,0.0,0.2857,0.2951,0.0,0.2857,0.4878,0.5,0.5,0.2951,0.0,0.2857,0.2951,0.0,0.2857,0.45,0.619,0.619,0.381,0.0,0.25,0.1235,0.0,0.0323,0.2449,0.0,0.1,0.2083,0.0,0.1034,0.2449,0.0,0.1,0.0513,0.05,0.25,0.2154,0.0,0.2826
smc_082,115.38,114.0,0.988,correct,0.8361,0.8154,0.8154,0.8361,0.8154,0.8154,0.8361,0.8154,0.8154,0.8361,0.8154,0.8154,0.8361,0.8154,0.8154,0.8361,0.8154,0.8154,0.9661,0.8852,0.8852,0.9268,0.803,0.803,0.9268,0.803,0.803,0.9268,0.803,0.803,0.9268,0.803,0.803,0.9268,0.803,0.803,0.6374,0.0526,0.7941
smc_084,44.22,56.0,1.2665,other,0.0851,0.04,0.0833,0.0851,0.04,0.0833,0.0851,0.04,0.0833,0.0851,0.04,0.0833,0.0851,0.04,0.0833,0.0,0.08,0.2083,0.0667,0.08,0.08,0.1034,0.0606,0.0606,0.1481,0.3103,0.3103,0.1852,0.2414,0.2414,0.1481,0.3103,0.3103,0.0741,0.2414,0.2414,0.125,0.0,0.3091
smc_085,55.05,58.0,1.0537,correct,0.2623,0.6562,0.6562,0.2623,0.6562,0.6562,0.2623,0.6562,0.6562,0.2623,0.6562,0.6562,0.2623,0.6562,0.6562,0.2623,0.6562,0.6562,0.2812,0.6562,0.6562,0.3125,0.6875,0.6875,0.3125,0.6875,0.6875,0.3125,0.6875,0.6875,0.3125,0.6875,0.6875,0.3125,0.6875,0.6875,0.3438,0.6562,0.6562
smc_086,69.43,66.0,0.9506,correct,0.8101,0.675,0.675,0.8101,0.675,0.675,0.7179,0.55,0.55,0.8101,0.675,0.675,0.7595,0.675,0.675,0.7848,0.675,0.675,0.875,0.75,0.75,0.8,0.75,0.75,0.8,0.75,0.75,0.725,0.7,0.7,0.8,0.75,0.75,0.8,0.75,0.75,0.75,0.625,0.625
smc_087,103.9,103.0,0.9914,correct,0.9917,0.9836,0.9836,0.9917,0.9836,0.9836,0.9917,0.9836,0.9836,0.9917,0.9836,0.9836,0.9917,0.9836,0.9836,0.9917,0.9836,0.9836,0.8088,0.5789,0.5789,0.8926,0.9836,0.9836,0.8926,0.9836,0.9836,0.8926,0.9836,0.9836,0.8926,0.9836,0.9836,0.8926,0.9836,0.9836,0.9917,0.9836,0.9836
smc_088,60.36,62.0,1.0271,correct,0.5352,0.7027,0.7027,0.5352,0.7027,0.7027,0.5352,0.7027,0.7027,0.5352,0.7027,0.7027,0.5352,0.7027,0.7027,0.5352,0.7027,0.7027,0.5205,0.5641,0.5641,0.411,0.5641,0.5641,0.4615,0.6471,0.6471,0.4412,0.7941,0.7941,0.411,0.5641,0.5641,0.4118,0.7941,0.7941,0.6486,0.625,0.625
smc_089,84.63,84.0,0.9925,correct,0.7083,0.88,0.88,0.7083,0.88,0.88,0.7083,0.88,0.88,0.7083,0.88,0.88,0.7083,0.88,0.88,0.7083,0.88,0.88,0.6047,0.4,0.4,0.76,0.96,0.96,0.76,0.96,0.96,0.76,0.96,0.96,0.76,0.96,0.96,0.76,0.96,0.96,0.8081,0.96,0.96
smc_092,128.85,65.0,0.5045,half,0.8859,0.8933,0.8933,0.8859,0.8933,0.8933,0.5893,0.0,0.5,0.8859,0.8933,0.8933,0.8859,0.8933,0.8933,0.8859,0.8933,0.8933,0.748,0.2973,0.5306,0.9396,0.92,0.92,0.9396,0.92,0.92,0.5946,0.0,0.9189,0.9396,0.92,0.92,0.9396,0.92,0.92,0.9262,0.8933,0.8933
smc_093,131.29,120.0,0.914,correct,0.4348,0.0,0.4872,0.4348,0.0,0.4872,0.5479,0.5132,0.5132,0.4348,0.0,0.4872,0.4348,0.0,0.4872,0.5479,0.5132,0.5132,0.7832,0.6316,0.6316,0.9139,0.8816,0.8816,0.9139,0.8816,0.8816,0.9139,0.8816,0.8816,0.9139,0.8816,0.8816,0.9139,0.8816,0.8816,0.5841,0.0,0.4737
smc_095,80.86,53.0,0.6554,other,0.5098,0.3636,0.3636,0.4634,0.2766,0.2766,0.3077,0.0,0.0,0.4634,0.2766,0.2766,0.4634,0.2766,0.2766,0.7826,0.8936,0.8936,0.8387,0.8723,0.8723,0.8298,1.0,1.0,0.8298,1.0,1.0,0.3784,0.0,0.5556,0.8298,1.0,1.0,0.8298,1.0,1.0,0.9362,1.0,1.0
smc_096,107.14,104.0,0.9707,correct,0.9677,0.9839,0.9839,0.9677,0.9839,0.9839,0.9677,0.9839,0.9839,0.9677,0.9839,0.9839,0.9677,0.9839,0.9839,0.9677,0.9839,0.9839,0.9839,1.0,1.0,0.9839,1.0,1.0,0.9839,1.0,1.0,0.9839,1.0,1.0,0.9839,1.0,1.0,0.9839,1.0,1.0,0.9839,1.0,1.0
smc_098,101.69,102.0,1.003,correct,0.7706,0.75,0.75,0.7706,0.75,0.75,0.7706,0.75,0.75,0.7706,0.75,0.75,0.7706,0.75,0.75,0.7706,0.75,0.75,0.7015,0.2235,0.4639,0.5576,0.0,0.6207,0.4286,0.0,0.2286,0.4815,0.4746,0.4746,0.4471,0.0,0.2222,0.4815,0.4746,0.4746,0.7273,0.6885,0.6885
smc_099,56.55,113.0,1.9982,double,0.3838,0.0,0.6515,0.3838,0.0,0.6515,0.3838,0.0,0.6515,0.3838,0.0,0.6515,0.3838,0.0,0.6515,0.5758,0.8788,0.8788,0.5455,0.9091,0.9091,0.4848,0.9394,0.9394,0.5758,0.9394,0.9394,0.3434,0.0,0.6515,0.5758,0.9394,0.9394,0.5758,0.9394,0.9394,0.4,0.0,0.7164
smc_100,63.83,65.0,1.0183,correct,0.5128,0.5366,0.5366,0.5128,0.5366,0.5366,0.5753,0.7027,0.7027,0.5128,0.5366,0.5366,0.5128,0.5366,0.5366,0.5753,0.7027,0.7027,0.4646,0.1935,0.274,0.3717,0.0,0.6184,0.3717,0.0,0.6184,0.5135,0.5405,0.5405,0.3363,0.0,0.5658,0.5135,0.5405,0.5405,0.5128,0.439,0.439
smc_101,115.23,60.0,0.5207,half,0.7288,0.5932,0.5932,0.7288,0.5932,0.5932,0.5319,0.0678,0.4,0.7288,0.5932,0.5932,0.7288,0.5932,0.5932,0.6829,0.5781,0.5781,0.4938,0.0339,0.1,0.5321,0.3898,0.3898,0.4828,0.0169,0.3667,0.4894,0.0508,0.4,0.4828,0.0169,0.3667,0.6281,0.5484,0.5484,0.7119,0.5763,0.5763
smc_103,109.09,53.0,0.4858,half,0.5932,0.5156,0.5156,0.5932,0.5156,0.5156,0.4762,0.0741,0.3333,0.5932,0.5156,0.5156,0.5932,0.5156,0.5156,0.5932,0.5156,0.5156,0.4301,0.1852,0.1852,0.3148,0.1296,0.1296,0.3571,0.0556,0.5333,0.3571,0.0556,0.5333,0.3571,0.0556,0.5333,0.4561,0.4167,0.4167,0.5932,0.5625,0.5625
smc_104,67.49,68.0,1.0075,correct,0.3846,0.4615,0.4615,0.3846,0.4615,0.4615,0.3846,0.4615,0.4615,0.3846,0.4615,0.4615,0.3846,0.4615,0.4615,0.3846,0.4615,0.4615,0.6355,0.0588,0.7273,0.6207,0.0,0.9481,0.6207,0.0,0.9481,0.2895,0.2821,0.5263,0.5763,0.0,1.0,0.3158,0.2821,0.5263,0.3544,0.45,0.45
smc_105,129.31,68.0,0.5259,half,0.1622,0.0,0.2895,0.1622,0.0,0.2895,0.1622,0.0,0.2895,0.1622,0.0,0.2895,0.1622,0.0,0.2895,0.2585,0.2162,0.3784,0.2569,0.0,0.2703,0.177,0.0,0.3,0.1837,0.0,0.0541,0.177,0.0,0.275,0.2056,0.0,0.2162,0.25,0.1096,0.1096,0.2321,0.0,0.3333
smc_106,62.18,62.0,0.9972,correct,0.5833,0.8611,0.8611,0.5833,0.8611,0.8611,0.5833,0.8611,0.8611,0.5833,0.8611,0.8611,0.5833,0.8611,0.8611,0.5833,0.8611,0.8611,0.3551,0.0,0.5352,0.3704,0.0,0.5694,0.3704,0.0,0.5694,0.5556,0.8333,0.8333,0.3704,0.0,0.5694,0.5556,0.8333,0.8333,0.5833,0.8889,0.8889
smc_109,65.5,63.0,0.9618,correct,0.6076,0.6341,0.6341,0.6076,0.6341,0.6341,0.6842,0.8421,0.8421,0.6076,0.6341,0.6341,0.6842,0.8421,0.8421,0.6842,0.8421,0.8421,0.4068,0.05,0.1375,0.4259,0.0,0.5067,0.4259,0.0,0.5067,0.1449,0.0263,0.1622,0.4259,0.0,0.5067,0.2368,0.3947,0.3947,0.8421,0.9211,0.9211
smc_111,93.02,60.0,0.645,other,0.4651,0.2083,0.2083,0.4651,0.2083,0.2083,0.4651,0.2083,0.2083,0.4651,0.2083,0.2083,0.4651,0.2083,0.2083,0.4842,0.3333,0.3333,0.4706,0.1875,0.1875,0.3673,0.28,0.28,0.3673,0.28,0.28,0.3614,0.1667,0.1667,0.3673,0.28,0.28,0.4356,0.283,0.283,0.4731,0.3125,0.3125
smc_113,45.8,69.0,1.5065,other,0.3784,0.0,0.4151,0.7407,1.0,1.0,0.2687,0.0,0.0,0.7407,1.0,1.0,0.7407,1.0,1.0,0.7407,1.0,1.0,0.5897,0.0,0.0,0.3582,0.0,0.0,0.3881,0.0,0.0,0.3582,0.0,0.0,0.3582,0.0,0.0,0.9259,1.0,1.0,0.4304,0.0,0.7925
smc_114,61.16,60.0,0.981,correct,0.439,0.4318,0.4318,0.439,0.4318,0.4318,0.5526,0.5263,0.5263,0.439,0.4318,0.4318,0.439,0.4318,0.4318,0.5526,0.5263,0.5263,0.597,0.4474,0.4474,0.7,0.7381,0.7381,0.7,0.7381,0.7381,0.48,0.5526,0.5526,0.7,0.7381,0.7381,0.48,0.5526,0.5526,0.5941,0.1587,0.52
smc_116,68.65,99.0,1.4421,other,0.3168,0.0,0.039,0.3168,0.0,0.039,0.3168,0.0,0.039,0.3168,0.0,0.039,0.3168,0.0,0.039,0.0988,0.3095,0.3095,0.2674,0.0075,0.0075,0.2951,0.0,0.4096,0.2951,0.0,0.4096,0.2391,0.0755,0.1132,0.2951,0.0,0.4096,0.24,0.2051,0.2051,0.2667,0.2549,0.2549
smc_117,59.94,54.0,0.9009,correct,0.4638,0.5714,0.5714,0.3824,0.4571,0.4571,0.3824,0.4571,0.4571,0.3824,0.4571,0.4571,0.3824,0.4571,0.4571,0.3824,0.4571,0.4571,0.6479,0.6389,0.6389,0.2069,0.0192,0.087,0.1639,0.0571,0.0571,0.1935,0.0857,0.0857,0.2069,0.0192,0.087,0.4,0.5143,0.5143,0.2637,0.0357,0.1014
smc_118,60.01,53.0,0.8832,correct,0.3415,0.1633,0.1633,0.3415,0.1633,0.1633,0.303,0.303,0.303,0.3415,0.1633,0.1633,0.3415,0.1633,0.1633,0.2687,0.2647,0.3824,0.3077,0.1034,0.1692,0.1667,0.0392,0.1692,0.1667,0.0392,0.1692,0.1905,0.1212,0.1212,0.1667,0.0392,0.1692,0.2857,0.2121,0.2121,0.2892,0.08,0.1077
smc_119,56.87,80.0,1.4067,other,0.15,0.0,0.0208,0.15,0.0,0.0208,0.15,0.0,0.0208,0.15,0.0,0.0208,0.15,0.0,0.0208,0.5625,0.9688,0.9688,0.3908,0.3273,0.3273,0.1975,0.0,0.0,0.1975,0.0,0.0,0.1975,0.0,0.0,0.1975,0.0,0.0,0.5625,1.0,1.0,0.125,0.0,0.0159
smc_120,92.45,92.0,0.9951,correct,0.9907,0.9815,0.9815,0.9907,0.9815,0.9815,0.9907,0.9815,0.9815,0.9907,0.9815,0.9815,0.9907,0.9815,0.9815,0.9907,0.9815,0.9815,0.972,0.9815,0.9815,0.972,0.9815,0.9815,0.972,0.9815,0.9815,0.972,0.9815,0.9815,0.972,0.9815,0.9815,0.972,0.9815,0.9815,0.9907,0.9815,0.9815
smc_121,34.12,34.0,0.9965,correct,0.25,0.0,0.5385,0.5641,0.95,0.95,0.5641,0.95,0.95,0.5641,0.95,0.95,0.5641,0.95,0.95,0.5641,0.95,0.95,0.32,0.3333,0.3846,0.3607,0.0,0.8049,0.3607,0.0,0.8049,0.3,0.55,0.55,0.3607,0.0,0.8049,0.3,0.55,0.55,0.3226,0.0,0.7143
smc_124,65.79,35.0,0.532,half,0.5867,0.9474,0.9474,0.5867,0.9474,0.9474,0.3571,0.0,0.9474,0.5867,0.9474,0.9474,0.5867,0.9474,0.9474,0.5867,0.9474,0.9474,0.4935,0.9231,0.9231,0.4737,0.9474,0.9474,0.4737,0.9474,0.9474,0.2807,0.0,1.0,0.4737,0.9474,0.9474,0.4737,0.9474,0.9474,0.4737,0.8684,0.8684
smc_126,64.86,64.0,0.9867,correct,0.6053,0.9211,0.9211,0.6053,0.9211,0.9211,0.6053,0.9211,0.9211,0.6053,0.9211,0.9211,0.6053,0.9211,0.9211,0.6053,0.9211,0.9211,0.9474,0.9737,0.9737,0.9474,0.9737,0.9737,0.9474,0.9737,0.9737,0.9474,0.9737,0.9737,0.9474,0.9737,0.9737,0.9474,0.9737,0.9737,0.9211,0.9737,0.9737
smc_127,59.65,39.0,0.6539,other,0.4416,0.1957,0.1967,0.4416,0.1957,0.1967,0.5385,0.2903,0.2903,0.3562,0.0238,0.1967,0.4416,0.1957,0.1967,0.4615,0.0882,0.2059,0.4923,0.1471,0.2295,0.4225,0.05,0.1803,0.4225,0.05,0.1803,0.2222,0.0968,0.1,0.4225,0.05,0.1803,0.4286,0.0513,0.1475,0.2917,0.1385,0.1385
smc_130,45.02,67.0,1.4881,other,0.381,0.1842,0.1842,0.4262,0.1389,0.1389,0.4262,0.1389,0.1389,0.4262,0.1389,0.1389,0.4262,0.1389,0.1389,0.4,0.2,0.2,0.4225,0.1522,0.1522,0.3692,0.175,0.175,0.2222,0.0,0.125,0.3692,0.175,0.175,0.3333,0.1429,0.1429,0.1667,0.0,0.25,0.375,0.0769,0.2041
smc_133,66.37,66.0,0.9944,correct,0.7105,1.0,1.0,0.7105,1.0,1.0,0.7105,1.0,1.0,0.7105,1.0,1.0,0.7105,1.0,1.0,0.7105,1.0,1.0,0.7895,0.9737,0.9737,0.8158,0.9737,0.9737,0.8158,0.9737,0.9737,0.8158,0.9737,0.9737,0.8158,0.9737,0.9737,0.8158,0.9737,0.9737,0.7105,0.9737,0.9737
smc_135,76.19,74.0,0.9713,correct,0.6957,0.7609,0.7609,0.6588,0.4348,0.4348,0.6957,0.7609,0.7609,0.6588,0.4348,0.4348,0.6957,0.7609,0.7609,0.6957,0.7609,0.7609,0.8409,0.6739,0.6739,0.7209,0.6304,0.6304,0.6234,0.2174,0.2258,0.7209,0.6304,0.6304,0.6234,0.2391,0.2391,0.7356,0.6739,0.6739,0.7917,0.72,0.72
smc_137,125.39,78.0,0.622,other,0.4463,0.0,0.2391,0.5234,0.0,0.2895,0.4463,0.0,0.2391,0.5234,0.0,0.2895,0.5234,0.0,0.2895,0.6395,0.64,0.64,0.8364,0.6667,0.6667,0.9032,0.8625,0.8625,0.9032,0.8625,0.8625,0.5085,0.0,0.6047,0.8551,0.6267,0.6267,0.7619,0.6667,0.6667,0.4553,0.0,0.2292
smc_139,41.1,40.0,0.9733,correct,0.119,0.0,0.1475,0.119,0.0,0.1475,0.4348,0.9565,0.9565,0.119,0.0,0.1475,0.119,0.0,0.1475,0.4348,0.9565,0.9565,0.507,0.0417,0.8125,0.4638,0.0,0.8478,0.4638,0.0,0.8478,0.7391,1.0,1.0,0.4638,0.0,0.8478,0.7391,1.0,1.0,0.4571,0.0,0.8723
smc_140,98.85,84.0,0.8498,other,0.6727,0.55,0.55,0.6727,0.55,0.55,0.6727,0.55,0.55,0.6727,0.55,0.55,0.6727,0.55,0.55,0.6126,0.4833,0.4833,0.6491,0.55,0.55,0.3366,0.05,0.2439,0.3168,0.05,0.2439,0.4,0.2,0.2222,0.3366,0.05,0.2439,0.4615,0.2,0.2,0.6306,0.5167,0.5167
smc_142,80.09,78.0,0.9739,correct,0.7,0.7209,0.7209,0.7,0.7209,0.7209,0.7,0.7209,0.7209,0.7,0.7209,0.7209,0.7,0.7209,0.7209,0.7,0.7209,0.7209,0.6133,0.4884,0.4884,0.5176,0.6279,0.6279,0.506,0.6512,0.6512,0.5747,0.6818,0.6818,0.506,0.6512,0.6512,0.5747,0.6818,0.6818,0.7111,0.8085,0.8085
smc_143,87.08,89.0,1.022,correct,0.6019,0.7885,0.7885,0.6019,0.7885,0.7885,0.6019,0.7885,0.7885,0.6019,0.7885,0.7885,0.6019,0.7885,0.7885,0.6019,0.7885,0.7885,0.5385,0.8462,0.8462,0.5437,0.8846,0.8846,0.5437,0.8846,0.8846,0.5437,0.8846,0.8846,0.5437,0.8846,0.8846,0.5437,0.8846,0.8846,0.5825,0.75,0.75
smc_146,58.54,55.0,0.9396,correct,0.4179,0.5882,0.5882,0.4242,0.6667,0.6667,0.4242,0.6667,0.6667,0.4242,0.6667,0.6667,0.4242,0.6667,0.6667,0.4242,0.6667,0.6667,0.6769,0.8485,0.8485,0.5882,0.7143,0.7143,0.597,0.7647,0.7647,0.5373,0.7353,0.7353,0.5373,0.7353,0.7353,0.5373,0.7353,0.7353,0.5373,0.7059,0.7059
smc_147,99.32,97.0,0.9766,correct,0.3542,0.0,0.0,0.3542,0.0,0.0,0.7652,0.8793,0.8793,0.3542,0.0,0.0,0.3542,0.0,0.0,0.7652,0.8793,0.8793,0.705,0.3827,0.3827,0.8621,0.9655,0.9655,0.8621,0.9655,0.9655,0.8621,0.9655,0.9655,0.8621,0.9655,0.9655,0.8621,0.9655,0.9655,0.3542,0.0,0.0
smc_148,70.92,71.0,1.0011,correct,0.3441,0.24,0.24,0.3441,0.24,0.24,0.2927,0.3721,0.3721,0.3441,0.24,0.24,0.3441,0.24,0.24,0.2927,0.3721,0.3721,0.1404,0.0,0.119,0.1687,0.3721,0.3721,0.1687,0.3488,0.3488,0.1687,0.3721,0.3721,0.1687,0.3721,0.3721,0.1687,0.3721,0.3721,0.3656,0.18,0.18
smc_149,73.18,80.0,1.0933,correct,0.4494,0.413,0.413,0.4494,0.413,0.413,0.4494,0.413,0.413,0.4494,0.413,0.413,0.4494,0.413,0.413,0.4494,0.413,0.413,0.4161,0.0,0.3396,0.2817,0.0,0.2525,0.2817,0.0,0.2525,0.3913,0.3061,0.3061,0.2817,0.0,0.2424,0.3913,0.3061,0.3061,0.4444,0.4468,0.4468
smc_150,113.85,112.0,0.9837,correct,0.9231,0.9394,0.9394,0.9231,0.9394,0.9394,0.9231,0.9394,0.9394,0.9231,0.9394,0.9394,0.9231,0.9394,0.9394,0.9231,0.9394,0.9394,0.9697,0.9118,0.9118,0.9771,0.9403,0.9403,0.9771,0.9403,0.9403,0.9771,0.9403,0.9403,0.9771,0.9403,0.9403,0.9771,0.9403,0.9403,0.9846,0.9394,0.9394
smc_151,138.89,69.0,0.4968,half,0.4706,0.0,0.6905,0.4706,0.0,0.6905,0.4706,0.0,0.6905,0.4706,0.0,0.6905,0.4706,0.0,0.6905,0.7,0.5783,0.5783,0.6984,0.3117,0.3117,0.5217,0.0,0.6316,0.5739,0.0,0.8158,0.5217,0.0,0.6316,0.5217,0.0,0.6316,0.7898,0.7875,0.7875,0.7821,0.7342,0.7342
smc_152,84.03,68.0,0.8092,other,0.5979,0.449,0.449,0.5979,0.449,0.449,0.5,0.2708,0.2708,0.5979,0.449,0.449,0.5979,0.449,0.449,0.6939,0.54,0.54,0.5,0.0,0.0,0.3614,0.1042,0.1042,0.3544,0.0208,0.0645,0.3659,0.0833,0.0833,0.3797,0.0208,0.0323,0.617,0.6667,0.6667,0.5155,0.3265,0.3265
smc_153,96.22,93.0,0.9666,correct,0.6545,0.6727,0.6727,0.6545,0.6727,0.6727,0.6545,0.6727,0.6727,0.6545,0.6727,0.6727,0.6545,0.6727,0.6727,0.6545,0.6727,0.6727,0.313,0.1667,0.5,0.0,0.0,0.9643,0.0,0.0,0.9643,0.0,0.0,0.9643,0.0,0.0,0.9643,0.0,0.0,0.9643,0.8929,0.9649,0.9649
smc_154,56.18,53.0,0.9434,correct,0.5429,0.5,0.5,0.4561,0.375,0.375,0.625,0.9375,0.9375,0.4561,0.375,0.375,0.4561,0.375,0.375,0.625,0.9375,0.9375,0.4444,0.1562,0.1562,0.5143,0.4474,0.4474,0.5075,0.6,0.6,0.5,0.6562,0.6562,0.5672,0.6,0.6,0.5,0.6562,0.6562,0.4848,0.6471,0.6471
smc_157,78.64,76.0,0.9665,correct,0.7045,0.9545,0.9545,0.7045,0.9545,0.9545,0.7045,0.9545,0.9545,0.7045,0.9545,0.9545,0.7045,0.9545,0.9545,0.7045,0.9545,0.9545,0.6591,0.9091,0.9091,0.6517,0.9333,0.9333,0.6517,0.9333,0.9333,0.6517,0.9333,0.9333,0.6517,0.9333,0.9333,0.6517,0.9333,0.9333,0.3191,0.48,0.48
smc_158,42.36,60.0,1.4164,other,0.2623,0.0526,0.0889,0.2623,0.0526,0.0889,0.2623,0.0526,0.0889,0.2623,0.0526,0.0889,0.2623,0.0526,0.0889,0.1333,0.1739,0.1739,0.2182,0.0312,0.0889,0.2,0.0541,0.0541,0.2182,0.0625,0.0889,0.2373,0.0833,0.0833,0.2182,0.0625,0.0667,0.2449,0.1154,0.1538,0.2154,0.0238,0.1333
smc_159,95.56,47.0,0.4918,half,0.5185,0.6481,0.6481,0.5185,0.6481,0.6481,0.3951,0.0185,0.8889,0.5185,0.6481,0.6481,0.5185,0.6481,0.6481,0.5185,0.6481,0.6481,0.4444,0.0,1.0,0.6481,0.7778,0.7778,0.6481,0.7778,0.7778,0.4444,0.0,0.8519,0.6481,0.7778,0.7778,0.6481,0.7778,0.7778,0.5505,0.6545,0.6545
smc_161,61.22,60.0,0.98,correct,0.6571,0.9714,0.9714,0.6571,0.9714,0.9714,0.6571,0.9714,0.9714,0.6571,0.9714,0.9714,0.6571,0.9714,0.9714,0.6571,0.9714,0.9714,0.6957,0.9429,0.9429,0.7429,0.9714,0.9714,0.7143,0.9714,0.9714,0.7143,0.9714,0.9714,0.7143,0.9714,0.9714,0.7143,0.9714,0.9714,0.7429,0.9714,0.9714
smc_166,80.65,80.0,0.992,correct,0.9348,1.0,1.0,0.9348,1.0,1.0,0.9348,1.0,1.0,0.9348,1.0,1.0,0.9348,1.0,1.0,0.9348,1.0,1.0,0.8478,1.0,1.0,0.8478,1.0,1.0,0.8478,1.0,1.0,0.8478,1.0,1.0,0.8478,1.0,1.0,0.8478,1.0,1.0,0.9565,1.0,1.0
smc_167,35.9,68.0,1.8941,double,0.375,0.0,0.6047,0.3529,0.4,0.4,0.3934,0.0,0.7805,0.3922,0.4,0.4,0.3529,0.4,0.4,0.381,0.7143,0.7143,0.5333,0.7083,0.7083,0.3548,0.0,0.8049,0.44,0.4138,0.4146,0.3226,0.0,0.8537,0.36,0.4138,0.4138,0.5714,1.0,1.0,0.3226,0.0,0.7561
smc_168,34.03,61.0,1.7924,double,0.3214,0.0,0.8108,0.3214,0.0,0.8108,0.3214,0.0,0.8108,0.3214,0.0,0.8108,0.3214,0.0,0.8108,0.3784,0.9474,0.9474,0.3,0.0244,0.6098,0.2105,0.0,0.5789,0.5263,0.9474,0.9474,0.2456,0.0,0.6053,0.5263,0.9474,0.9474,0.4737,0.9474,0.9474,0.3158,0.0,0.7368
smc_169,169.97,40.0,0.2353,other,0.4412,0.0,0.1667,0.4412,0.0,0.1667,0.3361,0.0,0.0,0.4412,0.0,0.1667,0.4412,0.0,0.1667,0.7551,0.6263,0.6263,0.5616,0.1649,0.1649,0.5143,0.0,0.4375,0.4154,0.0,0.1875,0.2542,0.0,0.0,0.4154,0.0,0.1875,0.77,0.6699,0.6699,0.4296,0.0,0.2041
smc_170,73.53,73.0,0.9928,correct,0.9302,1.0,1.0,0.9302,1.0,1.0,0.9302,1.0,1.0,0.9302,1.0,1.0,0.9302,1.0,1.0,0.9302,1.0,1.0,0.8372,1.0,1.0,0.907,1.0,1.0,0.907,1.0,1.0,0.907,1.0,1.0,0.907,1.0,1.0,0.907,1.0,1.0,0.8837,1.0,1.0
smc_171,52.63,104.0,1.976,double,0.5435,0.0,0.8871,0.5435,0.0,0.8871,0.5435,0.0,0.8871,0.5435,0.0,0.8871,0.5435,0.0,0.8871,0.8197,0.9677,0.9677,0.4946,0.0,0.8254,0.5055,0.0,0.9016,0.5055,0.0,0.9016,0.5055,0.0,0.9016,0.5055,0.0,0.9016,0.7667,1.0,1.0,0.5217,0.0,0.871
smc_172,76.92,76.0,0.988,correct,0.3095,0.3409,0.3409,0.3095,0.3409,0.3409,0.4651,0.5682,0.5682,0.3095,0.3409,0.3409,0.3095,0.3409,0.3409,0.4651,0.5682,0.5682,0.5,0.1806,0.1806,0.325,0.25,0.25,0.3457,0.3182,0.3182,0.3111,0.3913,0.3913,0.3704,0.3182,0.3182,0.3516,0.4255,0.4255,0.3953,0.5,0.5
smc_173,40.98,81.0,1.9764,double,0.5833,0.0,0.9583,0.5833,0.0,0.9583,0.5833,0.0,0.9583,0.5833,0.0,0.9583,0.5833,0.0,0.9583,0.875,1.0,1.0,0.5946,0.0,0.92,0.5833,0.0,0.9792,0.5833,0.0,0.9792,0.5833,0.0,0.9792,0.5833,0.0,0.9792,0.0,0.0,0.9583,0.5,0.0,0.9792
smc_174,81.69,98.0,1.1997,other,0.297,0.2545,0.2545,0.297,0.2545,0.2545,0.297,0.2545,0.2545,0.297,0.2545,0.2545,0.297,0.2545,0.2545,0.34,0.3148,0.3148,0.28,0.1852,0.1852,0.1978,0.2826,0.2826,0.2198,0.2826,0.2826,0.2245,0.2115,0.2115,0.1978,0.2826,0.2826,0.1978,0.2826,0.2826,0.3077,0.2826,0.2826
smc_175,35.64,46.0,1.2906,other,0.1739,0.0,0.3143,0.25,0.5556,0.5556,0.2105,0.2,0.2,0.25,0.5556,0.5556,0.25,0.5556,0.5556,0.25,0.5556,0.5556,0.2381,0.3333,0.3333,0.2182,0.0,0.4865,0.2182,0.0,0.4865,0.087,0.0357,0.1714,0.2182,0.0,0.4865,0.2632,0.45,0.45,0.1695,0.0,0.3659
smc_176,80.7,44.0,0.5452,half,0.2716,0.1556,0.1556,0.2105,0.0667,0.0968,0.25,0.0222,0.2593,0.2105,0.0667,0.0968,0.2105,0.0667,0.0968,0.5057,0.5111,0.5111,0.3429,0.0889,0.0889,0.3095,0.3111,0.3111,0.303,0.0,0.5909,0.2687,0.0,0.7727,0.303,0.0,0.5909,0.4889,0.6444,0.6444,0.6087,0.6596,0.6596
smc_178,36.92,37.0,1.0021,correct,0.4762,0.0,0.9524,0.7619,1.0,1.0,0.7619,1.0,1.0,0.7619,1.0,1.0,0.7619,1.0,1.0,0.7619,1.0,1.0,0.8571,1.0,1.0,0.5312,0.0,0.907,0.5312,0.0,0.907,0.7143,1.0,1.0,0.5312,0.0,0.907,0.7143,1.0,1.0,0.4762,0.0,0.9762
smc_179,41.67,83.0,1.992,double,0.4407,0.0,0.6829,0.4407,0.0,0.6829,0.3934,0.0,0.7317,0.4407,0.0,0.6829,0.4407,0.0,0.6829,0.45,0.619,0.619,0.6038,0.2188,0.4634,0.4688,0.0,0.7209,0.4615,0.0,0.7045,0.4348,0.0,0.6458,0.4688,0.0,0.7209,0.1702,0.0769,0.4231,0.4615,0.0,0.7045
smc_181,61.66,177.0,2.8704,other,0.3676,0.0,0.0,0.3676,0.0,0.0,0.3676,0.0,0.0,0.3676,0.0,0.0,0.3676,0.0,0.0,0.6176,0.8,0.8,0.3359,0.0,0.0,0.3704,0.0,0.0,0.3704,0.0,0.0,0.3768,0.0,0.0,0.3704,0.0,0.0,0.0,0.0286,0.0857,0.6571,0.7297,0.7297
smc_182,71.34,71.0,0.9952,correct,0.7952,0.8571,0.8571,0.7952,0.8571,0.8571,0.7952,0.8571,0.8571,0.7952,0.8571,0.8571,0.7952,0.8571,0.8571,0.7952,0.8571,0.8571,0.8193,0.9762,0.9762,0.7805,1.0,1.0,0.7805,1.0,1.0,0.7805,1.0,1.0,0.7805,1.0,1.0,0.7805,1.0,1.0,0.8293,1.0,1.0
smc_184,60.74,59.0,0.9713,correct,0.7536,0.9429,0.9429,0.7536,0.9429,0.9429,0.7536,0.9429,0.9429,0.7536,0.9429,0.9429,0.7536,0.9429,0.9429,0.7536,0.9429,0.9429,0.8308,0.8824,0.8824,0.8406,0.9714,0.9714,0.8406,0.9714,0.9714,0.8406,0.9714,0.9714,0.8406,0.9714,0.9714,0.8406,0.9714,0.9714,0.7429,0.8611,0.8611
smc_187,32.71,62.0,1.8955,double,0.1071,0.0,0.5405,0.1071,0.0,0.5405,0.1071,0.0,0.5405,0.1071,0.0,0.5405,0.1071,0.0,0.5405,0.2162,0.9474,0.9474,0.3396,0.3235,0.3235,0.2807,0.0,0.7632,0.6316,1.0,1.0,0.2807,0.0,0.7632,0.6316,1.0,1.0,0.6316,1.0,1.0,0.2143,0.0,0.6757
smc_188,47.85,92.0,1.9228,double,0.6747,0.0,1.0,1.0,1.0,1.0,0.6747,0.0,1.0,1.0,1.0,1.0,1.0,1.0,1.0,1.0,1.0,1.0,0.9091,0.8571,0.8571,0.6429,0.0,0.9821,0.9643,1.0,1.0,0.6429,0.0,0.9821,0.9643,1.0,1.0,0.9643,1.0,1.0,0.6667,0.0,0.9821
smc_190,55.56,81.0,1.458,other,0.2785,0.0,0.0,0.2785,0.0,0.0,0.2785,0.0,0.0,0.2785,0.0,0.0,0.2785,0.0,0.0,0.6349,0.7576,0.7576,0.4819,0.1321,0.3898,0.3696,0.0,0.6452,0.3696,0.0,0.6452,0.3158,0.0,0.0,0.3696,0.0,0.6452,0.5161,0.75,0.75,0.35,0.0,0.1695
smc_192,32.91,58.0,1.7622,double,0.1579,0.0,0.3714,0.1579,0.0,0.3714,0.1053,0.0,0.3429,0.1579,0.0,0.3714,0.1579,0.0,0.3714,0.069,0.5,0.5,0.2857,0.4444,0.4444,0.3214,0.0,0.5789,0.1053,0.0,0.0,0.0889,0.0,0.2571,0.1333,0.0,0.2286,0.125,0.2778,0.2941,0.3103,0.0,0.525
smc_193,72.43,72.0,0.994,correct,0.8235,0.907,0.907,0.8235,0.907,0.907,0.8235,0.907,0.907,0.8235,0.907,0.907,0.8235,0.907,0.907,0.8235,0.907,0.907,0.8706,0.8837,0.8837,0.8471,0.907,0.907,0.8471,0.907,0.907,0.8471,0.907,0.907,0.8471,0.907,0.907,0.8471,0.907,0.907,0.9176,0.907,0.907
smc_194,58.06,35.0,0.6029,other,0.2121,0.4,0.4,0.0769,0.0,0.4706,0.0769,0.0,0.4706,0.0769,0.0,0.4706,0.0769,0.0,0.4706,0.1562,0.2,0.2059,0.2449,0.0,0.1176,0.1266,0.0455,0.2045,0.1266,0.0455,0.2045,0.2807,0.0,0.0909,0.1266,0.0455,0.2045,0.1194,0.1429,0.2941,0.1379,0.0385,0.0385
smc_195,174.52,86.0,0.4928,half,0.3171,0.0,0.3617,0.3171,0.0,0.3617,0.3171,0.0,0.3617,0.3171,0.0,0.3617,0.4918,0.3333,0.3333,0.4918,0.3333,0.3333,0.3544,0.0,0.3864,0.3294,0.0,0.34,0.3294,0.0,0.34,0.3294,0.0,0.34,0.3294,0.0,0.34,0.4593,0.28,0.28,0.2989,0.0,0.3269
smc_197,36.72,53.0,1.4435,other,0.254,0.0,0.9048,0.381,1.0,1.0,0.1509,0.0,0.122,0.381,1.0,1.0,0.381,1.0,1.0,0.381,1.0,1.0,0.4286,1.0,1.0,0.2813,0.0,0.8605,0.4286,1.0,1.0,0.1923,0.0,0.0,0.4286,1.0,1.0,0.4286,1.0,1.0,0.2903,0.0,0.6829
smc_198,100.0,101.0,1.01,correct,0.7407,0.6897,0.6897,0.7407,0.6897,0.6897,0.7407,0.6897,0.6897,0.7407,0.6897,0.6897,0.7407,0.6897,0.6897,0.7407,0.6897,0.6897,0.7227,0.5797,0.5797,0.7119,0.6029,0.6029,0.7119,0.6029,0.6029,0.7091,0.6833,0.6833,0.7119,0.6029,0.6029,0.7091,0.6833,0.6833,0.8333,0.7069,0.7069
smc_199,76.43,68.0,0.8897,correct,0.2927,0.3333,0.3333,0.2927,0.3333,0.3333,0.3846,0.375,0.375,0.2927,0.3333,0.3333,0.2927,0.3333,0.3333,0.2927,0.3333,0.3333,0.3579,0.2364,0.2364,0.2885,0.1406,0.1406,0.274,0.3,0.3,0.2716,0.3171,0.3171,0.2885,0.1406,0.1406,0.2716,0.3171,0.3171,0.3256,0.3913,0.3913
smc_202,55.66,69.0,1.2397,other,0.169,0.1026,0.1538,0.129,0.0312,0.129,0.169,0.1026,0.1538,0.129,0.0312,0.129,0.169,0.1026,0.1538,0.1471,0.3333,0.3333,0.2188,0.25,0.25,0.1159,0.1622,0.1622,0.0968,0.1875,0.1875,0.1159,0.1622,0.1622,0.0645,0.1875,0.1875,0.125,0.3438,0.3438,0.1739,0.1081,0.2973
smc_203,68.76,65.0,0.9453,correct,0.2597,0.5385,0.5385,0.2597,0.5385,0.5385,0.2597,0.5385,0.5385,0.2597,0.5385,0.5385,0.2597,0.5385,0.5385,0.2597,0.5385,0.5385,0.25,0.0,0.013,0.2128,0.0727,0.0727,0.2128,0.0727,0.0727,0.1067,0.2564,0.2564,0.2128,0.0727,0.0727,0.1026,0.3077,0.3077,0.2222,0.4286,0.4286
smc_204,98.93,78.0,0.7885,other,0.4375,0.1852,0.1852,0.4375,0.1852,0.1852,0.4375,0.1852,0.1852,0.4375,0.1852,0.1852,0.4375,0.1852,0.1852,0.2476,0.1111,0.1698,0.3063,0.1228,0.1228,0.2316,0.0556,0.1132,0.1728,0.0185,0.2222,0.2316,0.0556,0.1132,0.1481,0.0185,0.2222,0.1284,0.0545,0.3636,0.4386,0.3,0.3
smc_205,78.74,155.0,1.9685,double,0.5481,0.0,0.7419,0.5481,0.0,0.7419,0.5481,0.0,0.7419,0.5481,0.0,0.7419,0.5481,0.0,0.7419,0.7955,0.7391,0.7391,0.8636,0.7826,0.7826,0.8409,0.8043,0.8043,0.8409,0.8043,0.8043,0.5522,0.0,0.7717,0.8409,0.8043,0.8043,0.8409,0.8043,0.8043,0.8837,0.8864,0.8864
smc_206,71.77,76.0,1.0589,correct,0.4211,0.3095,0.3095,0.4211,0.3095,0.3095,0.4103,0.2955,0.2955,0.4211,0.3095,0.3095,0.4211,0.3095,0.3095,0.4211,0.3095,0.3095,0.64,0.5122,0.5122,0.5263,0.5238,0.5238,0.5263,0.5238,0.5238,0.5,0.5,0.5,0.5263,0.5238,0.5238,0.5,0.5,0.5,0.439,0.3125,0.3125
smc_207,113.72,56.0,0.4924,half,0.5,0.0,0.7027,0.5,0.0,0.7027,0.62,0.0,1.0,0.5,0.0,0.7027,0.5,0.0,0.7027,0.8571,0.8507,0.8507,0.9552,1.0,1.0,0.9552,1.0,1.0,0.9552,1.0,1.0,0.62,0.0,1.0,0.9552,1.0,1.0,0.9552,1.0,1.0,0.5385,0.0,0.7027
smc_208,54.52,52.0,0.9538,correct,0.4468,0.0,0.7619,0.6032,0.9375,0.9375,0.6349,0.9375,0.9375,0.6032,0.9375,0.9375,0.6032,0.9375,0.9375,0.6349,0.9375,0.9375,0.8125,0.8788,0.8788,0.4946,0.0323,0.6935,0.7742,1.0,1.0,0.7742,1.0,1.0,0.7742,1.0,1.0,0.7419,1.0,1.0,0.5625,0.6667,0.6667
smc_209,72.99,76.0,1.0412,correct,0.5679,0.7805,0.7805,0.5679,0.7805,0.7805,0.5679,0.7805,0.7805,0.5679,0.7805,0.7805,0.5679,0.7805,0.7805,0.5679,0.7805,0.7805,0.642,0.8537,0.8537,0.506,0.7674,0.7674,0.5263,0.475,0.475,0.4819,0.6977,0.6977,0.5526,0.475,0.475,0.506,0.7442,0.7442,0.5783,0.7907,0.7907
smc_211,83.74,81.0,0.9673,correct,0.3789,0.6327,0.6327,0.3956,0.5714,0.5714,0.3789,0.6327,0.6327,0.3956,0.5714,0.5714,0.3956,0.5714,0.5714,0.3789,0.6327,0.6327,0.5647,0.6327,0.6327,0.5833,0.6735,0.6735,0.5833,0.6735,0.6735,0.5833,0.6735,0.6735,0.5833,0.6735,0.6735,0.5833,0.6735,0.6735,0.6735,0.7755,0.7755
smc_212,40.54,34.0,0.8387,other,0.2222,0.0,0.3958,0.1754,0.1515,0.1515,0.2326,0.0833,0.2174,0.1754,0.1515,0.1515,0.1754,0.1515,0.1515,0.12,0.3462,0.3462,0.4783,0.5,0.5,0.2254,0.0426,0.3404,0.0476,0.0417,0.087,0.0476,0.0833,0.087,0.0952,0.0833,0.087,0.4783,0.625,0.625,0.2308,0.0,0.4444
smc_213,65.42,64.0,0.9783,correct,0.5526,0.8158,0.8158,0.5526,0.8158,0.8158,0.5526,0.8158,0.8158,0.5526,0.8158,0.8158,0.5526,0.8158,0.8158,0.5526,0.8158,0.8158,0.5278,0.7105,0.7105,0.5333,0.7632,0.7632,0.5867,0.8158,0.8158,0.5867,0.7895,0.7895,0.5867,0.8158,0.8158,0.56,0.7895,0.7895,0.2338,0.4615,0.4615
smc_214,45.8,34.0,0.7423,other,0.2333,0.0556,0.2553,0.2333,0.0556,0.2553,0.1395,0.1667,0.1667,0.2333,0.0556,0.2553,0.2333,0.0556,0.2553,0.3265,0.4,0.4,0.4783,0.5417,0.5417,0.274,0.0,0.4082,0.375,0.4583,0.4583,0.2381,0.125,0.125,0.375,0.4583,0.4583,0.3673,0.44,0.44,0.3333,0.0,0.3889
smc_215,57.31,40.0,0.698,other,0.3182,0.0,0.2462,0.3182,0.0,0.2462,0.2069,0.0909,0.1562,0.3182,0.0,0.2462,0.3182,0.0,0.2462,0.4,0.3243,0.3243,0.8788,0.8788,0.8788,0.6571,0.6486,0.6486,0.8182,0.9394,0.9394,0.4151,0.0606,0.3,0.8182,0.9394,0.9394,0.7576,0.9394,0.9394,0.3714,0.3514,0.3514
smc_216,62.21,65.0,1.0449,correct,0.6944,0.9444,0.9444,0.6944,0.9444,0.9444,0.6944,0.9444,0.9444,0.6944,0.9444,0.9444,0.6944,0.9444,0.9444,0.6944,0.9444,0.9444,0.7324,0.8333,0.8333,0.6111,0.7222,0.7222,0.7429,0.7222,0.7222,0.6849,0.7297,0.7297,0.7671,0.7568,0.7568,0.6027,0.6757,0.6757,0.6111,0.8333,0.8333
smc_217,53.81,50.0,0.9292,correct,0.75,0.439,0.439,0.8387,0.9677,0.9677,0.8387,0.9677,0.9677,0.8387,0.9677,0.9677,0.8387,0.9677,0.9677,0.8387,0.9677,0.9677,0.7742,1.0,1.0,0.6154,0.6176,0.6176,0.8387,1.0,1.0,0.8387,1.0,1.0,0.8387,1.0,1.0,0.8387,1.0,1.0,0.4706,0.0,0.5246
smc_219,91.25,85.0,0.9315,correct,0.4536,0.4694,0.4694,0.4615,0.4082,0.4082,0.4444,0.44,0.44,0.4615,0.4082,0.4082,0.4615,0.4082,0.4082,0.3762,0.3846,0.3846,0.8077,0.7636,0.7636,0.4375,0.3265,0.3265,0.4167,0.0,0.28,0.4375,0.3265,0.3265,0.3514,0.0,0.32,0.5098,0.4717,0.4717,0.6275,0.6038,0.6038
smc_220,72.2,69.0,0.9556,correct,0.8095,1.0,1.0,0.8095,1.0,1.0,0.8095,1.0,1.0,0.8095,1.0,1.0,0.8095,1.0,1.0,0.8095,1.0,1.0,0.7835,0.5455,0.5455,0.9048,1.0,1.0,0.9048,1.0,1.0,0.9048,1.0,1.0,0.9048,1.0,1.0,0.9048,1.0,1.0,0.8095,1.0,1.0
smc_221,52.49,73.0,1.3907,other,0.1096,0.0233,0.0678,0.1096,0.0233,0.0678,0.1096,0.0233,0.0678,0.1096,0.0233,0.0678,0.1096,0.0233,0.0678,0.4127,0.5455,0.5455,0.4918,0.5161,0.5161,0.3059,0.0,0.4915,0.3273,0.5,0.5,0.2286,0.275,0.275,0.3729,0.5,0.5,0.339,0.5,0.5,0.2651,0.0189,0.4746
smc_222,48.64,54.0,1.1102,correct,0.2286,0.0,0.1224,0.3273,0.2333,0.2333,0.2712,0.2941,0.2941,0.3273,0.2333,0.2333,0.3273,0.2333,0.2333,0.4151,0.7143,0.7143,0.5625,0.4615,0.4615,0.3951,0.0,0.5714,0.3951,0.0,0.5714,0.5455,0.6,0.6,0.3951,0.0,0.5714,0.5185,0.6552,0.6552,0.3855,0.0,0.5172
smc_223,60.42,88.0,1.4564,other,0.5128,0.2444,0.2444,0.5128,0.2444,0.2444,0.3736,0.0,0.2,0.5128,0.2444,0.2444,0.5128,0.2444,0.2444,0.6197,0.5789,0.5789,0.6849,0.55,0.55,0.6575,0.525,0.525,0.6575,0.525,0.525,0.2857,0.2273,0.2273,0.6575,0.525,0.525,0.6087,0.6389,0.6389,0.5823,0.3696,0.3696
smc_224,63.36,64.0,1.0101,correct,0.2564,0.5122,0.5122,0.2564,0.5122,0.5122,0.2466,0.6486,0.6486,0.2564,0.5122,0.5122,0.2564,0.5122,0.5122,0.2466,0.6486,0.6486,0.35,0.5349,0.5349,0.359,0.5366,0.5366,0.2143,0.0,0.8421,0.3117,0.525,0.525,0.359,0.5366,0.5366,0.3117,0.525,0.525,0.3243,0.7027,0.7027
smc_225,44.64,69.0,1.5456,other,0.3188,0.0,0.3469,0.3188,0.0,0.3469,0.2727,0.0244,0.2041,0.3188,0.0,0.3469,0.3188,0.0,0.3469,0.4706,0.6538,0.6538,0.3962,0.0,0.0,0.3774,0.0,0.0,0.3774,0.0,0.0,0.3385,0.0,0.1633,0.3962,0.0,0.0,0.0,0.0,0.4231,0.4412,0.0,0.2857
smc_226,55.68,58.0,1.0416,correct,0.6269,0.6857,0.6857,0.7273,0.8529,0.8529,0.7273,0.8529,0.8529,0.7273,0.8529,0.8529,0.7273,0.8529,0.8529,0.7273,0.8529,0.8529,0.5075,0.6857,0.6857,0.4638,0.5676,0.5676,0.5231,0.7879,0.7879,0.4308,0.7879,0.7879,0.4615,0.7879,0.7879,0.6462,0.9697,0.9697,0.6269,0.6571,0.6571
smc_227,64.79,65.0,1.0032,correct,0.3947,0.6053,0.6053,0.3947,0.6053,0.6053,0.3947,0.6053,0.6053,0.3947,0.6053,0.6053,0.3947,0.6053,0.6053,0.3947,0.6053,0.6053,0.5634,0.6053,0.6053,0.4935,0.5897,0.5897,0.5217,0.6053,0.6053,0.5205,0.6316,0.6316,0.5217,0.6053,0.6053,0.5205,0.6316,0.6316,0.4474,0.6053,0.6053
smc_229,75.0,76.0,1.0133,correct,0.8409,0.9545,0.9545,0.8409,0.9545,0.9545,0.8409,0.9545,0.9545,0.8409,0.9545,0.9545,0.8409,0.9545,0.9545,0.8409,0.9545,0.9545,0.9318,1.0,1.0,0.9318,1.0,1.0,0.9318,1.0,1.0,0.9318,1.0,1.0,0.9318,1.0,1.0,0.9318,1.0,1.0,0.8864,0.9773,0.9773
smc_232,149.91,70.0,0.467,half,0.4906,0.125,0.2857,0.4906,0.125,0.2857,0.4554,0.125,0.2162,0.4906,0.125,0.2857,0.4906,0.125,0.2857,0.6711,0.3176,0.3176,0.7611,0.5156,0.5156,0.6418,0.5,0.5,0.6418,0.5,0.5,0.5631,0.3281,0.3281,0.5631,0.3281,0.3281,0.4681,0.1818,0.1818,0.5192,0.2969,0.2969
smc_235,64.52,117.0,1.8135,double,0.3585,0.0,0.338,0.3585,0.0,0.338,0.3585,0.0,0.338,0.3585,0.0,0.338,0.3585,0.0,0.338,0.5676,0.6053,0.6053,0.5833,0.6111,0.6111,0.5067,0.6667,0.6667,0.5067,0.641,0.641,0.3226,0.0,0.1408,0.5067,0.6667,0.6667,0.5067,0.6667,0.6667,0.6133,0.6667,0.6667
smc_236,63.59,63.0,0.9907,correct,0.5455,0.6571,0.6571,0.5455,0.6571,0.6571,0.5455,0.6571,0.6571,0.5455,0.6571,0.6571,0.5455,0.6571,0.6571,0.5455,0.6571,0.6571,0.75,0.8485,0.8485,0.6667,0.6053,0.6053,0.7463,0.6667,0.6667,0.7463,0.6667,0.6667,0.7463,0.6667,0.6667,0.7463,0.6667,0.6667,0.6866,0.6389,0.6389
smc_237,64.59,74.0,1.1458,other,0.5185,0.5581,0.5581,0.5185,0.5581,0.5581,0.5185,0.5581,0.5581,0.5185,0.5581,0.5581,0.5185,0.5581,0.5581,0.5897,0.775,0.775,0.507,0.7368,0.7368,0.481,0.6585,0.6585,0.481,0.6585,0.6585,0.4304,0.5854,0.5854,0.481,0.6585,0.6585,0.4267,0.6842,0.6842,0.4878,0.5682,0.5682
smc_239,48.23,52.0,1.0781,correct,0.2857,0.0,0.5,0.1333,0.125,0.4375,0.1667,0.0938,0.4062,0.1333,0.125,0.4375,0.1333,0.125,0.4375,0.1017,0.1935,0.4839,0.4127,0.2571,0.2571,0.186,0.0,0.3448,0.2692,0.2857,0.2857,0.339,0.4839,0.4839,0.3158,0.4138,0.4138,0.3214,0.3571,0.3571,0.2716,0.0,0.4
smc_241,75.38,76.0,1.0083,correct,0.4419,0.7209,0.7209,0.4419,0.7209,0.7209,0.4419,0.7209,0.7209,0.4419,0.7209,0.7209,0.4419,0.7209,0.7209,0.4419,0.7209,0.7209,0.3409,0.6889,0.6889,0.3023,0.7674,0.7674,0.3256,0.8372,0.8372,0.3488,0.7907,0.7907,0.3023,0.7674,0.7674,0.3488,0.7907,0.7907,0.5116,0.7674,0.7674
smc_242,78.95,78.0,0.988,correct,0.6889,0.8667,0.8667,0.6889,0.8667,0.8667,0.6889,0.8667,0.8667,0.6889,0.8667,0.8667,0.6889,0.8667,0.8667,0.6889,0.8667,0.8667,0.7033,0.8696,0.8696,0.7556,0.9333,0.9333,0.7556,0.9333,0.9333,0.7556,0.9333,0.9333,0.7556,0.9333,0.9333,0.7556,0.9333,0.9333,0.7333,0.9111,0.9111
smc_243,51.19,48.0,0.9376,correct,0.481,0.0,0.5849,0.623,0.5294,0.5294,0.7719,0.8,0.8,0.623,0.5294,0.5294,0.623,0.5294,0.5294,0.7719,0.8,0.8,0.8148,0.8519,0.8519,0.4789,0.2045,0.3774,0.6429,0.7931,0.7931,0.6429,0.7241,0.7241,0.6429,0.7931,0.7931,0.6429,0.7931,0.7931,0.4359,0.0,0.4717
smc_244,109.69,56.0,0.5105,half,0.202,0.0,0.3333,0.2268,0.0,0.4706,0.2268,0.0,0.4706,0.2268,0.0,0.4706,0.2268,0.0,0.4706,0.4516,0.4444,0.4444,0.2553,0.0,0.4688,0.3125,0.0,0.4545,0.2316,0.0,0.4688,0.2105,0.0,0.4688,0.2316,0.0,0.4688,0.2969,0.3385,0.3385,0.2041,0.0,0.4857
smc_248,97.24,56.0,0.5759,other,0.495,0.4808,0.4808,0.495,0.4808,0.4808,0.3373,0.0385,0.2258,0.495,0.4808,0.4808,0.495,0.4808,0.4808,0.4952,0.566,0.566,0.3947,0.0769,0.4231,0.6078,0.5192,0.5192,0.3704,0.0,0.4483,0.3294,0.0,0.2424,0.3704,0.0,0.4483,0.5455,0.5345,0.5345,0.5185,0.5179,0.5179
smc_249,68.7,68.0,0.9899,correct,0.7532,0.6829,0.6829,0.7532,0.6829,0.6829,0.8649,0.8947,0.8947,0.7532,0.6829,0.6829,0.7532,0.6829,0.6829,0.8649,0.8947,0.8947,0.88,0.8718,0.8718,0.88,0.8718,0.8718,0.88,0.8718,0.8718,0.88,0.8718,0.8718,0.88,0.8718,0.8718,0.88,0.8718,0.8718,0.8267,0.8718,0.8718
smc_251,116.17,119.0,1.0244,correct,0.8939,0.8971,0.8971,0.8939,0.8971,0.8971,0.8939,0.8971,0.8971,0.8939,0.8971,0.8971,0.8939,0.8971,0.8971,0.8939,0.8971,0.8971,0.9023,0.8986,0.8986,0.9008,0.9552,0.9552,0.9008,0.9552,0.9552,0.9008,0.9552,0.9552,0.9008,0.9552,0.9552,0.9008,0.9552,0.9552,0.5102,0.0,0.8235
smc_252,92.74,91.0,0.9813,correct,0.963,1.0,1.0,0.963,1.0,1.0,0.963,1.0,1.0,0.963,1.0,1.0,0.963,1.0,1.0,0.963,1.0,1.0,0.9444,1.0,1.0,0.9444,1.0,1.0,0.9444,1.0,1.0,0.9444,1.0,1.0,0.9444,1.0,1.0,0.9444,1.0,1.0,0.6173,0.0,0.7778
smc_253,65.62,96.0,1.4629,other,0.5882,0.5,0.5,0.5882,0.5,0.5,0.2917,0.0351,0.0351,0.5882,0.5,0.5,0.5882,0.5,0.5,0.7013,0.8462,0.8462,0.641,0.6923,0.6923,0.5455,0.6923,0.6923,0.5455,0.6923,0.6923,0.3299,0.0172,0.039,0.5455,0.6923,0.6923,0.5455,0.6923,0.6923,0.7692,0.8718,0.8718
smc_254,99.34,74.0,0.7449,other,0.3838,0.2281,0.2281,0.3838,0.2281,0.2281,0.3838,0.2281,0.2281,0.3838,0.2281,0.2281,0.3838,0.2281,0.2281,0.3704,0.3158,0.3158,0.1687,0.0175,0.2857,0.367,0.3509,0.3509,0.2222,0.0,0.2857,0.3689,0.2632,0.2632,0.2222,0.0,0.2857,0.367,0.3509,0.3509,0.4314,0.2281,0.2281
smc_255,63.91,65.0,1.0171,correct,0.7297,0.8108,0.8108,0.7297,0.8108,0.8108,0.7297,0.8108,0.8108,0.7297,0.8108,0.8108,0.7297,0.8108,0.8108,0.7297,0.8108,0.8108,0.7945,0.6757,0.6757,0.8649,0.8919,0.8919,0.7838,0.7568,0.7568,0.8649,0.8919,0.8919,0.7568,0.8108,0.8108,0.8649,0.8919,0.8919,0.7467,0.7632,0.7632
smc_256,67.87,108.0,1.5912,other,0.28,0.0,0.1127,0.28,0.0,0.1127,0.3137,0.0,0.1408,0.28,0.0,0.1127,0.28,0.0,0.1127,0.4286,0.3333,0.3333,0.6316,0.0,0.7143,0.5526,0.6,0.6,0.5172,0.0278,0.5455,0.3542,0.0,0.0845,0.5526,0.6,0.6,0.5526,0.6,0.6,0.4598,0.2157,0.2157
smc_257,155.24,39.0,0.2512,other,0.5263,0.1029,0.5,0.5263,0.1029,0.5,0.2857,0.0,0.0882,0.5263,0.1029,0.5,0.5263,0.1029,0.5,0.4342,0.3214,0.3214,0.6218,0.1912,0.3725,0.4754,0.1618,0.4074,0.4314,0.0147,0.4118,0.3261,0.0,0.1176,0.4314,0.0147,0.3529,0.6941,0.4118,0.4118,0.5487,0.1029,0.5333
smc_258,88.89,68.0,0.765,other,0.3434,0.3462,0.3462,0.3434,0.3462,0.3462,0.1684,0.1346,0.1346,0.3434,0.3462,0.3462,0.3434,0.3462,0.3462,0.3434,0.3462,0.3462,0.3188,0.0698,0.0698,0.3186,0.2295,0.2295,0.2,0.0,0.3214,0.2174,0.0769,0.0784,0.2,0.0,0.3214,0.3119,0.3333,0.3333,0.396,0.4423,0.4423
smc_259,80.21,78.0,0.9724,correct,0.5479,0.4468,0.4468,0.5479,0.4468,0.4468,0.5479,0.4468,0.4468,0.5479,0.4468,0.4468,0.5479,0.4468,0.4468,0.5479,0.4468,0.4468,0.5588,0.5,0.5,0.5217,0.4884,0.4884,0.5217,0.4884,0.4884,0.5217,0.4884,0.4884,0.5217,0.4884,0.4884,0.5217,0.4884,0.4884,0.5352,0.4667,0.4667
smc_260,101.33,100.0,0.9869,correct,0.5932,0.4308,0.4308,0.5932,0.4308,0.4308,0.5739,0.4516,0.4516,0.5932,0.4308,0.4308,0.5932,0.4308,0.4308,0.5739,0.4516,0.4516,0.844,0.7321,0.7321,0.6415,0.6226,0.6226,0.6415,0.6226,0.6226,0.6422,0.5536,0.5536,0.6415,0.6226,0.6226,0.6972,0.5714,0.5714,0.6316,0.4918,0.4918
smc_261,70.59,76.0,1.0767,correct,0.5195,0.4878,0.4878,0.5195,0.4878,0.4878,0.4935,0.4878,0.4878,0.5195,0.4878,0.4878,0.5195,0.4878,0.4878,0.5195,0.4878,0.4878,0.4615,0.4762,0.4762,0.4146,0.3696,0.3696,0.3784,0.3158,0.3158,0.4146,0.3696,0.3696,0.3784,0.3158,0.3158,0.425,0.4318,0.4318,0.3846,0.3571,0.3571
smc_262,112.36,56.0,0.4984,half,0.7438,0.5238,0.5238,0.7438,0.5238,0.5238,0.5918,0.0159,0.4857,0.7438,0.5238,0.5238,0.7438,0.5238,0.5238,0.7538,0.6866,0.6866,0.6804,0.3651,0.3651,0.6195,0.3651,0.3651,0.4,0.0,0.0323,0.5684,0.0,0.9062,0.4,0.0,0.0323,0.7031,0.6615,0.6615,0.4646,0.0476,0.4444
smc_263,48.43,69.0,1.4248,other,0.4651,0.0,0.807,0.6897,0.8966,0.8966,0.2029,0.1,0.1,0.6897,0.8966,0.8966,0.6897,0.8966,0.8966,0.6897,0.8966,0.8966,0.7213,0.6875,0.6875,0.5349,0.0,0.8947,0.5349,0.0,0.8947,0.3333,0.0,0.0175,0.5349,0.0,0.8947,0.7368,0.931,0.931,0.4884,0.0,0.8947
smc_264,72.8,73.0,1.0028,correct,0.4419,0.75,0.75,0.4419,0.75,0.75,0.4419,0.75,0.75,0.4419,0.75,0.75,0.4419,0.75,0.75,0.4419,0.75,0.75,0.4462,0.0,0.6705,0.4444,0.0,0.7738,0.4444,0.0,0.7738,0.5714,0.8571,0.8571,0.4444,0.0,0.7738,0.5714,0.8571,0.8571,0.5882,0.8605,0.8605
smc_265,153.06,80.0,0.5227,half,0.8402,0.7529,0.7529,0.8402,0.7529,0.7529,0.5116,0.0,0.7556,0.8402,0.7529,0.7529,0.8402,0.7529,0.7529,0.8439,0.7191,0.7191,0.8176,0.6905,0.6905,0.8757,0.8588,0.8588,0.8757,0.8588,0.8588,0.5736,0.0595,0.7778,0.8757,0.8588,0.8588,0.8256,0.7727,0.7727,0.5926,0.1667,0.5882
smc_266,47.71,92.0,1.9282,double,0.32,0.0426,0.2545,0.32,0.0426,0.2545,0.3333,0.02,0.4182,0.32,0.0426,0.2545,0.32,0.0426,0.2545,0.3448,0.4333,0.4333,0.6349,0.5143,0.5143,0.3636,0.0408,0.4545,0.5,0.5714,0.5714,0.35,0.0192,0.4909,0.5,0.6071,0.6071,0.386,0.5172,0.5172,0.3038,0.0,0.4364
smc_269,54.45,53.0,0.9734,correct,0.5319,0.0,0.7937,0.871,0.9355,0.9355,0.871,0.9355,0.9355,0.871,0.9355,0.9355,0.871,0.9355,0.9355,0.871,0.9355,0.9355,0.8571,0.8438,0.8438,0.7463,0.6667,0.6667,0.8333,0.871,0.871,0.8197,0.871,0.871,0.8197,0.871,0.871,0.8197,0.871,0.871,0.625,0.6061,0.6061
smc_271,103.18,102.0,0.9886,correct,1.0,1.0,1.0,1.0,1.0,1.0,1.0,1.0,1.0,1.0,1.0,1.0,1.0,1.0,1.0,1.0,1.0,1.0,1.0,1.0,1.0,1.0,1.0,1.0,1.0,1.0,1.0,1.0,1.0,1.0,1.0,1.0,1.0,1.0,1.0,1.0,1.0,1.0,1.0
smc_272,206.9,102.0,0.493,half,0.6444,0.0,0.5333,0.6444,0.0,0.5333,0.6444,0.0,0.5333,0.6444,0.0,0.5333,0.6444,0.0,0.5333,0.7984,0.626,0.626,0.6409,0.0,0.5246,0.6409,0.0,0.5246,0.6409,0.0,0.5246,0.6409,0.0,0.5246,0.6409,0.0,0.5246,0.9544,0.9421,0.9421,0.6409,0.0,0.5246
smc_273,95.71,94.0,0.9821,correct,1.0,1.0,1.0,1.0,1.0,1.0,1.0,1.0,1.0,1.0,1.0,1.0,1.0,1.0,1.0,1.0,1.0,1.0,1.0,1.0,1.0,1.0,1.0,1.0,1.0,1.0,1.0,1.0,1.0,1.0,1.0,1.0,1.0,1.0,1.0,1.0,1.0,1.0,1.0
smc_274,142.86,139.0,0.973,correct,0.982,0.9643,0.9643,0.982,0.9643,0.9643,0.982,0.9643,0.9643,0.982,0.9643,0.9643,0.982,0.9643,0.9643,0.982,0.9643,0.9643,0.0,0.0,0.988,0.0,0.0,0.988,0.0,0.0,0.988,0.0,0.0,0.988,0.0,0.0,0.988,0.0,0.0,0.988,0.0,0.0,0.988
smc_275,40.0,117.0,2.925,other,0.4946,0.0,0.0,0.4946,0.0,0.0,0.4946,0.0,0.0,0.4946,0.0,0.0,0.4946,0.0,0.0,0.0,0.0,0.875,0.4946,0.0,0.0,0.4731,0.0,0.0,0.4731,0.0,0.0,0.4731,0.0,0.0,0.4731,0.0,0.0,0.9565,1.0,1.0,0.4946,0.0,0.0
smc_276,188.09,92.0,0.4891,half,0.6667,0.0,1.0,0.6667,0.0,1.0,0.6667,0.0,1.0,0.6667,0.0,1.0,0.6667,0.0,1.0,0.8036,0.5614,0.5614,0.6667,0.0,1.0,0.6667,0.0,1.0,0.6667,0.0,1.0,0.6667,0.0,1.0,0.6667,0.0,1.0,0.9954,0.9909,0.9909,0.6667,0.0,1.0
smc_277,52.45,108.0,2.0592,double,0.6739,0.0,1.0,0.6739,0.0,1.0,0.6739,0.0,1.0,0.6739,0.0,1.0,0.6739,0.0,1.0,1.0,1.0,1.0,0.5636,0.0,0.4684,0.6739,0.0,1.0,0.6739,0.0,1.0,0.6739,0.0,1.0,0.6739,0.0,1.0,1.0,1.0,1.0,0.6739,0.0,1.0
smc_278,104.55,103.0,0.9852,correct,0.9917,0.9836,0.9836,0.9917,0.9836,0.9836,0.9917,0.9836,0.9836,0.9917,0.9836,0.9836,0.9917,0.9836,0.9836,0.9917,0.9836,0.9836,1.0,1.0,1.0,1.0,1.0,1.0,1.0,1.0,1.0,1.0,1.0,1.0,1.0,1.0,1.0,1.0,1.0,1.0,1.0,1.0,1.0
smc_279,104.17,103.0,0.9888,correct,1.0,1.0,1.0,1.0,1.0,1.0,1.0,1.0,1.0,1.0,1.0,1.0,1.0,1.0,1.0,1.0,1.0,1.0,1.0,1.0,1.0,1.0,1.0,1.0,1.0,1.0,1.0,1.0,1.0,1.0,1.0,1.0,1.0,1.0,1.0,1.0,1.0,1.0,1.0
smc_280,85.23,85.0,0.9973,correct,1.0,1.0,1.0,1.0,1.0,1.0,1.0,1.0,1.0,1.0,1.0,1.0,1.0,1.0,1.0,1.0,1.0,1.0,1.0,1.0,1.0,1.0,1.0,1.0,1.0,1.0,1.0,1.0,1.0,1.0,1.0,1.0,1.0,1.0,1.0,1.0,1.0,1.0,1.0
smc_281,93.6,91.0,0.9722,correct,1.0,1.0,1.0,1.0,1.0,1.0,1.0,1.0,1.0,1.0,1.0,1.0,1.0,1.0,1.0,1.0,1.0,1.0,1.0,1.0,1.0,1.0,1.0,1.0,1.0,1.0,1.0,1.0,1.0,1.0,1.0,1.0,1.0,1.0,1.0,1.0,1.0,1.0,1.0
smc_282,93.97,93.0,0.9897,correct,0.9818,0.9636,0.9636,0.9818,0.9636,0.9636,0.9818,0.9636,0.9636,0.9818,0.9636,0.9636,0.9818,0.9636,0.9636,0.9818,0.9636,0.9636,0.9818,0.9636,0.9636,0.9818,0.9636,0.9636,0.9818,0.9636,0.9636,0.9818,0.9636,0.9636,0.9818,0.9636,0.9636,0.9818,0.9636,0.9636,0.9818,0.9636,0.9636
smc_283,85.23,84.0,0.9856,correct,0.8485,0.82,0.82,0.8485,0.82,0.82,0.8485,0.82,0.82,0.8485,0.82,0.82,0.8485,0.82,0.82,0.8485,0.82,0.82,0.8696,0.5538,0.5538,1.0,1.0,1.0,1.0,1.0,1.0,1.0,1.0,1.0,1.0,1.0,1.0,1.0,1.0,1.0,0.98,1.0,1.0
smc_284,100.0,99.0,0.99,correct,1.0,0.9828,0.9828,1.0,0.9828,0.9828,1.0,0.9828,0.9828,1.0,0.9828,0.9828,1.0,0.9828,0.9828,1.0,0.9828,0.9828,1.0,1.0,1.0,1.0,1.0,1.0,1.0,1.0,1.0,1.0,1.0,1.0,1.0,1.0,1.0,1.0,1.0,1.0,0.6667,0.0,0.9828
smc_285,120.0,235.0,1.9583,double,0.0,0.0,0.9571,0.0,0.0,0.9571,0.6476,0.0,0.7571,0.0,0.0,0.9571,0.0,0.0,0.9571,0.0,0.0,0.9571,0.3537,0.1429,0.4675,0.2714,0.2571,0.6857,0.2714,0.2571,0.6857,0.6667,0.0,0.8857,0.2714,0.2571,0.6857,0.2714,0.2571,0.6857,1.0,1.0,1.0
smc_286,87.98,86.0,0.9775,correct,1.0,1.0,1.0,1.0,1.0,1.0,1.0,1.0,1.0,1.0,1.0,1.0,1.0,1.0,1.0,1.0,1.0,1.0,1.0,1.0,1.0,1.0,1.0,1.0,1.0,1.0,1.0,1.0,1.0,1.0,1.0,1.0,1.0,1.0,1.0,1.0,1.0,1.0,1.0
smc_287,101.69,101.0,0.9932,correct,1.0,1.0,1.0,1.0,1.0,1.0,1.0,1.0,1.0,1.0,1.0,1.0,1.0,1.0,1.0,1.0,1.0,1.0,1.0,0.9833,0.9833,1.0,0.9833,0.9833,1.0,0.9833,0.9833,1.0,0.9833,0.9833,1.0,0.9833,0.9833,1.0,0.9833,0.9833,1.0,1.0,1.0
smc_288,101.35,99.0,0.9768,correct,1.0,1.0,1.0,1.0,1.0,1.0,1.0,1.0,1.0,1.0,1.0,1.0,1.0,1.0,1.0,1.0,1.0,1.0,0.9915,0.9831,0.9831,1.0,1.0,1.0,1.0,1.0,1.0,1.0,1.0,1.0,1.0,1.0,1.0,1.0,1.0,1.0,1.0,1.0,1.0
smc_289,99.85,98.0,0.9815,correct,1.0,1.0,1.0,1.0,1.0,1.0,1.0,1.0,1.0,1.0,1.0,1.0,1.0,1.0,1.0,1.0,1.0,1.0,1.0,1.0,1.0,1.0,1.0,1.0,1.0,1.0,1.0,1.0,1.0,1.0,1.0,1.0,1.0,1.0,1.0,1.0,1.0,1.0,1.0
