track_id,fold,annotator,confidence,is_easy,n_descriptors,descriptors,F-measure,Cemgil,Cemgil_BML,Goto,P-score,Info_gain,CMLc,CMLt,AMLc,AMLt,dbn_F-measure,dbn_Cemgil,dbn_Cemgil_BML,dbn_Goto,dbn_P-score,dbn_Info_gain,dbn_CMLc,dbn_CMLt,dbn_AMLc,dbn_AMLt,n_frames,n_beats_dbn,best_bar,dbn_log_prob,dbn_norm_log_prob,dbn_log_prob_3_4,dbn_log_prob_4_4,"tag:""cd skips""",tag:acapella,tag:ambiguity of metrical level,tag:beat phase ambiguity,tag:changing time signature,tag:excerpt is the introduction of a song,tag:excerpt is the introduction of the song,tag:expressive timing,tag:gradual tempo change,tag:high syncopation,tag:lack of harmonic change,tag:lack of transient sounds,tag:low familiarity,tag:low familiarity with the song/style,tag:missing bass,tag:no repetition,tag:no repetition (melodic or rhythmic,tag:none,tag:pause,tag:pauses,tag:poor sound quality,tag:quiet accompaniment,tag:rich ornamentation in the interpretation,tag:slow tempo,tag:strong syncopation,tag:tempo discontinuity,tag:tempo incontinuity,tag:ternary,tag:ternary meter,tag:wide dynamic range
smc_001,2,a,1,False,2,slow tempo; poor sound quality,0.5946,0.4108,0.4108,0.0,0.6087,0.2672,0.3696,0.3696,0.3696,0.3696,0.4107,0.2771,0.2771,0.0,0.3333,0.2372,0.0,0.0,0.0,0.0,2001,96,3,-5486.311534723553,-2.7417848749243148,-5486.311534723553,-5822.23520899513,0,0,0,0,0,0,0,0,0,0,0,0,0,0,0,0,0,0,0,0,1,0,0,1,0,0,0,0,0,0
smc_002,4,m,3,False,8,quiet accompaniment; gradual tempo change; expressive timing; lack of transient sounds; wide dynamic range; ternary meter; ambiguity of metrical level; beat phase ambiguity,0.4575,0.3552,0.3552,0.0,0.3304,0.234,0.0,0.0,0.0,0.0,0.3368,0.2858,0.3572,0.0,0.3333,0.2751,0.0,0.0,0.0,0.0,2001,66,3,-6857.733174572693,-3.4271530107809562,-6857.733174572693,-7250.399396832307,0,0,1,1,0,0,0,1,1,0,0,1,0,0,0,0,0,0,0,0,0,1,0,0,0,0,0,0,1,1
smc_003,2,m,2,False,4,expressive timing; pauses; low familiarity; rich ornamentation in the interpretation,0.5,0.4273,0.6011,0.0,0.4186,0.1961,0.0,0.0,0.1628,0.5698,0.4333,0.3484,0.5312,0.0,0.4146,0.1624,0.0,0.0,0.3293,0.6341,2001,94,4,-5744.923662677094,-2.8710263181794575,-5852.3777206694385,-5744.923662677094,0,0,0,0,0,0,0,1,0,0,0,0,1,0,0,0,0,0,0,1,0,0,1,0,0,0,0,0,0,0
smc_004,5,m,2,False,4,slow tempo; expressive timing; pauses; low familiarity,0.5714,0.4811,0.4811,0.0,0.6061,0.3805,0.2121,0.4545,0.2121,0.4545,0.3684,0.2912,0.3489,0.0,0.4186,0.2233,0.1395,0.2326,0.1395,0.2326,2001,48,4,-5682.17171656394,-2.8396660252693353,-5683.711277092358,-5682.17171656394,0,0,0,0,0,0,0,1,0,0,0,0,1,0,0,0,0,0,0,1,0,0,0,1,0,0,0,0,0,0
smc_005,0,j,2,False,4,poor sound quality; lack of transient sounds; expressive timing; ternary meter,0.3922,0.2755,0.2755,0.0,0.8214,0.3261,0.2857,0.6429,0.2857,0.6429,0.3188,0.2144,0.3333,0.0,0.5,0.2664,0.0,0.0,0.5217,0.8261,2001,53,4,-5447.124720119265,-2.722201259429917,-5706.7689929763455,-5447.124720119265,0,0,0,0,0,0,0,1,0,0,0,1,0,0,0,0,0,0,0,0,1,0,0,0,0,0,0,0,1,0
smc_006,1,f,1,False,3,slow tempo; tempo incontinuity; expressive timing,0.8571,0.7536,0.7536,0.0,0.75,0.5068,0.25,0.5556,0.25,0.5556,0.475,0.4295,0.4295,0.0,0.5,0.241,0.0227,0.0455,0.1136,0.1972,2001,50,4,-5921.948102844827,-2.9594943042702786,-5953.296002436037,-5921.948102844827,0,0,0,0,0,0,0,1,0,0,0,0,0,0,0,0,0,0,0,0,0,0,0,1,0,0,1,0,0,0
smc_007,5,m,4,False,9,slow tempo; gradual tempo change; lack of transient sounds; missing bass; lack of harmonic change; no repetition; low familiarity; ternary meter; expressive timing,0.6,0.422,0.422,0.0,0.8,0.3328,0.8,0.8,0.8,0.8,0.4,0.2776,0.3613,0.0,0.58,0.2312,0.24,0.24,0.24,0.4746,2001,55,3,-5908.378272683911,-2.9527127799519794,-5908.378272683911,-5919.452239587833,0,0,0,0,0,0,0,1,1,0,1,1,1,0,1,1,0,0,0,0,0,0,0,1,0,0,0,0,1,0
smc_008,7,o,2,False,2,beat phase ambiguity; strong syncopation,0.5185,0.3738,0.3738,0.0,0.4557,0.2158,0.038,0.1266,0.038,0.1266,0.3939,0.281,0.3273,0.0,0.3418,0.2699,0.0,0.0,0.0,0.0,2001,61,4,-5208.992329588848,-2.603194567510669,-5727.026266967722,-5208.992329588848,0,0,0,1,0,0,0,0,0,0,0,0,0,0,0,0,0,0,0,0,0,0,0,0,1,0,0,0,0,0
smc_009,4,o,1,False,1,quiet accompaniment,0.4427,0.3008,0.3008,0.0,0.3367,0.2437,0.0,0.0,0.0,0.0,0.458,0.3052,0.3052,0.0,0.3367,0.2404,0.0,0.0,0.0,0.0,2001,112,3,-5463.061381843006,-2.730165608117444,-5463.061381843006,-6009.39162469553,0,0,0,0,0,0,0,0,0,0,0,0,0,0,0,0,0,0,0,0,0,1,0,0,0,0,0,0,0,0
smc_010,7,m,2,False,4,slow tempo; expressive timing; ternary meter; ambiguity of metrical level,0.8889,0.7014,0.7014,1.0,1.0,0.4816,0.7778,0.9778,0.7778,0.9778,0.8889,0.6974,0.6974,1.0,1.0,0.4918,1.0,1.0,1.0,1.0,2001,51,3,-5251.2677169358085,-2.6243216976190946,-5251.2677169358085,-5938.791287353085,0,0,1,0,0,0,0,1,0,0,0,0,0,0,0,0,0,0,0,0,0,0,0,1,0,0,0,0,1,0
smc_011,0,m,1,False,3,expressive timing; pauses; missing bass,0.7652,0.653,0.653,0.0,0.7344,0.2927,0.125,0.5,0.125,0.5,0.7103,0.6054,0.6054,0.0,0.6786,0.3157,0.3393,0.5893,0.3393,0.5893,2001,64,3,-5691.154965487536,-2.8441554050412474,-5691.154965487536,-5870.486403177447,0,0,0,0,0,0,0,1,0,0,0,0,0,0,1,0,0,0,0,1,0,0,0,0,0,0,0,0,0,0
smc_012,2,a,2,False,2,expressive timing; strong syncopation,0.5472,0.3989,0.3989,0.0,0.7636,0.2465,0.2727,0.5273,0.2727,0.5273,0.4902,0.3566,0.3566,0.0,0.6863,0.197,0.3137,0.6471,0.3137,0.6471,2001,58,4,-5575.424202806016,-2.786318941932042,-5891.765640194994,-5575.424202806016,0,0,0,0,0,0,0,1,0,0,0,0,0,0,0,0,0,0,0,0,0,0,0,0,1,0,0,0,0,0
smc_013,5,a,1,False,2,lack of transient sounds; missing bass,0.9464,0.732,0.732,1.0,1.0,0.4703,1.0,1.0,1.0,1.0,0.9273,0.7303,0.7303,0.0,0.9107,0.4171,0.5,0.8929,0.5,0.8929,2001,62,4,-5514.86196192189,-2.756052954483703,-5827.069138562201,-5514.86196192189,0,0,0,0,0,0,0,0,0,0,0,1,0,0,1,0,0,0,0,0,0,0,0,0,0,0,0,0,0,0
smc_014,7,a,1,False,3,gradual tempo change; expressive timing; missing bass,0.7901,0.6229,0.6229,0.0,0.7778,0.3551,0.4889,0.6222,0.4889,0.6222,0.9111,0.7178,0.7178,1.0,0.9778,0.4485,0.8889,0.9556,0.8889,0.9556,2001,51,3,-5511.035443205407,-2.754140651277065,-5511.035443205407,-5777.686305302221,0,0,0,0,0,0,0,1,1,0,0,0,0,0,1,0,0,0,0,0,0,0,0,0,0,0,0,0,0,0
smc_015,7,f,1,False,6,slow tempo; expressive timing; changing time signature; rich ornamentation in the interpretation; ternary meter; ambiguity of metrical level,0.4308,0.3638,0.4127,0.0,0.5,0.2725,0.0,0.0,0.2045,0.5227,0.2941,0.2503,0.3821,0.0,0.4255,0.2171,0.0,0.0,0.1915,0.5106,2001,53,4,-5711.6260658196115,-2.8543858399898108,-5834.95215942169,-5711.6260658196115,0,0,1,0,1,0,0,1,0,0,0,0,0,0,0,0,0,0,0,0,0,0,1,1,0,0,0,0,1,0
smc_016,4,m,2,False,3,gradual tempo change; expressive timing; low familiarity,0.7952,0.5986,0.5986,0.0,1.0,0.3826,0.7619,0.9524,0.7619,0.9524,0.8395,0.629,0.629,1.0,0.9756,0.412,0.9756,0.9756,0.9756,0.9756,2001,46,4,-5492.095535792648,-2.7446754301812333,-6048.125234168304,-5492.095535792648,0,0,0,0,0,0,0,1,1,0,0,0,1,0,0,0,0,0,0,0,0,0,0,0,0,0,0,0,0,0
smc_017,3,m,2,False,4,quiet accompaniment; lack of transient sounds; excerpt is the introduction of a song; ternary meter,0.8916,0.6866,0.6866,0.0,0.9762,0.4554,0.7619,0.9048,0.7619,0.9048,0.8571,0.6376,0.6376,1.0,1.0,0.4262,0.7857,0.9762,0.7857,0.9762,2001,48,4,-5567.377670152231,-2.782297686232999,-5742.855077075975,-5567.377670152231,0,0,0,0,0,1,0,0,0,0,0,1,0,0,0,0,0,0,0,0,0,1,0,0,0,0,0,0,1,0
smc_018,1,j,2,False,2,expressive timing; strong syncopation,0.3396,0.2221,0.3038,0.0,0.386,0.1376,0.1053,0.2105,0.1228,0.2456,0.3878,0.2712,0.2712,0.0,0.5918,0.1391,0.1224,0.4082,0.1224,0.4082,2001,56,3,-5820.106823517038,-2.9085991122024177,-5820.106823517038,-5872.059290737805,0,0,0,0,0,0,0,1,0,0,0,0,0,0,0,0,0,0,0,0,0,0,0,0,1,0,0,0,0,0
smc_019,2,a,1,False,4,slow tempo; expressive timing; lack of transient sounds; missing bass,0.8679,0.5502,0.5502,0.0,0.7667,0.4934,0.3,0.5333,0.3,0.5333,0.6,0.397,0.6347,0.0,0.4894,0.4096,0.0,0.0,0.7447,0.9362,2001,55,4,-5646.732442863992,-2.821955243810091,-5811.085256497201,-5646.732442863992,0,0,0,0,0,0,0,1,0,0,0,1,0,0,1,0,0,0,0,0,0,0,0,1,0,0,0,0,0,0
smc_021,5,m,2,False,4,quiet accompaniment; slow tempo; excerpt is the introduction of a song; tempo incontinuity,0.4673,0.3602,0.3602,0.0,0.6667,0.1391,0.5741,0.6111,0.5741,0.6111,0.5273,0.3921,0.3921,0.0,0.6842,0.1819,0.5439,0.5965,0.5439,0.5965,2001,65,4,-5716.192543586095,-2.8566679378241355,-5939.624684468042,-5716.192543586095,0,0,0,0,0,1,0,0,0,0,0,0,0,0,0,0,0,0,0,0,0,1,0,1,0,0,1,0,0,0
smc_022,0,a,2,False,2,expressive timing; low familiarity with the song/style,0.9487,0.7858,0.7858,0.0,0.925,0.6036,0.525,0.875,0.525,0.875,0.7342,0.5919,0.5919,0.0,0.8049,0.3861,0.4634,0.6585,0.4634,0.6585,2001,47,3,-5767.281348421074,-2.8821995744233253,-5767.281348421074,-5796.4996611225415,0,0,0,0,0,0,0,1,0,0,0,0,0,1,0,0,0,0,0,0,0,0,0,0,0,0,0,0,0,0
smc_023,7,a,1,False,6,slow tempo; tempo incontinuity; expressive timing; ternary meter; rich ornamentation in the interpretation; missing bass,0.6667,0.5749,0.7674,0.0,0.5128,0.5677,0.0256,0.0513,0.3415,0.8049,0.6032,0.5412,0.7828,0.0,0.4762,0.5364,0.0,0.0,0.4524,0.8571,2001,47,4,-5525.079482316949,-2.7611591615776856,-5628.470927331983,-5525.079482316949,0,0,0,0,0,0,0,1,0,0,0,0,0,0,1,0,0,0,0,0,0,0,1,1,0,0,1,0,1,0
smc_024,7,o,2,False,3,expressive timing; pauses; ternary meter,0.72,0.5811,0.5811,0.0,0.6,0.3377,0.0667,0.2267,0.22,0.42,0.6612,0.5247,0.5247,0.0,0.5333,0.2337,0.1467,0.1867,0.413,0.413,2001,54,3,-5686.535755686401,-2.8418469543660176,-5686.535755686401,-5788.044671165268,0,0,0,0,0,0,0,1,0,0,0,0,0,0,0,0,0,0,0,1,0,0,0,0,0,0,0,0,1,0
smc_026,1,m,2,False,3,slow tempo; lack of transient sounds; gradual tempo change,0.7458,0.5096,0.5096,1.0,0.9667,0.4403,0.6333,0.9333,0.6333,0.9333,0.5185,0.3733,0.4799,0.0,0.5577,0.2971,0.1538,0.1538,0.4035,0.6667,2001,57,3,-5868.50242885348,-2.9327848220157318,-5868.50242885348,-6047.697781157391,0,0,0,0,0,0,0,0,1,0,0,1,0,0,0,0,0,0,0,0,0,0,0,1,0,0,0,0,0,0
smc_027,1,m,2,False,5,slow tempo; gradual tempo change; expressive timing; rich ornamentation in the interpretation; quiet accompaniment,0.5682,0.473,0.473,0.0,0.7059,0.2477,0.2157,0.3922,0.2157,0.3922,0.7297,0.6166,0.6166,1.0,1.0,0.4138,0.8108,0.973,0.8108,0.973,2001,42,4,-5635.199405408988,-2.8161916069010435,-5941.340105535809,-5635.199405408988,0,0,0,0,0,0,0,1,1,0,0,0,0,0,0,0,0,0,0,0,0,1,1,1,0,0,0,0,0,0
smc_028,6,a,2,False,3,gradual tempo change; expressive timing; ternary meter,0.4255,0.379,0.5135,0.0,0.4194,0.2077,0.0161,0.0161,0.2812,0.7188,0.3505,0.2867,0.3652,0.0,0.371,0.1483,0.0161,0.0161,0.1429,0.5143,2001,41,3,-5710.074614842305,-2.8536105021700675,-5710.074614842305,-5750.5185806519075,0,0,0,0,0,0,0,1,1,0,0,0,0,0,0,0,0,0,0,0,0,0,0,0,0,0,0,0,1,0
smc_030,4,j,2,False,5,expressive timing; rich ornamentation in the interpretation; strong syncopation; quiet accompaniment; ternary meter,0.9407,0.7676,0.7676,0.0,0.9167,0.2558,0.4333,0.825,0.4333,0.825,0.6207,0.5168,0.7753,0.0,0.4569,0.2598,0.0,0.0,0.8621,0.9828,2001,66,3,-6225.270164984915,-3.111079542721097,-6225.270164984915,-6780.986292229289,0,0,0,0,0,0,0,1,0,0,0,0,0,0,0,0,0,0,0,0,0,1,1,0,1,0,0,0,1,0
smc_032,5,o,3,False,7,changing time signature; tempo incontinuity; pauses; lack of transient sounds; lack of harmonic change; wide dynamic range; rich ornamentation in the interpretation,0.6118,0.4819,0.4819,0.0,0.5556,0.2151,0.4074,0.5,0.4074,0.5,0.6281,0.4611,0.4611,0.0,0.6567,0.1899,0.3731,0.4179,0.3731,0.4179,2001,76,4,-5698.947102237117,-2.848049526355381,-5737.091636240266,-5698.947102237117,0,0,0,0,1,0,0,0,0,0,1,1,0,0,0,0,0,0,0,1,0,0,1,0,0,0,1,0,0,1
smc_033,3,o,2,False,6,slow tempo; gradual tempo change; tempo incontinuity; expressive timing; missing bass; ternary meter,0.7027,0.4531,0.4531,0.0,0.8103,0.2208,0.2241,0.7069,0.2241,0.7069,0.717,0.4608,0.4608,0.0,0.8679,0.2399,0.2453,0.8302,0.2453,0.8302,2001,62,3,-5668.83689605661,-2.8330019470547776,-5668.83689605661,-6053.16574057757,0,0,0,0,0,0,0,1,1,0,0,0,0,0,1,0,0,0,0,0,0,0,0,1,0,0,1,0,1,0
smc_034,5,j,1,False,2,tempo incontinuity; gradual tempo change,0.9459,0.7995,0.7995,1.0,1.0,0.5565,1.0,1.0,1.0,1.0,0.9459,0.8069,0.8069,1.0,1.0,0.5552,1.0,1.0,1.0,1.0,2001,42,4,-5258.181821688339,-2.627777022333003,-5673.788650331712,-5258.181821688339,0,0,0,0,0,0,0,0,1,0,0,0,0,0,0,0,0,0,0,0,0,0,0,0,0,0,1,0,0,0
smc_035,2,o,1,False,2,quiet accompaniment; lack of harmonic change,0.7536,0.5499,0.5499,1.0,0.9714,0.4107,0.9714,0.9714,0.9714,0.9714,0.7941,0.5737,0.5737,1.0,1.0,0.4524,1.0,1.0,1.0,1.0,2001,38,4,-5268.0187249008595,-2.6326930159424586,-5829.673838074193,-5268.0187249008595,0,0,0,0,0,0,0,0,0,0,1,0,0,0,0,0,0,0,0,0,0,1,0,0,0,0,0,0,0,0
smc_036,7,j,1,False,2,slow tempo; lack of transient sounds,0.7292,0.5492,0.6629,0.0,0.6,0.3595,0.1667,0.2,0.3944,0.6338,0.5946,0.4425,0.6696,0.0,0.48,0.279,0.0,0.0,0.84,0.84,2001,85,4,-5795.576478003677,-2.896340068967355,-5891.395087870681,-5795.576478003677,0,0,0,0,0,0,0,0,0,0,0,1,0,0,0,0,0,0,0,0,0,0,0,1,0,0,0,0,0,0
smc_037,5,m,3,False,7,quiet accompaniment; slow tempo; gradual tempo change; expressive timing; pauses; poor sound quality; rich ornamentation in the interpretation,0.5882,0.4266,0.5837,0.0,0.4706,0.3511,0.0294,0.0294,0.2941,0.7647,0.6857,0.4564,0.4564,0.0,0.75,0.3462,0.2778,0.6667,0.2778,0.6667,2001,41,4,-5822.989156105496,-2.910039558273611,-5966.421908969513,-5822.989156105496,0,0,0,0,0,0,0,1,1,0,0,0,0,0,0,0,0,0,0,1,1,1,1,1,0,0,0,0,0,0
smc_038,3,a,1,False,2,expressive timing; missing bass,0.7733,0.6642,0.6642,0.0,0.9231,0.4568,0.4359,0.8205,0.4359,0.8205,0.75,0.6228,0.6228,1.0,1.0,0.4729,1.0,1.0,1.0,1.0,2001,41,3,-5420.036764942,-2.7086640504457775,-5420.036764942,-5769.637570181823,0,0,0,0,0,0,0,1,0,0,0,0,0,0,1,0,0,0,0,0,0,0,0,0,0,0,0,0,0,0
smc_041,5,a,1,False,2,quiet accompaniment; lack of transient sounds,0.9268,0.7138,0.7138,0.0,0.9512,0.4674,0.5122,0.878,0.5122,0.878,0.9639,0.7356,0.7356,1.0,0.9762,0.4967,0.9762,0.9762,0.9762,0.9762,2001,48,4,-5401.510044129834,-2.6994053194052143,-5846.939398124315,-5401.510044129834,0,0,0,0,0,0,0,0,0,0,0,1,0,0,0,0,0,0,0,0,0,1,0,0,0,0,0,0,0,0
smc_042,0,a,1,False,5,slow tempo; expressive timing; missing bass; rich ornamentation in the interpretation; ternary meter,0.8333,0.5814,0.5814,0.0,0.8182,0.4862,0.4242,0.6061,0.4242,0.6061,0.6,0.4292,0.6858,0.0,0.5094,0.406,0.0,0.0,1.0,1.0,2001,61,4,-5429.149782958517,-2.7132182823380893,-5588.987165947663,-5429.149782958517,0,0,0,0,0,0,0,1,0,0,0,0,0,0,1,0,0,0,0,0,0,0,1,1,0,0,0,0,1,0
smc_043,5,m,3,False,4,expressive timing; pauses; rich ornamentation in the interpretation; ternary meter,0.8113,0.6691,0.6691,0.0,0.8214,0.3107,0.1786,0.6964,0.1786,0.6964,0.6538,0.5183,0.5183,0.0,0.7222,0.2645,0.1481,0.5926,0.1481,0.5926,2001,61,3,-5863.104853740112,-2.9300873831784666,-5863.104853740112,-5877.416525771789,0,0,0,0,0,0,0,1,0,0,0,0,0,0,0,0,0,0,0,1,0,0,1,0,0,0,0,0,1,0
smc_044,0,a,1,False,2,expressive timing; missing bass,0.775,0.5224,0.5224,0.0,0.8372,0.3415,0.2791,0.6279,0.2791,0.6279,0.8605,0.5645,0.5645,1.0,0.9767,0.4155,0.9767,0.9767,0.9767,0.9767,2001,49,4,-5677.153684720515,-2.8371582632286434,-5897.964085838892,-5677.153684720515,0,0,0,0,0,0,0,1,0,0,0,0,0,0,1,0,0,0,0,0,0,0,0,0,0,0,0,0,0,0
smc_046,7,a,1,False,4,expressive timing; strong syncopation; missing bass; slow tempo,0.641,0.5341,0.5341,0.0,0.925,0.3841,0.425,0.825,0.425,0.825,0.7105,0.5338,0.5338,1.0,0.9211,0.3936,0.5789,0.8947,0.5789,0.8947,2001,43,4,-5463.2751923831065,-2.7302724599615726,-5788.420229161282,-5463.2751923831065,0,0,0,0,0,0,0,1,0,0,0,0,0,0,1,0,0,0,0,0,0,0,0,1,1,0,0,0,0,0
smc_047,2,a,2,False,4,slow tempo; gradual tempo change; expressive timing; lack of transient sounds,0.5333,0.3519,0.5172,0.0,0.4706,0.3081,0.0196,0.0196,0.8077,0.8462,0.7647,0.4764,0.4764,1.0,0.9412,0.3083,0.3725,0.8431,0.3725,0.8431,2001,58,4,-5735.999053099801,-2.8665662434281867,-5893.2456737749,-5735.999053099801,0,0,0,0,0,0,0,1,1,0,0,1,0,0,0,0,0,0,0,0,0,0,0,1,0,0,0,0,0,0
smc_048,2,o,1,False,2,quiet accompaniment; slow tempo,0.5,0.3762,0.3762,0.0,0.875,0.5076,0.625,0.7083,0.625,0.7083,0.339,0.2428,0.379,0.0,0.5128,0.3532,0.0,0.0,0.5128,0.9231,2001,45,4,-5684.427214386158,-2.840793210587785,-5794.191978473191,-5684.427214386158,0,0,0,0,0,0,0,0,0,0,0,0,0,0,0,0,0,0,0,0,0,1,0,1,0,0,0,0,0,0
smc_051,2,o,2,False,5,slow tempo; gradual tempo change; tempo incontinuity; expressive timing; missing bass,0.5474,0.4286,0.4286,0.0,0.6552,0.2231,0.4483,0.4483,0.4483,0.4483,0.7297,0.5674,0.5674,1.0,1.0,0.3744,1.0,1.0,1.0,1.0,2001,42,4,-5464.698758165379,-2.73098388713912,-5763.375306283309,-5464.698758165379,0,0,0,0,0,0,0,1,1,0,0,0,0,0,1,0,0,0,0,0,0,0,0,1,0,0,1,0,0,0
smc_052,4,o,2,False,5,quiet accompaniment; slow tempo; gradual tempo change; tempo incontinuity; expressive timing,0.7103,0.4639,0.4639,0.0,0.9259,0.3629,0.3519,0.8704,0.3519,0.8704,0.7358,0.4822,0.4822,1.0,0.9434,0.3649,0.5094,0.9057,0.5094,0.9057,2001,61,4,-5454.258748445835,-2.725766490977429,-6107.2007424695885,-5454.258748445835,0,0,0,0,0,0,0,1,1,0,0,0,0,0,0,0,0,0,0,0,0,1,0,1,0,0,1,0,0,0
smc_054,0,o,1,False,2,quiet accompaniment; pauses,0.9444,0.7348,0.7348,1.0,0.9459,0.5524,0.9459,0.9459,0.9459,0.9459,0.9444,0.7348,0.7348,1.0,0.9459,0.5524,0.9459,0.9459,0.9459,0.9459,2001,42,4,-5399.264689014121,-2.698283202905608,-5808.636443127437,-5399.264689014121,0,0,0,0,0,0,0,0,0,0,0,0,0,0,0,0,0,0,0,1,0,1,0,0,0,0,0,0,0,0
smc_055,0,m,3,False,5,quiet accompaniment; slow tempo; expressive timing; missing bass; ternary meter,0.5397,0.3529,0.452,0.0,0.5128,0.2809,0.0513,0.1282,0.2083,0.4167,0.7532,0.577,0.577,0.0,0.8974,0.3826,0.8205,0.8462,0.8205,0.8462,2001,44,4,-5625.712652903165,-2.811450601151007,-5843.954480014478,-5625.712652903165,0,0,0,0,0,0,0,1,0,0,0,0,0,0,1,0,0,0,0,0,0,1,0,1,0,0,0,0,1,0
smc_056,3,a,2,False,3,expressive timing; gradual tempo change; strong syncopation,0.3226,0.2822,0.3283,0.0,0.4583,0.0726,0.0312,0.1042,0.0312,0.1453,0.2568,0.1767,0.2821,0.0,0.427,0.0642,0.0112,0.0112,0.0342,0.0342,2001,103,3,-6254.677356424699,-3.1257757903171908,-6254.677356424699,-6365.696037384317,0,0,0,0,0,0,0,1,1,0,0,0,0,0,0,0,0,0,0,0,0,0,0,0,1,0,0,0,0,0
smc_057,2,m,4,False,6,slow tempo; lack of transient sounds; missing bass; wide dynamic range; no repetition; low familiarity,0.4839,0.3342,0.3342,0.0,0.7429,0.264,0.5714,0.6571,0.5714,0.6571,0.5143,0.3867,0.3867,0.0,0.8857,0.2993,0.6286,0.8286,0.6286,0.8286,2001,40,4,-5574.566673439428,-2.785890391523952,-5657.105491026709,-5574.566673439428,0,0,0,0,0,0,0,0,0,0,0,1,1,0,1,1,0,0,0,0,0,0,0,1,0,0,0,0,0,1
smc_058,4,j,1,False,3,slow tempo; lack of transient sounds; ternary meter,0.4638,0.3003,0.3043,0.0,0.8333,0.2698,0.3611,0.75,0.3611,0.75,0.4444,0.3398,0.3398,0.0,0.8333,0.2477,0.3333,0.8056,0.3333,0.8056,2001,40,4,-5732.279675849419,-2.864707484182618,-5931.357895991913,-5732.279675849419,0,0,0,0,0,0,0,0,0,0,0,1,0,0,0,0,0,0,0,0,0,0,0,1,0,0,0,0,1,0
smc_059,3,m,2,False,2,quiet accompaniment; wide dynamic range,0.375,0.3028,0.5204,0.0,0.3434,0.153,0.0,0.0,0.0,0.0,0.032,0.0196,0.0298,0.0,0.2289,0.3096,0.0,0.0,0.0482,0.0482,2001,95,4,-12266.111758504996,-6.129990883810593,-12448.5533771823,-12266.111758504996,0,0,0,0,0,0,0,0,0,0,0,0,0,0,0,0,0,0,0,0,0,1,0,0,0,0,0,0,0,1
smc_060,3,a,1,False,3,slow tempo; lack of transient sounds; missing bass,0.6053,0.4317,0.4317,0.0,0.7805,0.2977,0.5366,0.6098,0.5366,0.6098,0.575,0.4138,0.4138,0.0,0.7317,0.2718,0.3659,0.561,0.3659,0.561,2001,45,3,-5591.571473822061,-2.7943885426397106,-5591.571473822061,-5630.256260414348,0,0,0,0,0,0,0,0,0,0,0,1,0,0,1,0,0,0,0,0,0,0,0,1,0,0,0,0,0,0
smc_061,6,a,1,False,5,slow tempo; expressive timing; lack of transient sounds; missing bass; ternary meter,0.5397,0.4332,0.5651,0.0,0.575,0.3724,0.075,0.1,0.5333,0.7333,0.4706,0.3761,0.564,0.0,0.5111,0.3291,0.0,0.0,0.7778,0.9111,2001,52,3,-5504.505268728243,-2.7508771957662383,-5504.505268728243,-5574.2754539897105,0,0,0,0,0,0,0,1,0,0,0,1,0,0,1,0,0,0,0,0,0,0,0,1,0,0,0,0,1,0
smc_063,5,m,2,False,3,slow tempo; expressive timing; lack of transient sounds,0.7,0.4997,0.4997,0.0,0.8431,0.2642,0.3922,0.7255,0.3922,0.7255,0.7961,0.6001,0.6001,0.0,0.9423,0.3339,0.5769,0.9231,0.5769,0.9231,2001,59,4,-5494.359801995847,-2.745806997499174,-5909.18371431096,-5494.359801995847,0,0,0,0,0,0,0,1,0,0,0,1,0,0,0,0,0,0,0,0,0,0,0,1,0,0,0,0,0,0
smc_064,7,o,1,False,2,poor sound quality; wide dynamic range,0.0,0.007,0.0705,0.0,0.4444,0.2937,0.0185,0.0185,0.0926,0.2222,0.0,0.0069,0.0276,0.0,0.4706,0.305,0.0,0.0,0.1569,0.2157,2001,59,4,-5473.711956859101,-2.735488234312394,-5964.906448930424,-5473.711956859101,0,0,0,0,0,0,0,0,0,0,0,0,0,0,0,0,0,0,0,0,1,0,0,0,0,0,0,0,0,1
smc_065,1,a,1,False,2,strong syncopation; missing bass,0.9767,0.7441,0.7441,1.0,1.0,0.4991,1.0,1.0,1.0,1.0,0.9767,0.7507,0.7507,1.0,1.0,0.5051,1.0,1.0,1.0,1.0,2001,49,4,-5211.469293230845,-2.6044324304002227,-5900.329874151987,-5211.469293230845,0,0,0,0,0,0,0,0,0,0,0,0,0,0,1,0,0,0,0,0,0,0,0,0,1,0,0,0,0,0
smc_066,5,m,3,False,6,slow tempo; expressive timing; lack of transient sounds; missing bass; ambiguity of metrical level; ternary meter,0.5306,0.4313,0.4313,0.0,0.7778,0.3941,0.5185,0.6667,0.5185,0.6667,0.3562,0.2209,0.3136,0.0,0.4783,0.2183,0.0217,0.0217,0.3208,0.4906,2001,54,4,-5747.165087393555,-2.872146470461547,-5778.507023198325,-5747.165087393555,0,0,1,0,0,0,0,1,0,0,0,1,0,0,1,0,0,0,0,0,0,0,0,1,0,0,0,0,1,0
smc_067,0,a,1,False,2,slow tempo; strong syncopation,0.8713,0.5799,0.5799,1.0,0.9608,0.3719,0.451,0.9412,0.451,0.9412,0.8713,0.5703,0.5703,1.0,0.9804,0.3676,0.451,0.9412,0.451,0.9412,2001,58,4,-5347.2123111453275,-2.6722700205623826,-6142.745873358379,-5347.2123111453275,0,0,0,0,0,0,0,0,0,0,0,0,0,0,0,0,0,0,0,0,0,0,0,1,1,0,0,0,0,0
smc_068,1,a,1,False,3,lack of transient sounds; missing bass; ternary meter,0.9245,0.6716,0.6716,1.0,1.0,0.406,0.6981,0.9811,0.6981,0.9811,0.9434,0.6711,0.6711,1.0,1.0,0.4089,0.6981,0.9811,0.6981,0.9811,2001,61,3,-5228.039036781039,-2.6127131618096144,-5228.039036781039,-5830.220736937442,0,0,0,0,0,0,0,0,0,0,0,1,0,0,1,0,0,0,0,0,0,0,0,0,0,0,0,0,1,0
smc_069,2,m,3,False,2,expressive timing; rich ornamentation in the interpretation,0.8041,0.6679,0.6679,0.0,0.9388,0.3804,0.4286,0.898,0.4286,0.898,0.701,0.5859,0.5859,0.0,0.8163,0.3079,0.3878,0.7347,0.3878,0.7347,2001,56,4,-5611.265656938036,-2.804230713112462,-5948.711577958212,-5611.265656938036,0,0,0,0,0,0,0,1,0,0,0,0,0,0,0,0,0,0,0,0,0,0,1,0,0,0,0,0,0,0
smc_071,6,a,1,False,3,expressive timing; missing bass; ternary meter,0.967,0.6739,0.6739,0.0,0.9783,0.4884,0.5217,0.9565,0.5217,0.9565,0.9783,0.6734,0.6734,1.0,1.0,0.4909,1.0,1.0,1.0,1.0,2001,52,3,-5293.210311819521,-2.6452825146524344,-5293.210311819521,-5969.130555169085,0,0,0,0,0,0,0,1,0,0,0,0,0,0,1,0,0,0,0,0,0,0,0,0,0,0,0,0,1,0
smc_072,4,o,2,False,3,quiet accompaniment; expressive timing; pauses,0.8861,0.731,0.731,0.0,1.0,0.4967,0.7,0.975,0.7,0.975,0.8974,0.7495,0.7495,1.0,1.0,0.5077,0.7436,0.9744,0.7436,0.9744,2001,45,4,-5308.840048601367,-2.6530934775619026,-5739.282933906276,-5308.840048601367,0,0,0,0,0,0,0,1,0,0,0,0,0,0,0,0,0,0,0,1,0,1,0,0,0,0,0,0,0,0
smc_073,3,j,2,False,4,quiet accompaniment; tempo incontinuity; gradual tempo change; lack of harmonic change,0.8889,0.6955,0.6955,0.0,0.9756,0.5042,0.878,0.9512,0.878,0.9512,0.9268,0.7236,0.7236,1.0,1.0,0.5055,1.0,1.0,1.0,1.0,2001,47,4,-5498.95330553985,-2.7481026014691903,-5710.77866211287,-5498.95330553985,0,0,0,0,0,0,0,0,1,0,1,0,0,0,0,0,0,0,0,0,0,1,0,0,0,0,1,0,0,0
smc_074,4,a,2,False,3,expressive timing; ternary meter; missing bass,0.507,0.3336,0.3336,0.0,0.3396,0.3103,0.0,0.0,0.0,0.0,0.4045,0.2831,0.2831,0.0,0.3774,0.1528,0.0189,0.0566,0.0278,0.0833,2001,41,4,-6066.552024753043,-3.0317601323103665,-6191.958637074221,-6066.552024753043,0,0,0,0,0,0,0,1,0,0,0,0,0,0,1,0,0,0,0,0,0,0,0,0,0,0,0,0,1,0
smc_075,3,a,2,False,2,quiet accompaniment; high syncopation,0.5882,0.3975,0.3975,0.0,0.6809,0.2711,0.4468,0.5957,0.4468,0.5957,0.5652,0.4174,0.4174,0.0,0.766,0.2629,0.5532,0.7234,0.5532,0.7234,2001,52,4,-5462.713914544888,-2.729991961291798,-5755.128007376201,-5462.713914544888,0,0,0,0,0,0,0,0,0,1,0,0,0,0,0,0,0,0,0,0,0,1,0,0,0,0,0,0,0,0
smc_076,5,o,2,False,2,tempo incontinuity; expressive timing,0.4646,0.3107,0.3369,0.0,0.5962,0.1604,0.0385,0.1346,0.0385,0.1346,0.3103,0.214,0.2391,0.0,0.3478,0.1067,0.0435,0.0435,0.0435,0.0435,2001,76,3,-5934.457793719014,-2.9657460238475832,-5934.457793719014,-5975.682805567088,0,0,0,0,0,0,0,1,0,0,0,0,0,0,0,0,0,0,0,0,0,0,0,0,0,0,1,0,0,0
smc_079,7,j,2,False,4,expressive timing; tempo incontinuity; gradual tempo change; ternary meter,0.6971,0.6313,0.6882,0.0,0.5741,0.2977,0.0556,0.1574,0.1791,0.5373,0.5976,0.5253,0.6706,0.0,0.4537,0.2631,0.0093,0.0093,0.3214,0.7321,2001,64,3,-5724.8327481756605,-2.860985881147257,-5724.8327481756605,-5798.09768149304,0,0,0,0,0,0,0,1,1,0,0,0,0,0,0,0,0,0,0,0,0,0,0,0,0,0,1,0,1,0
smc_080,7,o,3,False,7,changing time signature; gradual tempo change; tempo incontinuity; expressive timing; pauses; missing bass; ternary meter,0.381,0.3655,0.3655,0.0,0.4318,0.2725,0.0,0.0,0.0682,0.25,0.1235,0.1171,0.1228,0.0,0.3065,0.1663,0.0,0.0,0.0323,0.0323,2001,69,3,-5871.056737524034,-2.9340613380929708,-5871.056737524034,-5916.311811369901,0,0,0,0,1,0,0,1,1,0,0,0,0,0,1,0,0,0,0,1,0,0,0,0,0,0,1,0,1,0
smc_082,1,a,3,False,3,tempo incontinuity; ternary meter; missing bass,0.9661,0.7995,0.7995,0.0,0.9344,0.3945,0.8689,0.8852,0.8689,0.8852,0.9268,0.755,0.755,0.0,0.8636,0.3693,0.803,0.803,0.803,0.803,2001,76,4,-5802.225578329055,-2.8996629576856847,-5978.359218429891,-5802.225578329055,0,0,0,0,0,0,0,0,0,0,0,0,0,0,1,0,0,0,0,0,0,0,0,0,0,0,1,0,1,0
smc_084,2,a,2,False,5,slow tempo; lack of transient sounds; beat phase ambiguity; missing bass; changing time signature,0.0667,0.0704,0.1164,0.0,0.2,0.2135,0.08,0.08,0.08,0.08,0.1034,0.0714,0.1189,0.0,0.4242,0.1376,0.0606,0.0606,0.0606,0.0606,2001,38,4,-5747.188033153101,-2.8721579376077466,-5754.016385013307,-5747.188033153101,0,0,0,1,1,0,0,0,0,0,0,1,0,0,1,0,0,0,0,0,0,0,0,1,0,0,0,0,0,0
smc_085,2,j,2,False,3,lack of transient sounds; quiet accompaniment; ternary,0.2812,0.1664,0.1664,0.0,0.8125,0.2228,0.3125,0.6562,0.3125,0.6562,0.3125,0.1692,0.1692,0.0,0.7812,0.2754,0.375,0.6875,0.375,0.6875,2001,37,3,-5521.663348011146,-2.759451948031557,-5521.663348011146,-5744.326257827959,0,0,0,0,0,0,0,0,0,0,0,1,0,0,0,0,0,0,0,0,0,1,0,0,0,0,0,1,0,0
smc_086,2,m,2,False,7,slow tempo; gradual tempo change; tempo discontinuity; expressive timing; pauses; quiet accompaniment; rich ornamentation in the interpretation,0.875,0.6828,0.6828,0.0,0.9,0.4308,0.525,0.75,0.525,0.75,0.8,0.6421,0.6421,0.0,0.9,0.4114,0.3,0.75,0.3,0.75,2001,46,4,-5573.86397418618,-2.785539217484348,-5801.298178876406,-5573.86397418618,0,0,0,0,0,0,0,1,1,0,0,0,0,0,0,0,0,0,0,1,0,1,1,1,0,1,0,0,0,0
smc_087,4,m,2,False,3,"poor sound quality; lack of transient sounds; ""cd skips""",0.8088,0.5615,0.5615,0.0,0.7895,0.3503,0.3158,0.5789,0.3158,0.5789,0.8926,0.6245,0.6245,1.0,0.9836,0.473,0.9836,0.9836,0.9836,0.9836,2001,69,4,-5715.517886275908,-2.856330777749079,-6061.9048800337105,-5715.517886275908,1,0,0,0,0,0,0,0,0,0,0,1,0,0,0,0,0,0,0,0,1,0,0,0,0,0,0,0,0,0
smc_088,0,o,2,False,5,quiet accompaniment; slow tempo; gradual tempo change; expressive timing; ternary meter,0.5205,0.3826,0.3826,0.0,0.7179,0.2735,0.2308,0.5641,0.2308,0.5641,0.411,0.331,0.331,0.0,0.7436,0.2787,0.3846,0.5641,0.3846,0.5641,2001,45,3,-5851.059796146123,-2.9240678641409907,-5851.059796146123,-5879.883858098571,0,0,0,0,0,0,0,1,1,0,0,0,0,0,0,0,0,0,0,0,0,1,0,1,0,0,0,0,1,0
smc_089,1,o,2,False,3,quiet accompaniment; gradual tempo change; expressive timing,0.6047,0.4703,0.4703,0.0,0.7,0.2648,0.12,0.4,0.25,0.4,0.76,0.5377,0.5377,1.0,0.98,0.3313,0.96,0.96,0.96,0.96,2001,57,4,-5467.74211226253,-2.7325048037294004,-5796.012747659297,-5467.74211226253,0,0,0,0,0,0,0,1,1,0,0,0,0,0,0,0,0,0,0,0,0,1,0,0,0,0,0,0,0,0
smc_092,7,j,1,False,2,ambiguity of metrical level; wide dynamic range,0.748,0.6375,0.6865,0.0,0.6351,0.3627,0.2703,0.2973,0.4898,0.5306,0.9396,0.7836,0.7836,1.0,0.9333,0.3771,0.7067,0.92,0.7067,0.92,2001,86,4,-5694.9147919617735,-2.846034378791491,-6106.316860893723,-5694.9147919617735,0,0,1,0,0,0,0,0,0,0,0,0,0,0,0,0,0,0,0,0,0,0,0,0,0,0,0,0,0,1
smc_093,6,o,2,False,3,missing bass; rich ornamentation in the interpretation; beat phase ambiguity,0.7832,0.6468,0.6468,0.0,0.7895,0.2513,0.3026,0.6316,0.3026,0.6316,0.9139,0.7116,0.7116,0.0,0.9474,0.3043,0.3553,0.8816,0.3553,0.8816,2001,86,4,-5795.394739730676,-2.8962492452427164,-6265.847915373112,-5795.394739730676,0,0,0,1,0,0,0,0,0,0,0,0,0,0,1,0,0,0,0,0,0,0,1,0,0,0,0,0,0,0
smc_095,3,m,2,False,4,quiet accompaniment; slow tempo; lack of transient sounds; missing bass,0.8387,0.6431,0.6431,0.0,0.9362,0.4443,0.4255,0.8723,0.4255,0.8723,0.8298,0.6327,0.6327,1.0,1.0,0.4718,1.0,1.0,1.0,1.0,2001,54,3,-5284.429291352939,-2.6408941985771808,-5284.429291352939,-6031.705372722421,0,0,0,0,0,0,0,0,0,0,0,1,0,0,1,0,0,0,0,0,0,1,0,1,0,0,0,0,0,0
smc_096,2,a,1,False,3,lack of transient sounds; missing bass; ternary meter,0.9839,0.7377,0.7377,1.0,1.0,0.4075,1.0,1.0,1.0,1.0,0.9839,0.6969,0.6969,1.0,1.0,0.3941,1.0,1.0,1.0,1.0,2001,71,4,-5506.572934026838,-2.7519105117575404,-5631.698165435191,-5506.572934026838,0,0,0,0,0,0,0,0,0,0,0,1,0,0,1,0,0,0,0,0,0,0,0,0,0,0,0,0,1,0
smc_098,3,m,3,False,3,expressive timing; pauses; wide dynamic range,0.7015,0.5205,0.6076,0.0,0.5765,0.2049,0.1059,0.2235,0.2577,0.4639,0.5576,0.4186,0.656,0.0,0.4224,0.1499,0.0,0.0,0.2155,0.6207,2001,130,4,-6435.132086269113,-3.215958064102505,-6536.063500466849,-6435.132086269113,0,0,0,0,0,0,0,1,0,0,0,0,0,0,0,0,0,0,0,1,0,0,0,0,0,0,0,0,0,1
smc_099,0,o,2,False,1,expressive timing,0.5455,0.3933,0.3933,1.0,0.9697,0.3534,0.4545,0.9091,0.4545,0.9091,0.4848,0.3432,0.3432,0.0,0.9697,0.3497,0.7576,0.9394,0.7576,0.9394,2001,38,4,-5421.1081594663,-2.7091994799931536,-5588.729878464388,-5421.1081594663,0,0,0,0,0,0,0,1,0,0,0,0,0,0,0,0,0,0,0,0,0,0,0,0,0,0,0,0,0,0
smc_100,5,o,2,False,5,gradual tempo change; tempo incontinuity; expressive timing; pauses; missing bass,0.4646,0.3429,0.396,0.0,0.5806,0.1733,0.0484,0.1935,0.0548,0.274,0.3717,0.2878,0.4401,0.0,0.4474,0.1353,0.0,0.0,0.1842,0.6184,2001,85,4,-5878.617068079261,-2.9378396142325145,-5997.279098745592,-5878.617068079261,0,0,0,0,0,0,0,1,1,0,0,0,0,0,1,0,0,0,0,1,0,0,0,0,0,0,1,0,0,0
smc_101,6,a,2,False,4,gradual tempo change; expressive timing; ternary meter; missing bass,0.4938,0.3841,0.3841,0.0,0.3559,0.1964,0.0169,0.0339,0.0333,0.1,0.5321,0.4025,0.4025,0.0,0.5593,0.1488,0.1695,0.3898,0.1695,0.3898,2001,60,3,-5912.471143039851,-2.954758192423714,-5912.471143039851,-6000.483119974741,0,0,0,0,0,0,0,1,1,0,0,0,0,0,1,0,0,0,0,0,0,0,0,0,0,0,0,0,1,0
smc_103,0,a,2,False,2,expressive timing; missing bass,0.4301,0.3381,0.3381,0.0,0.4815,0.1647,0.0556,0.1852,0.0556,0.1852,0.3148,0.2555,0.2781,0.0,0.463,0.0953,0.0556,0.1296,0.0556,0.1296,2001,59,4,-5822.5429341506015,-2.9098165587959026,-5865.916849717097,-5822.5429341506015,0,0,0,0,0,0,0,1,0,0,0,0,0,0,1,0,0,0,0,0,0,0,0,0,0,0,0,0,0,0
smc_104,1,m,1,False,3,quiet accompaniment; slow tempo; poor sound quality,0.6355,0.4496,0.6016,0.0,0.5588,0.2891,0.0147,0.0588,0.2597,0.7273,0.6207,0.4382,0.6843,0.0,0.4935,0.2882,0.0,0.0,0.9481,0.9481,2001,89,3,-5929.249721473523,-2.9631432890922156,-5929.249721473523,-5947.766948698728,0,0,0,0,0,0,0,0,0,0,0,0,0,0,0,0,0,0,0,0,1,1,0,1,0,0,0,0,0,0
smc_105,4,m,4,False,2,expressive timing; low familiarity,0.2569,0.1672,0.1815,0.0,0.2055,0.096,0.0,0.0,0.0811,0.2703,0.177,0.1136,0.2286,0.0,0.1507,0.0732,0.0,0.0,0.15,0.3,2001,46,4,-5784.4162020577405,-2.8907627196690355,-5832.06593694032,-5784.4162020577405,0,0,0,0,0,0,0,1,0,0,0,0,1,0,0,0,0,0,0,0,0,0,0,0,0,0,0,0,0,0
smc_106,1,o,1,False,1,beat phase ambiguity,0.3551,0.2727,0.358,0.0,0.4789,0.2096,0.0,0.0,0.1972,0.5352,0.3704,0.2628,0.3686,0.0,0.4722,0.2132,0.0,0.0,0.4167,0.5694,2001,81,4,-5680.200808123672,-2.8386810635300708,-6410.282645112022,-5680.200808123672,0,0,0,1,0,0,0,0,0,0,0,0,0,0,0,0,0,0,0,0,0,0,0,0,0,0,0,0,0,0
smc_109,5,a,1,False,4,slow tempo; lack of transient sounds; gradual tempo change; ternary meter,0.4068,0.3076,0.3268,0.0,0.4125,0.1169,0.025,0.05,0.025,0.1375,0.4259,0.3406,0.4543,0.0,0.4429,0.1754,0.0,0.0,0.2533,0.5067,2001,81,4,-6142.824817385117,-3.06987746995758,-6202.800955664141,-6142.824817385117,0,0,0,0,0,0,0,0,1,0,0,1,0,0,0,0,0,0,0,0,0,0,0,1,0,0,0,0,1,0
smc_111,1,j,2,False,2,expressive timing; ternary,0.4706,0.3427,0.3427,0.0,0.5417,0.2075,0.0417,0.1875,0.0417,0.1875,0.3673,0.2603,0.2603,0.0,0.48,0.1375,0.08,0.28,0.08,0.28,2001,57,3,-5805.473121380305,-2.901285917731287,-5805.473121380305,-5825.063131944325,0,0,0,0,0,0,0,1,0,0,0,0,0,0,0,0,0,0,0,0,0,0,0,0,0,0,0,1,0,0
smc_113,2,a,1,False,3,lack of transient sounds; missing bass; ternary meter,0.5897,0.4257,0.4257,0.0,0.4902,0.3763,0.0,0.0,0.0,0.0,0.3582,0.2314,0.2871,0.0,0.35,0.3995,0.0,0.0,0.0,0.0,2001,45,3,-5411.520211470853,-2.704407901784534,-5411.520211470853,-6001.737497906397,0,0,0,0,0,0,0,0,0,0,0,1,0,0,1,0,0,0,0,0,0,0,0,0,0,0,0,0,1,0
smc_114,3,m,3,False,5,slow tempo; gradual tempo change; tempo discontinuity; lack of transient sounds; low familiarity,0.597,0.4979,0.4979,0.0,0.6842,0.2897,0.4474,0.4474,0.4474,0.4474,0.7,0.5942,0.5942,0.0,0.8095,0.3581,0.5,0.7381,0.5,0.7381,2001,47,4,-5519.141271168421,-2.758191539814303,-5772.106712344022,-5519.141271168421,0,0,0,0,0,0,0,0,1,0,0,1,1,0,0,0,0,0,0,0,0,0,0,1,0,1,0,0,0,0
smc_116,6,a,3,False,5,tempo incontinuity; gradual tempo change; rich ornamentation in the interpretation; pause; ternary meter,0.2674,0.1853,0.2408,0.0,0.3759,0.0584,0.0075,0.0075,0.0075,0.0075,0.2951,0.1723,0.2867,0.0,0.4217,0.0519,0.0,0.0,0.1084,0.4096,2001,95,3,-6469.744994880315,-3.233255869505405,-6469.744994880315,-6537.233848949492,0,0,0,0,0,0,0,0,1,0,0,0,0,0,0,0,0,0,1,0,0,0,1,0,0,0,1,0,1,0
smc_117,5,a,3,False,3,expressive timing; missing bass; low familiarity with the song/style,0.6479,0.5154,0.5154,0.0,0.8611,0.3607,0.2778,0.6389,0.2778,0.6389,0.2069,0.1594,0.208,0.0,0.4231,0.0805,0.0192,0.0192,0.029,0.087,2001,59,3,-5799.992397657832,-2.898546925366233,-5799.992397657832,-5811.689490647976,0,0,0,0,0,0,0,1,0,0,0,0,0,1,1,0,0,0,0,0,0,0,0,0,0,0,0,0,0,0
smc_118,1,a,3,False,3,strong syncopation; tempo incontinuity; expressive timing,0.3077,0.2047,0.2395,0.0,0.4138,0.1342,0.0345,0.1034,0.0615,0.1692,0.1667,0.1477,0.2052,0.0,0.4118,0.1151,0.0196,0.0392,0.098,0.1692,2001,56,4,-5815.078598678825,-2.906086256211307,-5880.91219027498,-5815.078598678825,0,0,0,0,0,0,0,1,0,0,0,0,0,0,0,0,0,0,0,0,0,0,0,0,1,0,1,0,0,0
smc_119,7,o,2,False,4,expressive timing; beat phase ambiguity; strong syncopation; ternary meter,0.3908,0.2798,0.2798,0.0,0.6364,0.1813,0.2364,0.3273,0.2364,0.3273,0.1975,0.1395,0.1739,0.0,0.3469,0.1616,0.0,0.0,0.0,0.0,2001,56,3,-5709.2798871137575,-2.8532133368884347,-5709.2798871137575,-5947.892233473833,0,0,0,1,0,0,0,1,0,0,0,0,0,0,0,0,0,0,0,0,0,0,0,0,1,0,0,0,1,0
smc_120,6,a,1,False,1,lack of transient sounds,0.972,0.758,0.758,1.0,0.9815,0.4487,0.9815,0.9815,0.9815,0.9815,0.972,0.7379,0.7379,1.0,0.9815,0.451,0.9815,0.9815,0.9815,0.9815,2001,62,4,-5274.11756327911,-2.635740911183963,-5556.298861036432,-5274.11756327911,0,0,0,0,0,0,0,0,0,0,0,1,0,0,0,0,0,0,0,0,0,0,0,0,0,0,0,0,0,0
smc_121,3,a,2,False,4,slow tempo; expressive timing; lack of transient sounds; missing bass,0.32,0.27,0.2992,0.0,0.6333,0.3869,0.1333,0.3333,0.1795,0.3846,0.3607,0.2063,0.3348,0.0,0.4878,0.3507,0.0,0.0,0.561,0.8049,2001,46,4,-5717.414574552633,-2.85727864795234,-5810.219957605141,-5717.414574552633,0,0,0,0,0,0,0,1,0,0,0,1,0,0,1,0,0,0,0,0,0,0,0,1,0,0,0,0,0,0
smc_124,3,o,3,False,5,quiet accompaniment; slow tempo; pauses; lack of transient sounds; lack of harmonic change,0.4935,0.3129,0.3129,0.0,0.9744,0.2911,0.6154,0.9231,0.6154,0.9231,0.4737,0.3082,0.3082,0.0,0.9737,0.3185,0.6842,0.9474,0.6842,0.9474,2001,43,4,-5439.371438103361,-2.7183265557737935,-5718.645112865396,-5439.371438103361,0,0,0,0,0,0,0,0,0,0,1,1,0,0,0,0,0,0,0,1,0,1,0,1,0,0,0,0,0,0
smc_126,4,a,1,False,2,quiet accompaniment; missing bass,0.9474,0.7284,0.7284,1.0,0.9737,0.5244,0.9737,0.9737,0.9737,0.9737,0.9474,0.7258,0.7258,1.0,1.0,0.5244,0.9737,0.9737,0.9737,0.9737,2001,43,4,-5395.944588069721,-2.696623982043839,-5531.181693955342,-5395.944588069721,0,0,0,0,0,0,0,0,0,0,0,0,0,0,1,0,0,0,0,0,0,1,0,0,0,0,0,0,0,0
smc_127,4,m,3,False,4,tempo discontinuity; expressive timing; pauses; rich ornamentation in the interpretation,0.4923,0.3344,0.3344,0.0,0.5588,0.3403,0.0588,0.1471,0.082,0.2295,0.4225,0.2993,0.2993,0.0,0.4,0.2704,0.025,0.05,0.0656,0.1803,2001,45,4,-5759.808146135613,-2.878464840647483,-5898.097335380831,-5759.808146135613,0,0,0,0,0,0,0,1,0,0,0,0,0,0,0,0,0,0,0,1,0,0,1,0,0,1,0,0,0,0
smc_130,1,a,2,False,5,slow tempo; expressive timing; missing bass; low familiarity with the song/style; ambiguity of metrical level,0.4225,0.3343,0.3343,0.0,0.4783,0.1659,0.0435,0.1522,0.0435,0.1522,0.3692,0.2925,0.2925,0.0,0.475,0.2209,0.05,0.175,0.05,0.175,2001,45,3,-5742.621814952398,-2.8698759694914533,-5742.621814952398,-5803.825044225883,0,0,1,0,0,0,0,1,0,0,0,0,0,1,1,0,0,0,0,0,0,0,0,1,0,0,0,0,0,0
smc_133,6,m,2,False,7,quiet accompaniment; slow tempo; expressive timing; poor sound quality; lack of transient sounds; excerpt is the introduction of the song; ternary meter,0.7895,0.5523,0.5523,1.0,1.0,0.4499,0.8947,0.9737,0.8947,0.9737,0.8158,0.5791,0.5791,1.0,1.0,0.4406,0.8947,0.9737,0.8947,0.9737,2001,44,4,-5588.920638357594,-2.7930637872851545,-5798.552782983288,-5588.920638357594,0,0,0,0,0,0,1,1,0,0,0,1,0,0,0,0,0,0,0,0,1,1,0,1,0,0,0,0,1,0
smc_135,0,a,3,False,5,slow tempo; changing time signature; gradual tempo change; expressive timing; pauses,0.8409,0.6478,0.6478,0.0,0.8261,0.3672,0.5,0.6739,0.5,0.6739,0.7209,0.5413,0.5413,0.0,0.7174,0.3155,0.4783,0.6304,0.4783,0.6304,2001,47,4,-5803.394141021555,-2.900246947037259,-5823.432031513994,-5803.394141021555,0,0,0,0,1,0,0,1,1,0,0,0,0,0,0,0,0,0,0,1,0,0,0,1,0,0,0,0,0,0
smc_137,3,a,2,False,6,gradual tempo change; lack of transient sounds; missing bass; wide dynamic range; excerpt is the introduction of a song; ternary meter,0.8364,0.6221,0.6221,0.0,0.8222,0.2495,0.4222,0.6667,0.4222,0.6667,0.9032,0.6794,0.6794,1.0,0.8875,0.3274,0.8625,0.8625,0.8625,0.8625,2001,89,3,-5709.700290304954,-2.853423433435759,-5709.700290304954,-6361.691304982699,0,0,0,0,0,1,0,0,1,0,0,1,0,0,1,0,0,0,0,0,0,0,0,0,0,0,0,0,1,1
smc_139,3,j,1,False,1,none,0.507,0.3777,0.5759,0.0,0.5,0.3755,0.0417,0.0417,0.5833,0.8125,0.4638,0.3467,0.5437,0.0,0.4783,0.3911,0.0,0.0,0.3913,0.8478,2001,53,4,-5524.714438956419,-2.7609767311126534,-5679.412906999396,-5524.714438956419,0,0,0,0,0,0,0,0,0,0,0,0,0,0,0,0,0,1,0,0,0,0,0,0,0,0,0,0,0,0
smc_140,3,a,2,False,5,changing time signature; tempo incontinuity; expressive timing; poor sound quality; lack of transient sounds,0.6491,0.4798,0.4798,0.0,0.8,0.2087,0.1667,0.55,0.1667,0.55,0.3366,0.2636,0.3204,0.0,0.4,0.0935,0.0333,0.05,0.2439,0.2439,2001,48,3,-5967.513315686416,-2.982265525080668,-5967.513315686416,-6097.8410677671745,0,0,0,0,1,0,0,1,0,0,0,1,0,0,0,0,0,0,0,0,1,0,0,0,0,0,1,0,0,0
smc_142,1,a,2,False,5,gradual tempo change; tempo incontinuity; expressive timing; lack of transient sounds; missing bass,0.6133,0.4172,0.4172,0.0,0.7209,0.2731,0.3953,0.4884,0.3953,0.4884,0.5176,0.336,0.336,0.0,0.7442,0.2926,0.3953,0.6279,0.3953,0.6279,2001,47,4,-5680.0409416127795,-2.838601170221279,-5842.965198373346,-5680.0409416127795,0,0,0,0,0,0,0,1,1,0,0,1,0,0,1,0,0,0,0,0,0,0,0,0,0,0,1,0,0,0
smc_143,2,o,2,False,1,quiet accompaniment,0.5385,0.4583,0.4583,0.0,0.9808,0.3877,0.5769,0.8462,0.5769,0.8462,0.5437,0.4518,0.4518,0.0,0.9808,0.3996,0.5769,0.8846,0.5769,0.8846,2001,59,4,-5436.375894474943,-2.716829532471236,-6143.128401614017,-5436.375894474943,0,0,0,0,0,0,0,0,0,0,0,0,0,0,0,0,0,0,0,0,0,1,0,0,0,0,0,0,0,0
smc_146,7,a,1,False,5,slow tempo; expressive timing; lack of transient sounds; missing bass; changing time signature,0.6769,0.5133,0.5133,0.0,0.9697,0.3818,0.7273,0.8485,0.7273,0.8485,0.5882,0.4337,0.4337,0.0,0.8857,0.3368,0.2286,0.7143,0.2286,0.7143,2001,39,3,-5797.875800953951,-2.897489155899026,-5797.875800953951,-5852.465626516801,0,0,0,0,1,0,0,1,0,0,0,1,0,0,1,0,0,0,0,0,0,0,0,1,0,0,0,0,0,0
smc_147,3,m,2,False,4,lack of transient sounds; expressive timing; missing bass; ternary meter,0.705,0.4872,0.499,0.0,0.6914,0.2881,0.0617,0.3827,0.0617,0.3827,0.8621,0.6148,0.6148,0.0,1.0,0.4105,0.7241,0.9655,0.7241,0.9655,2001,66,3,-5510.7401045539145,-2.7539930557490826,-5510.7401045539145,-5873.60640373742,0,0,0,0,0,0,0,1,0,0,0,1,0,0,1,0,0,0,0,0,0,0,0,0,0,0,0,0,1,0
smc_148,7,a,2,False,2,pauses; acapella,0.1404,0.1213,0.1629,0.0,0.1163,0.1099,0.0,0.0,0.0909,0.119,0.1687,0.1349,0.1436,0.0,0.4651,0.1326,0.2093,0.3721,0.2093,0.3721,2001,45,4,-5685.180674543439,-2.8411697523955217,-5734.165411078055,-5685.180674543439,0,1,0,0,0,0,0,0,0,0,0,0,0,0,0,0,0,0,0,1,0,0,0,0,0,0,0,0,0,0
smc_149,4,m,4,False,6,expressive timing; pauses; poor sound quality; wide dynamic range; low familiarity; rich ornamentation in the interpretation,0.4161,0.2963,0.4294,0.0,0.4434,0.0931,0.0,0.0,0.066,0.3396,0.2817,0.2244,0.3605,0.0,0.4343,0.0788,0.0,0.0,0.0707,0.2525,2001,112,4,-6134.409493020753,-3.065671910555099,-6359.408559393445,-6134.409493020753,0,0,0,0,0,0,0,1,0,0,0,0,1,0,0,0,0,0,0,1,1,0,1,0,0,0,0,0,0,1
smc_150,0,a,1,False,4,expressive timing; lack of transient sounds; missing bass; ternary meter,0.9697,0.782,0.782,0.0,0.9412,0.4085,0.5147,0.9118,0.5147,0.9118,0.9771,0.7886,0.7886,0.0,0.9552,0.4099,0.5224,0.9403,0.5224,0.9403,2001,76,4,-5524.016741257165,-2.7606280566002828,-5628.46691488846,-5524.016741257165,0,0,0,0,0,0,0,1,0,0,0,1,0,0,1,0,0,0,0,0,0,0,0,0,0,0,0,0,1,0
smc_151,7,a,3,False,3,tempo incontinuity; ternary meter; beat phase ambiguity,0.6984,0.5361,0.5361,0.0,0.5844,0.2297,0.0649,0.3117,0.0816,0.3117,0.5217,0.3939,0.4553,0.0,0.4416,0.2291,0.0,0.0,0.6316,0.6316,2001,45,3,-5604.481434787297,-2.800840297245026,-5604.481434787297,-5821.612836982945,0,0,0,1,0,0,0,0,0,0,0,0,0,0,0,0,0,0,0,0,0,0,0,0,0,0,1,0,1,0
smc_152,6,a,1,False,2,expressive timing; missing bass,0.5,0.4249,0.4249,0.0,0.3333,0.3188,0.0,0.0,0.0,0.0,0.3614,0.3103,0.3161,0.0,0.375,0.1978,0.0833,0.1042,0.0833,0.1042,2001,40,4,-6000.551866900597,-2.9987765451777095,-6102.164492316889,-6000.551866900597,0,0,0,0,0,0,0,1,0,0,0,0,0,0,1,0,0,0,0,0,0,0,0,0,0,0,0,0,0,0
smc_153,7,o,1,False,1,none,0.313,0.2243,0.4966,0.0,0.3,0.1977,0.05,0.1667,0.1667,0.5,0.0,0.0,0.7202,0.0,0.0,0.4061,0.0,0.0,0.9643,0.9643,2001,64,3,-5430.949364921399,-2.714117623648875,-5430.949364921399,-5756.178380745286,0,0,0,0,0,0,0,0,0,0,0,0,0,0,0,0,0,1,0,0,0,0,0,0,0,0,0,0,0,0
smc_154,6,a,2,False,6,slow tempo; expressive timing; lack of transient sounds; strong syncopation; ternary meter; missing bass,0.4444,0.3277,0.3277,0.0,0.5312,0.2628,0.0938,0.1562,0.0938,0.1562,0.5143,0.38,0.38,0.0,0.6316,0.2636,0.2632,0.4474,0.2632,0.4474,2001,45,3,-5785.883482256665,-2.8914959931317665,-5785.883482256665,-5796.07665886423,0,0,0,0,0,0,0,1,0,0,0,1,0,0,1,0,0,0,0,0,0,0,0,1,1,0,0,0,1,0
smc_157,1,a,1,False,4,quiet accompaniment; slow tempo; lack of transient sounds; missing bass,0.6591,0.4234,0.4234,0.0,0.9545,0.3246,0.4091,0.9091,0.4091,0.9091,0.6517,0.4529,0.4529,0.0,0.9556,0.3385,0.5333,0.9333,0.5333,0.9333,2001,52,4,-5335.704708985283,-2.666519094945169,-5804.156574420657,-5335.704708985283,0,0,0,0,0,0,0,0,0,0,0,1,0,0,1,0,0,0,0,0,0,1,0,1,0,0,0,0,0,0
smc_158,6,a,3,False,4,slow tempo; changing time signature; expressive timing; missing bass,0.2182,0.1865,0.187,0.0,0.5938,0.1834,0.0312,0.0312,0.0444,0.0889,0.2,0.1759,0.1759,0.0,0.4324,0.1525,0.027,0.0541,0.027,0.0541,2001,42,4,-5688.203246758488,-2.842680283237625,-5814.996027936053,-5688.203246758488,0,0,0,0,1,0,0,1,0,0,0,0,0,0,1,0,0,0,0,0,0,0,0,1,0,0,0,0,0,0
smc_159,7,a,1,False,4,gradual tempo change; expressive timing; lack of transient sounds; missing bass,0.4444,0.3379,0.5069,0.0,0.463,0.333,0.0,0.0,1.0,1.0,0.6481,0.4628,0.4628,1.0,0.8519,0.2594,0.2593,0.7778,0.2593,0.7778,2001,62,4,-5742.461454529318,-2.869795829349984,-5980.052537818079,-5742.461454529318,0,0,0,0,0,0,0,1,1,0,0,1,0,0,1,0,0,0,0,0,0,0,0,0,0,0,0,0,0,0
smc_161,6,a,1,False,4,slow tempo; expressive timing; lack of transient sounds; missing bass,0.6957,0.463,0.463,1.0,0.9714,0.3939,0.8571,0.9429,0.8571,0.9429,0.7429,0.4715,0.4715,1.0,1.0,0.414,0.8857,0.9714,0.8857,0.9714,2001,40,4,-5277.4461193836305,-2.637404357513059,-5770.773811368757,-5277.4461193836305,0,0,0,0,0,0,0,1,0,0,0,1,0,0,1,0,0,0,0,0,0,0,0,1,0,0,0,0,0,0
smc_166,3,a,1,False,3,quiet accompaniment; expressive timing; ternary meter,0.8478,0.7118,0.7118,1.0,1.0,0.4409,1.0,1.0,1.0,1.0,0.8478,0.7138,0.7138,1.0,1.0,0.4362,1.0,1.0,1.0,1.0,2001,53,3,-5303.139806467072,-2.6502447808431144,-5303.139806467072,-6043.100257007473,0,0,0,0,0,0,0,1,0,0,0,0,0,0,0,0,0,0,0,0,0,1,0,0,0,0,0,0,1,0
smc_167,1,m,4,False,9,slow tempo; gradual tempo change; tempo discontinuity; expressive timing; pauses; missing bass; excerpt is the introduction of the song; ternary meter; ambiguity of metrical level,0.5333,0.3425,0.3425,0.0,0.875,0.3582,0.6667,0.7083,0.6667,0.7083,0.3548,0.2161,0.3288,0.0,0.5122,0.276,0.0,0.0,0.5122,0.8049,2001,47,4,-5744.351693969908,-2.870740476746581,-5932.457097632533,-5744.351693969908,0,0,1,0,0,0,1,1,1,0,0,0,0,0,1,0,0,0,0,1,0,0,0,1,0,1,0,0,1,0
smc_168,0,a,1,False,5,slow tempo; expressive timing; lack of transient sounds; missing bass; ternary meter,0.3,0.2223,0.3124,0.0,0.4878,0.243,0.0244,0.0244,0.1707,0.6098,0.2105,0.1308,0.1949,0.0,0.4474,0.2775,0.0,0.0,0.2368,0.5789,2001,44,3,-5932.060639217426,-2.96454804558592,-5932.060639217426,-5977.5234175026935,0,0,0,0,0,0,0,1,0,0,0,1,0,0,1,0,0,0,0,0,0,0,0,1,0,0,0,0,1,0
smc_169,1,a,2,False,5,gradual tempo change; expressive timing; tempo incontinuity; ternary meter; missing bass,0.5616,0.509,0.509,0.0,0.4227,0.2275,0.1031,0.1649,0.1031,0.1649,0.5143,0.4346,0.5049,0.0,0.3711,0.197,0.0,0.0,0.1875,0.4375,2001,50,3,-5790.191826175195,-2.893649088543326,-5790.191826175195,-5808.136023744246,0,0,0,0,0,0,0,1,1,0,0,0,0,0,1,0,0,0,0,0,0,0,0,0,0,0,1,0,1,0
smc_170,6,m,1,False,4,quiet accompaniment; poor sound quality; lack of transient sounds; ternary meter,0.8372,0.6314,0.6314,1.0,1.0,0.433,1.0,1.0,1.0,1.0,0.907,0.6497,0.6497,1.0,1.0,0.4549,1.0,1.0,1.0,1.0,2001,49,4,-5359.173721064059,-2.6782477366636974,-5570.904651534058,-5359.173721064059,0,0,0,0,0,0,0,0,0,0,0,1,0,0,0,0,0,0,0,0,1,1,0,0,0,0,0,0,1,0
smc_171,0,j,1,False,1,none,0.4946,0.3892,0.57,0.0,0.4603,0.279,0.0,0.0,0.4127,0.8254,0.5055,0.3705,0.5673,0.0,0.4918,0.295,0.0,0.0,0.5738,0.9016,2001,70,4,-5706.113583800328,-2.851630976411958,-5736.701015611778,-5706.113583800328,0,0,0,0,0,0,0,0,0,0,0,0,0,0,0,0,0,1,0,0,0,0,0,0,0,0,0,0,0,0
smc_172,3,j,2,False,3,tempo incontinuity; gradual tempo change; rich ornamentation in the interpretation,0.5,0.3155,0.3155,0.0,0.625,0.1394,0.125,0.1806,0.125,0.1806,0.325,0.2272,0.2272,0.0,0.4318,0.1635,0.1818,0.25,0.1818,0.25,2001,42,3,-5981.911741486181,-2.9894611401730042,-5981.911741486181,-5986.67027905942,0,0,0,0,0,0,0,0,1,0,0,0,0,0,0,0,0,0,0,0,0,0,1,0,0,0,1,0,0,0
smc_173,5,j,2,False,3,strong syncopation; ambiguity of metrical level; low familiarity with the song/style,0.5946,0.4634,0.7123,0.0,0.48,0.4433,0.0,0.0,0.58,0.92,0.5833,0.455,0.7112,0.0,0.5,0.4395,0.0,0.0,0.9792,0.9792,2001,55,4,-5512.0124438216435,-2.7546289074570933,-5964.964277489622,-5512.0124438216435,0,0,1,0,0,0,0,0,0,0,0,0,0,1,0,0,0,0,0,0,0,0,0,0,1,0,0,0,0,0
smc_174,1,m,4,False,4,expressive timing; pauses; low familiarity; rich ornamentation in the interpretation,0.28,0.2106,0.2493,0.0,0.463,0.1048,0.0556,0.1852,0.0556,0.1852,0.1978,0.1495,0.2039,0.0,0.4783,0.1598,0.087,0.2826,0.087,0.2826,2001,53,3,-5849.504538996711,-2.9232906241862624,-5849.504538996711,-5976.746485846496,0,0,0,0,0,0,0,1,0,0,0,0,1,0,0,0,0,0,0,1,0,0,1,0,0,0,0,0,0,0
smc_175,4,j,1,False,3,slow tempo; quiet accompaniment; lack of transient sounds,0.2381,0.1861,0.1861,0.0,0.625,0.2804,0.2083,0.3333,0.2083,0.3333,0.2182,0.1421,0.2315,0.0,0.4054,0.2043,0.0,0.0,0.1892,0.4865,2001,43,4,-5707.769803428002,-2.852458672377812,-6026.904053416638,-5707.769803428002,0,0,0,0,0,0,0,0,0,0,0,1,0,0,0,0,0,0,0,0,0,1,0,1,0,0,0,0,0,0
smc_176,5,a,2,False,6,gradual tempo change; expressive timing; no repetition; lack of transient sounds; slow tempo; ternary meter,0.3429,0.2563,0.2563,0.0,0.3333,0.1683,0.0889,0.0889,0.0889,0.0889,0.3095,0.2182,0.2309,0.0,0.5333,0.1419,0.1333,0.3111,0.1333,0.3111,2001,44,3,-5904.9493480103165,-2.9509991744179493,-5904.9493480103165,-5941.273991237598,0,0,0,0,0,0,0,1,1,0,0,1,0,0,0,1,0,0,0,0,0,0,0,1,0,0,0,0,1,0
smc_178,2,j,1,False,2,none; ternary meter,0.8571,0.5957,0.5957,1.0,1.0,0.6115,1.0,1.0,1.0,1.0,0.5312,0.3833,0.6249,0.0,0.4884,0.3698,0.0,0.0,0.7442,0.907,2001,50,4,-5756.110683199215,-2.8766170330830656,-5947.19209649612,-5756.110683199215,0,0,0,0,0,0,0,0,0,0,0,0,0,0,0,0,0,1,0,0,0,0,0,0,0,0,0,0,1,0
smc_179,0,a,2,False,4,slow tempo; expressive timing; lack of transient sounds; missing bass,0.6038,0.3789,0.4478,0.0,0.6562,0.3781,0.0625,0.2188,0.2195,0.4634,0.4688,0.2876,0.4355,0.0,0.4651,0.3296,0.0,0.0,0.5814,0.7209,2001,50,4,-5623.519360927477,-2.810354503212132,-5835.105280415129,-5623.519360927477,0,0,0,0,0,0,0,1,0,0,0,1,0,0,1,0,0,0,0,0,0,0,0,1,0,0,0,0,0,0
smc_181,5,m,2,False,6,pauses; poor sound quality; lack of transient sounds; excerpt is the introduction of the song; ternary meter; ambiguity of metrical level,0.3359,0.2388,0.2388,0.0,0.3367,0.2281,0.0,0.0,0.0,0.0,0.3704,0.2632,0.2632,0.0,0.3333,0.1824,0.0,0.0,0.0,0.0,2001,116,3,-5896.826693226571,-2.9469398766749477,-5896.826693226571,-6492.334039083348,0,0,1,0,0,0,1,0,0,0,0,1,0,0,0,0,0,0,0,1,1,0,0,0,0,0,0,0,1,0
smc_182,7,o,2,False,3,slow tempo; gradual tempo change; expressive timing,0.8193,0.6195,0.6195,0.0,1.0,0.4065,0.619,0.9762,0.619,0.9762,0.7805,0.6127,0.6127,1.0,1.0,0.4009,1.0,1.0,1.0,1.0,2001,46,4,-5334.180768375084,-2.6657575054348244,-5614.145259734477,-5334.180768375084,0,0,0,0,0,0,0,1,1,0,0,0,0,0,0,0,0,0,0,0,0,0,0,1,0,0,0,0,0,0
smc_184,6,a,1,False,4,slow tempo; expressive timing; lack of transient sounds; missing bass,0.8308,0.6446,0.6446,0.0,0.9118,0.4445,0.6176,0.8824,0.6176,0.8824,0.8406,0.6278,0.6278,1.0,0.9714,0.4544,0.9714,0.9714,0.9714,0.9714,2001,40,4,-5441.597463978426,-2.7194390124829715,-5737.399183721648,-5441.597463978426,0,0,0,0,0,0,0,1,0,0,0,1,0,0,1,0,0,0,0,0,0,0,0,1,0,0,0,0,0,0
smc_187,6,o,1,False,3,slow tempo; gradual tempo change; expressive timing,0.3396,0.2617,0.2617,0.0,0.7059,0.2536,0.1176,0.3235,0.1351,0.3235,0.2807,0.187,0.2351,0.0,0.5,0.2711,0.0,0.0,0.6579,0.7632,2001,43,4,-5707.488407814257,-2.852318044884686,-5803.1833759525625,-5707.488407814257,0,0,0,0,0,0,0,1,1,0,0,0,0,0,0,0,0,0,0,0,0,0,0,1,0,0,0,0,0,0
smc_188,0,a,1,False,5,slow tempo; gradual tempo change; expressive timing; missing bass; ternary meter,0.9091,0.676,0.676,0.0,0.9286,0.562,0.3214,0.8571,0.3214,0.8571,0.6429,0.4824,0.7428,0.0,0.5,0.4488,0.0,0.0,0.9821,0.9821,2001,64,4,-5999.533909431629,-2.9982678208054114,-6094.874416708402,-5999.533909431629,0,0,0,0,0,0,0,1,1,0,0,0,0,0,1,0,0,0,0,0,0,0,0,1,0,0,0,0,1,0
smc_190,0,a,2,False,4,tempo incontinuity; lack of transient sounds; missing bass; ternary meter,0.4819,0.3926,0.3926,0.0,0.5283,0.2474,0.0943,0.1321,0.1356,0.3898,0.3696,0.3233,0.4683,0.0,0.4516,0.2535,0.0,0.0,0.4677,0.6452,2001,72,4,-5763.905018864546,-2.88051225330562,-5970.240491525578,-5763.905018864546,0,0,0,0,0,0,0,0,0,0,0,1,0,0,1,0,0,0,0,0,0,0,0,0,0,0,1,0,1,0
smc_192,7,a,2,False,5,slow tempo; expressive timing; lack of transient sounds; missing bass; excerpt is the introduction of a song,0.2857,0.2044,0.2044,0.0,0.6111,0.3254,0.3333,0.4444,0.3333,0.4444,0.3214,0.1579,0.2479,0.0,0.4737,0.2257,0.0,0.0,0.2105,0.5789,2001,42,4,-5785.633679148448,-2.8913711539972256,-5895.470326812618,-5785.633679148448,0,0,0,0,0,1,0,1,0,0,0,1,0,0,1,0,0,0,0,0,0,0,0,1,0,0,0,0,0,0
smc_193,7,o,1,False,1,none,0.8706,0.6934,0.6934,0.0,0.9302,0.4438,0.8605,0.8837,0.8605,0.8837,0.8471,0.6604,0.6604,1.0,0.9302,0.4086,0.8837,0.907,0.8837,0.907,2001,48,4,-5794.894701752751,-2.895999351200775,-5860.677154115987,-5794.894701752751,0,0,0,0,0,0,0,0,0,0,0,0,0,0,0,0,0,1,0,0,0,0,0,0,0,0,0,0,0,0
smc_194,5,a,3,False,6,slow tempo; tempo incontinuity; lack of transient sounds; missing bass; lack of harmonic change; no repetition (melodic or rhythmic,0.2449,0.1442,0.1442,0.0,0.2571,0.164,0.0,0.0,0.0588,0.1176,0.1266,0.094,0.1913,0.0,0.3409,0.138,0.0455,0.0455,0.0682,0.2045,2001,50,3,-5896.691250971141,-2.946872189390875,-5896.691250971141,-6035.239363647012,0,0,0,0,0,0,0,0,0,0,1,1,0,0,1,0,1,0,0,0,0,0,0,1,0,0,1,0,0,0
smc_195,7,m,3,False,6,tempo discontinuity; expressive timing; pauses; low familiarity; ambiguity of metrical level; beat phase ambiguity,0.3544,0.2662,0.3447,0.0,0.3636,0.1529,0.0,0.0,0.3864,0.3864,0.3294,0.2369,0.3005,0.0,0.3,0.1561,0.0,0.0,0.34,0.34,2001,58,3,-5637.335914837338,-2.8172593277547917,-5637.335914837338,-5829.689473403788,0,0,1,1,0,0,0,1,0,0,0,0,1,0,0,0,0,0,0,1,0,0,0,0,0,1,0,0,0,0
smc_197,0,o,2,False,2,quiet accompaniment; slow tempo,0.4286,0.3339,0.3339,1.0,1.0,0.4745,1.0,1.0,1.0,1.0,0.2813,0.2249,0.3136,0.0,0.4884,0.3449,0.0,0.0,0.4884,0.8605,2001,49,4,-5752.523996076322,-2.8748245857452885,-5922.3430757179085,-5752.523996076322,0,0,0,0,0,0,0,0,0,0,0,0,0,0,0,0,0,0,0,0,0,1,0,1,0,0,0,0,0,0
smc_198,1,m,2,False,6,tempo discontinuity; expressive timing; pauses; poor sound quality; lack of transient sounds; excerpt is the introduction of the song,0.7227,0.5695,0.5695,0.0,0.7101,0.2364,0.4493,0.5797,0.4493,0.5797,0.7119,0.5652,0.5652,0.0,0.7059,0.2603,0.6029,0.6029,0.6029,0.6029,2001,81,3,-5806.288508020349,-2.9016934073065213,-5806.288508020349,-5843.0073546594895,0,0,0,0,0,0,1,1,0,0,0,1,0,0,0,0,0,0,0,1,1,0,0,0,0,1,0,0,0,0
smc_199,2,a,3,False,5,expressive timing; lack of transient sounds; missing bass; low familiarity with the song/style; quiet accompaniment,0.3579,0.284,0.2898,0.0,0.6,0.1798,0.0909,0.2364,0.0909,0.2364,0.2885,0.2145,0.2617,0.0,0.5,0.143,0.0625,0.1406,0.0633,0.1406,2001,69,4,-5889.015524269012,-2.9430362440124997,-5904.561900928498,-5889.015524269012,0,0,0,0,0,0,0,1,0,0,0,1,0,1,1,0,0,0,0,0,0,1,0,0,0,0,0,0,0,0
smc_202,2,m,3,False,5,quiet accompaniment; slow tempo; expressive timing; lack of transient sounds; wide dynamic range,0.2188,0.1262,0.1262,0.0,0.4688,0.1995,0.125,0.25,0.125,0.25,0.1159,0.0736,0.0949,0.0,0.3784,0.1386,0.0811,0.1622,0.0811,0.1622,2001,42,3,-5769.813457740701,-2.8834649963721644,-5769.813457740701,-5770.619858793448,0,0,0,0,0,0,0,1,0,0,0,1,0,0,0,0,0,0,0,0,0,1,0,1,0,0,0,0,0,1
smc_203,4,a,3,False,3,changing time signature; strong syncopation; ambiguity of metrical level,0.25,0.1532,0.1763,0.0,0.4462,0.0896,0.0,0.0,0.013,0.013,0.2128,0.1633,0.1985,0.0,0.4545,0.1156,0.0727,0.0727,0.0727,0.0727,2001,63,3,-5835.968119139874,-2.916525796671601,-5835.968119139874,-6043.0434997016455,0,0,1,0,1,0,0,0,0,0,0,0,0,0,0,0,0,0,0,0,0,0,0,0,1,0,0,0,0,0
smc_204,5,a,3,False,8,changing time signature; expressive timing; gradual tempo change; poor sound quality; missing bass; low familiarity with the song/style; excerpt is the introduction of a song; ternary meter,0.3063,0.2515,0.2774,0.0,0.4737,0.1279,0.0526,0.1228,0.0526,0.1228,0.2316,0.1933,0.2652,0.0,0.2963,0.0979,0.0556,0.0556,0.0556,0.1132,2001,47,3,-6011.707554111918,-3.0043516012553315,-6011.707554111918,-6042.727311496911,0,0,0,0,1,1,0,1,1,0,0,0,0,1,1,0,0,0,0,0,1,0,0,0,0,0,0,0,1,0
smc_205,7,j,2,False,3,pause; gradual tempo change; expressive timing,0.8636,0.7137,0.7137,0.0,0.8696,0.4193,0.3043,0.7826,0.3043,0.7826,0.8409,0.6938,0.6938,0.0,0.8478,0.3931,0.587,0.8043,0.587,0.8043,2001,53,4,-5440.789447483768,-2.7190352061388143,-5593.528649625045,-5440.789447483768,0,0,0,0,0,0,0,1,1,0,0,0,0,0,0,0,0,0,1,0,0,0,0,0,0,0,0,0,0,0
smc_206,3,f,1,False,1,expressive timing,0.64,0.5084,0.5084,0.0,0.7317,0.271,0.3171,0.5122,0.3171,0.5122,0.5263,0.4122,0.4122,0.0,0.6429,0.2363,0.3571,0.5238,0.3571,0.5238,2001,47,4,-5697.681540455457,-2.84741706169688,-5854.06470223577,-5697.681540455457,0,0,0,0,0,0,0,1,0,0,0,0,0,0,0,0,0,0,0,0,0,0,0,0,0,0,0,0,0,0
smc_207,3,m,2,False,2,expressive timing; strong syncopation,0.9552,0.7661,0.7661,1.0,1.0,0.3965,1.0,1.0,1.0,1.0,0.9552,0.7604,0.7604,1.0,1.0,0.3888,1.0,1.0,1.0,1.0,2001,76,4,-5468.531649334183,-2.732899374979602,-6125.51591188696,-5468.531649334183,0,0,0,0,0,0,0,1,0,0,0,0,0,0,0,0,0,0,0,0,0,0,0,0,1,0,0,0,0,0
smc_208,0,a,2,False,4,expressive timing; lack of transient sounds; ternary meter; missing bass,0.8125,0.544,0.544,0.0,0.9394,0.4957,0.6061,0.8788,0.6061,0.8788,0.4946,0.3597,0.5104,0.0,0.4839,0.2984,0.0323,0.0323,0.2903,0.6935,2001,66,4,-5837.642308540457,-2.9173624730337115,-5861.594841019876,-5837.642308540457,0,0,0,0,0,0,0,1,0,0,0,1,0,0,1,0,0,0,0,0,0,0,0,0,0,0,0,0,1,0
smc_209,4,a,2,False,5,slow tempo; expressive timing; lack of transient sounds; ternary meter; missing bass,0.642,0.4173,0.4173,0.0,0.9024,0.3163,0.4634,0.8537,0.4634,0.8537,0.506,0.361,0.361,0.0,0.814,0.2293,0.3953,0.7674,0.3953,0.7674,2001,49,3,-5714.128419588723,-2.855636391598562,-5714.128419588723,-6036.07379308262,0,0,0,0,0,0,0,1,0,0,0,1,0,0,1,0,0,0,0,0,0,0,0,1,0,0,0,0,1,0
smc_211,7,a,2,False,3,slow tempo; expressive timing; quiet accompaniment,0.5647,0.3585,0.3585,0.0,0.6939,0.314,0.5918,0.6327,0.5918,0.6327,0.5833,0.3375,0.3375,0.0,0.7755,0.2743,0.5918,0.6735,0.5918,0.6735,2001,55,4,-5550.626972185145,-2.773926522831157,-5660.943109120963,-5550.626972185145,0,0,0,0,0,0,0,1,0,0,0,0,0,0,0,0,0,0,0,0,0,1,0,1,0,0,0,0,0,0
smc_212,0,a,1,False,4,gradual tempo change; lack of transient sounds; ternary meter; missing bass,0.4783,0.3395,0.3395,0.0,0.7083,0.3337,0.2917,0.5,0.2917,0.5,0.2254,0.1867,0.2325,0.0,0.4468,0.1345,0.0426,0.0426,0.2128,0.3404,2001,52,4,-5876.879263057752,-2.936971145955898,-5899.144684298303,-5876.879263057752,0,0,0,0,0,0,0,0,1,0,0,1,0,0,1,0,0,0,0,0,0,0,0,0,0,0,0,0,1,0
smc_213,2,m,2,False,3,slow tempo; lack of transient sounds; gradual tempo change,0.5278,0.4105,0.4105,0.0,0.8421,0.301,0.4737,0.7105,0.4737,0.7105,0.5333,0.411,0.411,0.0,0.8684,0.2832,0.6053,0.7632,0.6053,0.7632,2001,42,4,-5587.308586550424,-2.792258164193115,-5602.62004216995,-5587.308586550424,0,0,0,0,0,0,0,0,1,0,0,1,0,0,0,0,0,0,0,0,0,0,0,1,0,0,0,0,0,0
smc_214,3,a,2,False,4,slow tempo; expressive timing; lack of transient sounds; missing bass,0.4783,0.3406,0.3406,0.0,0.7917,0.3212,0.3333,0.5417,0.3333,0.5417,0.274,0.196,0.2889,0.0,0.3673,0.1753,0.0,0.0,0.2449,0.4082,2001,57,4,-5828.093301891025,-2.9125903557676285,-5979.01901393026,-5828.093301891025,0,0,0,0,0,0,0,1,0,0,0,1,0,0,1,0,0,0,0,0,0,0,0,1,0,0,0,0,0,0
smc_215,6,m,2,False,5,quiet accompaniment; expressive timing; wide dynamic range; ternary meter; rich ornamentation in the interpretation,0.8788,0.675,0.675,0.0,0.9697,0.4494,0.3939,0.8788,0.3939,0.8788,0.6571,0.4858,0.4858,0.0,0.7568,0.34,0.2432,0.6486,0.2432,0.6486,2001,42,4,-5927.732476229128,-2.9623850455917684,-6054.684062270405,-5927.732476229128,0,0,0,0,0,0,0,1,0,0,0,0,0,0,0,0,0,0,0,0,0,1,1,0,0,0,0,0,1,1
smc_216,5,m,2,False,5,slow tempo; expressive timing; poor sound quality; lack of transient sounds; missing bass,0.7324,0.5597,0.5597,0.0,0.9167,0.4134,0.4722,0.8333,0.4722,0.8333,0.6111,0.4351,0.4351,0.0,0.8056,0.3118,0.6389,0.7222,0.6389,0.7222,2001,42,4,-5796.912732826636,-2.8970078624820768,-5911.196178340001,-5796.912732826636,0,0,0,0,0,0,0,1,0,0,0,1,0,0,1,0,0,0,0,0,1,0,0,1,0,0,0,0,0,0
smc_217,5,a,1,False,4,slow tempo; expressive timing; lack of transient sounds; missing bass,0.7742,0.5551,0.5551,1.0,1.0,0.4829,1.0,1.0,1.0,1.0,0.6154,0.4505,0.4505,0.0,0.6765,0.333,0.4412,0.6176,0.4412,0.6176,2001,38,4,-5936.602035327492,-2.966817608859316,-6063.530143358691,-5936.602035327492,0,0,0,0,0,0,0,1,0,0,0,1,0,0,1,0,0,0,0,0,0,0,0,1,0,0,0,0,0,0
smc_219,1,a,1,False,4,expressive timing; lack of transient sounds; missing bass; ternary meter,0.8077,0.6551,0.6551,0.0,0.9091,0.3273,0.3455,0.7636,0.3455,0.7636,0.4375,0.3617,0.3617,0.0,0.5714,0.1968,0.2857,0.3265,0.2857,0.3265,2001,53,3,-6195.743326719844,-3.0963235016091173,-6195.743326719844,-6223.449631778991,0,0,0,0,0,0,0,1,0,0,0,1,0,0,1,0,0,0,0,0,0,0,0,0,0,0,0,0,1,0
smc_220,4,o,1,False,3,quiet accompaniment; rich ornamentation in the interpretation; ternary meter,0.7835,0.578,0.578,0.0,0.7818,0.2807,0.2182,0.5455,0.2182,0.5455,0.9048,0.6549,0.6549,1.0,1.0,0.4298,1.0,1.0,1.0,1.0,2001,47,4,-5818.498823386855,-2.9077955139364593,-5878.123274880458,-5818.498823386855,0,0,0,0,0,0,0,0,0,0,0,0,0,0,0,0,0,0,0,0,0,1,1,0,0,0,0,0,1,0
smc_221,6,a,3,False,8,slow tempo; gradual tempo change; expressive timing; poor sound quality; lack of transient sounds; missing bass; low familiarity with the song/style; excerpt is the introduction of a song,0.4918,0.3083,0.3083,0.0,0.8065,0.3104,0.1935,0.5161,0.1935,0.5161,0.3059,0.1868,0.2553,0.0,0.4545,0.1992,0.0,0.0,0.2203,0.4915,2001,61,4,-5782.369649194334,-2.889739954619857,-5796.759194215071,-5782.369649194334,0,0,0,0,0,1,0,1,1,0,0,1,0,1,1,0,0,0,0,0,1,0,0,1,0,0,0,0,0,0
smc_222,4,a,2,False,4,slow tempo; low familiarity with the song/style; ternary meter; expressive timing,0.5625,0.385,0.385,0.0,0.6667,0.3,0.2821,0.4615,0.2821,0.4615,0.3951,0.2693,0.4132,0.0,0.4286,0.191,0.0,0.0,0.3214,0.5714,2001,65,4,-5851.779170561293,-2.924427371594849,-5964.395938830811,-5851.779170561293,0,0,0,0,0,0,0,1,0,0,0,0,0,1,0,0,0,0,0,0,0,0,0,1,0,0,0,0,1,0
smc_223,2,j,2,False,5,expressive timing; quiet accompaniment; changing time signature; poor sound quality; ternary meter,0.6849,0.5894,0.5894,0.0,0.8,0.3759,0.35,0.55,0.35,0.55,0.6575,0.4948,0.4948,0.0,0.75,0.3131,0.325,0.525,0.325,0.525,2001,47,4,-5711.1445403605385,-2.8541451975814787,-5723.892466929899,-5711.1445403605385,0,0,0,0,1,0,0,1,0,0,0,0,0,0,0,0,0,0,0,0,1,1,0,0,0,0,0,0,1,0
smc_224,6,o,2,False,1,ternary meter,0.35,0.2373,0.2373,0.0,0.7674,0.2123,0.2791,0.5349,0.2791,0.5349,0.359,0.2397,0.2397,0.0,0.7561,0.2527,0.2927,0.5366,0.2927,0.5366,2001,46,4,-5917.003962528549,-2.95702346952951,-5967.734241819148,-5917.003962528549,0,0,0,0,0,0,0,0,0,0,0,0,0,0,0,0,0,0,0,0,0,0,0,0,0,0,0,0,1,0
smc_225,3,m,1,False,7,quiet accompaniment; gradual tempo change; tempo discontinuity; pauses; poor sound quality; excerpt is the introduction of the song; ternary meter,0.3962,0.2896,0.2896,0.0,0.3333,0.2285,0.0,0.0,0.0,0.0,0.3774,0.2955,0.2955,0.0,0.321,0.2034,0.0,0.0,0.0,0.0,2001,93,3,-5909.7671125656225,-2.953406852856383,-5909.7671125656225,-6512.193798182212,0,0,0,0,0,0,1,0,1,0,0,0,0,0,0,0,0,0,0,1,1,1,0,0,0,1,0,0,1,0
smc_226,6,m,2,False,5,quiet accompaniment; slow tempo; gradual tempo change; lack of transient sounds; ternary meter,0.5075,0.405,0.405,0.0,0.8,0.4093,0.3143,0.6857,0.3143,0.6857,0.4638,0.3694,0.3694,0.0,0.7027,0.3176,0.3243,0.5676,0.3243,0.5676,2001,45,4,-5806.360573291076,-2.901729421934571,-5923.664500914293,-5806.360573291076,0,0,0,0,0,0,0,0,1,0,0,1,0,0,0,0,0,0,0,0,0,1,0,1,0,0,0,0,1,0
smc_227,4,m,2,False,7,quiet accompaniment; slow tempo; gradual tempo change; tempo discontinuity; pauses; lack of transient sounds; excerpt is the introduction of the song,0.5634,0.4147,0.4147,0.0,0.6842,0.2482,0.6053,0.6053,0.6053,0.6053,0.4935,0.3512,0.3512,0.0,0.6667,0.2126,0.5897,0.5897,0.5897,0.5897,2001,44,4,-5683.253417326887,-2.840206605360763,-5936.301889720888,-5683.253417326887,0,0,0,0,0,0,1,0,1,0,0,1,0,0,0,0,0,0,0,1,0,1,0,1,0,1,0,0,0,0
smc_229,4,a,1,False,2,quiet accompaniment; slow tempo,0.9318,0.6826,0.6826,1.0,1.0,0.4587,1.0,1.0,1.0,1.0,0.9318,0.6719,0.6719,1.0,1.0,0.4414,1.0,1.0,1.0,1.0,2001,51,3,-5557.67538842975,-2.7774489697300098,-5557.67538842975,-5562.097229226274,0,0,0,0,0,0,0,0,0,0,0,0,0,0,0,0,0,0,0,0,0,1,0,1,0,0,0,0,0,0
smc_232,2,a,3,False,5,gradual tempo change; tempo incontinuity; lack of transient sounds; ternary meter; missing bass,0.7611,0.5621,0.5621,0.0,0.6719,0.1771,0.2969,0.5156,0.2969,0.5156,0.6418,0.4982,0.4982,0.0,0.6429,0.1509,0.3,0.5,0.3,0.5,2001,83,4,-5823.416947350323,-2.9102533470016607,-5851.877453510364,-5823.416947350323,0,0,0,0,0,0,0,0,1,0,0,1,0,0,1,0,0,0,0,0,0,0,0,0,0,0,1,0,1,0
smc_235,6,j,2,False,4,changing time signature; expressive timing; ternary meter; poor sound quality,0.5833,0.4903,0.4903,0.0,0.8333,0.3438,0.3056,0.6111,0.3056,0.6111,0.5067,0.3976,0.3976,0.0,0.7692,0.3158,0.2821,0.6667,0.2821,0.6667,2001,45,4,-5676.830772551921,-2.8369968878320444,-5836.470823292457,-5676.830772551921,0,0,0,0,1,0,0,1,0,0,0,0,0,0,0,0,0,0,0,0,1,0,0,0,0,0,0,0,1,0
smc_236,7,m,2,False,7,gradual tempo change; tempo discontinuity; expressive timing; pauses; wide dynamic range; lack of transient sounds; ternary meter,0.75,0.553,0.553,0.0,0.8788,0.3957,0.8182,0.8485,0.8182,0.8485,0.6667,0.4735,0.4735,0.0,0.7105,0.292,0.6053,0.6053,0.6053,0.6053,2001,44,4,-5653.4063597770855,-2.825290534621232,-5654.311396893266,-5653.4063597770855,0,0,0,0,0,0,0,1,1,0,0,1,0,0,0,0,0,0,0,1,0,0,0,0,0,1,0,0,1,1
smc_237,0,m,3,False,5,slow tempo; tempo discontinuity; pauses; wide dynamic range; low familiarity,0.507,0.3648,0.3648,0.0,0.7895,0.2598,0.3684,0.7368,0.3684,0.7368,0.481,0.35,0.35,0.0,0.7561,0.26,0.3415,0.6585,0.3415,0.6585,2001,45,4,-5725.2169167174525,-2.861177869424014,-5908.207784810356,-5725.2169167174525,0,0,0,0,0,0,0,0,0,0,0,0,1,0,0,0,0,0,0,1,0,0,0,1,0,1,0,0,0,1
smc_239,6,m,4,False,5,lack of transient sounds; missing bass; no repetition; low familiarity; gradual tempo change,0.4127,0.2494,0.2682,0.0,0.6,0.2045,0.0571,0.2571,0.0727,0.2571,0.186,0.1654,0.274,0.0,0.4483,0.099,0.0,0.0,0.2069,0.3448,2001,65,4,-5808.7753451003555,-2.9029362044479536,-5882.6137520588845,-5808.7753451003555,0,0,0,0,0,0,0,0,1,0,0,1,1,0,1,1,0,0,0,0,0,0,0,0,0,0,0,0,0,0
smc_241,0,j,2,False,3,gradual tempo change; tempo incontinuity; expressive timing,0.3409,0.261,0.261,0.0,0.8667,0.2992,0.4667,0.6889,0.4667,0.6889,0.3023,0.2497,0.2497,1.0,0.907,0.3041,0.4884,0.7674,0.4884,0.7674,2001,48,4,-5467.624981393643,-2.73244626756304,-5644.509256775983,-5467.624981393643,0,0,0,0,0,0,0,1,1,0,0,0,0,0,0,0,0,0,0,0,0,0,0,0,0,0,1,0,0,0
smc_242,4,a,1,False,1,missing bass,0.7033,0.5307,0.5307,0.0,0.9565,0.3318,0.4783,0.8696,0.4783,0.8696,0.7556,0.5695,0.5695,1.0,1.0,0.4019,0.5333,0.9333,0.5333,0.9333,2001,52,4,-5335.165922907148,-2.6662498365353065,-5954.2566770960275,-5335.165922907148,0,0,0,0,0,0,0,0,0,0,0,0,0,0,1,0,0,0,0,0,0,0,0,0,0,0,0,0,0,0
smc_243,1,m,3,False,5,expressive timing; pauses; low familiarity; excerpt is the introduction of the song; rich ornamentation in the interpretation,0.8148,0.6405,0.6405,0.0,0.963,0.4804,0.4074,0.8519,0.4074,0.8519,0.4789,0.3523,0.4224,0.0,0.5909,0.2312,0.2045,0.2045,0.2075,0.3774,2001,49,4,-5813.204562455763,-2.905149706374694,-5903.540879226609,-5813.204562455763,0,0,0,0,0,0,1,1,0,0,0,0,1,0,0,0,0,0,0,1,0,0,1,0,0,0,0,0,0,0
smc_244,2,m,3,False,6,quiet accompaniment; expressive timing; tempo discontinuity; poor sound quality; lack of transient sounds; ambiguity of metrical level,0.2553,0.1659,0.2073,0.0,0.2698,0.1364,0.0,0.0,0.2812,0.4688,0.3125,0.1818,0.1818,0.0,0.3016,0.1381,0.0,0.0,0.2424,0.4545,2001,38,4,-5744.737124680645,-2.8709330957924264,-5838.550059677064,-5744.737124680645,0,0,1,0,0,0,0,1,0,0,0,1,0,0,0,0,0,0,0,0,1,1,0,0,0,1,0,0,0,0
smc_248,1,m,3,False,8,quiet accompaniment; gradual tempo change; tempo discontinuity; expressive timing; pauses; lack of transient sounds; excerpt is the introduction of the song; ambiguity of metrical level,0.3947,0.279,0.3708,0.0,0.3654,0.1303,0.0385,0.0769,0.1923,0.4231,0.6078,0.4625,0.4625,0.0,0.6538,0.1981,0.2308,0.5192,0.2308,0.5192,2001,59,4,-5699.064275538789,-2.8481080837275305,-5825.389716593651,-5699.064275538789,0,0,1,0,0,0,1,1,1,0,0,1,0,0,0,0,0,0,0,1,0,1,0,0,0,1,0,0,0,0
smc_249,6,j,2,False,5,gradual tempo change; tempo incontinuity; expressive timing; ternary meter; poor sound quality,0.88,0.735,0.735,0.0,0.8974,0.4867,0.8462,0.8718,0.8462,0.8718,0.88,0.7227,0.7227,0.0,0.8974,0.4802,0.8462,0.8718,0.8462,0.8718,2001,45,4,-5455.00187488609,-2.7261378685087907,-5555.524729176222,-5455.00187488609,0,0,0,0,0,0,0,1,1,0,0,0,0,0,0,0,0,0,0,0,1,0,0,0,0,0,1,0,1,0
smc_251,1,m,2,False,3,quiet accompaniment; expressive timing; excerpt is the introduction of the song,0.9023,0.6808,0.6808,0.0,0.9275,0.3643,0.8696,0.8986,0.8696,0.8986,0.9008,0.6947,0.6947,1.0,0.9552,0.3904,0.9552,0.9552,0.9552,0.9552,2001,77,4,-5531.352382824582,-2.7642940443900956,-5818.671544412504,-5531.352382824582,0,0,0,0,0,0,1,1,0,0,0,0,0,0,0,0,0,0,0,0,0,1,0,0,0,0,0,0,0,0
smc_252,2,o,1,False,1,quiet accompaniment,0.9444,0.6872,0.6872,1.0,1.0,0.5109,1.0,1.0,1.0,1.0,0.9444,0.6872,0.6872,1.0,1.0,0.5109,1.0,1.0,1.0,1.0,2001,61,4,-5219.79004466883,-2.6085907269709296,-5919.976815376911,-5219.79004466883,0,0,0,0,0,0,0,0,0,0,0,0,0,0,0,0,0,0,0,0,0,1,0,0,0,0,0,0,0,0
smc_253,4,m,2,False,5,quiet accompaniment; low familiarity; strong syncopation; excerpt is the introduction of the song; ternary meter,0.641,0.5075,0.5075,0.0,0.7949,0.3599,0.5128,0.6923,0.5128,0.6923,0.5455,0.4214,0.4214,0.0,0.7436,0.3362,0.5385,0.6923,0.5385,0.6923,2001,44,4,-5471.254031560555,-2.734259885837359,-5859.626879236388,-5471.254031560555,0,0,0,0,0,0,1,0,0,0,0,0,1,0,0,0,0,0,0,0,0,1,0,0,1,0,0,0,1,0
smc_254,3,m,4,False,7,expressive timing; ambiguity of metrical level; beat phase ambiguity; no repetition; excerpt is the introduction of the song; rich ornamentation in the interpretation; strong syncopation,0.1687,0.1351,0.2077,0.0,0.1404,0.1126,0.0175,0.0175,0.25,0.2857,0.367,0.3018,0.3083,0.0,0.4561,0.1051,0.2281,0.3509,0.2281,0.3509,2001,60,3,-5762.831861295457,-2.8799759426763902,-5762.831861295457,-5770.142677448605,0,0,1,1,0,0,1,1,0,0,0,0,0,0,0,1,0,0,0,0,0,0,1,0,1,0,0,0,0,0
smc_255,2,f,1,False,2,expressive timing; changing time signature,0.7945,0.6965,0.6965,0.0,0.8108,0.4633,0.2973,0.6757,0.2973,0.6757,0.8649,0.7107,0.7107,0.0,0.973,0.4759,0.7297,0.8919,0.7297,0.8919,2001,43,3,-5658.1072314783605,-2.8276397958412596,-5658.1072314783605,-5686.46112152687,0,0,0,0,1,0,0,1,0,0,0,0,0,0,0,0,0,0,0,0,0,0,0,0,0,0,0,0,0,0
smc_256,1,m,3,False,4,expressive timing; pauses; rich ornamentation in the interpretation; ternary meter,0.6316,0.455,0.665,0.0,0.5,0.4298,0.0,0.0,0.2381,0.7143,0.5526,0.4521,0.4521,0.0,0.725,0.2657,0.175,0.6,0.175,0.6,2001,45,4,-5865.026601275119,-2.931047776749185,-5989.558190622839,-5865.026601275119,0,0,0,0,0,0,0,1,0,0,0,0,0,0,0,0,0,0,0,1,0,0,1,0,0,0,0,0,1,0
smc_257,7,a,2,False,5,expressive timing; tempo incontinuity; changing time signature; strong syncopation; ternary meter,0.6218,0.4103,0.429,0.0,0.5735,0.1846,0.1471,0.1912,0.2745,0.3725,0.4754,0.3332,0.382,0.0,0.4559,0.1377,0.1029,0.1618,0.4074,0.4074,2001,66,4,-5914.102035207532,-2.955573230988272,-5930.802910403058,-5914.102035207532,0,0,0,0,1,0,0,1,0,0,0,0,0,0,0,0,0,0,0,0,0,0,0,0,1,0,1,0,1,0
smc_258,3,a,3,False,5,expressive timing; tempo incontinuity; gradual tempo change; strong syncopation; ternary meter,0.3188,0.2494,0.3024,0.0,0.4651,0.0621,0.0233,0.0698,0.0233,0.0698,0.3186,0.2334,0.273,0.0,0.4918,0.0897,0.1475,0.2295,0.1475,0.2295,2001,69,3,-5996.849902856075,-2.9969264881839455,-5996.849902856075,-6051.826172879175,0,0,0,0,0,0,0,1,1,0,0,0,0,0,0,0,0,0,0,0,0,0,0,0,1,0,1,0,1,0
smc_259,4,a,2,False,1,tempo incontinuity,0.5588,0.4021,0.4021,0.0,0.5476,0.2185,0.381,0.5,0.381,0.5,0.5217,0.3771,0.3771,0.0,0.5349,0.2037,0.3721,0.4884,0.3721,0.4884,2001,50,4,-5524.353651634253,-2.7607964276033248,-5794.906745130005,-5524.353651634253,0,0,0,0,0,0,0,0,0,0,0,0,0,0,0,0,0,0,0,0,0,0,0,0,0,0,1,0,0,0
smc_260,0,a,2,False,4,expressive timing; gradual tempo change; missing bass; ternary meter,0.844,0.6352,0.6352,0.0,0.875,0.3992,0.2143,0.7321,0.2143,0.7321,0.6415,0.4651,0.4651,0.0,0.7358,0.2241,0.283,0.6226,0.283,0.6226,2001,62,3,-5926.6451202657845,-2.961841639313236,-5926.6451202657845,-5945.782237865297,0,0,0,0,0,0,0,1,1,0,0,0,0,0,1,0,0,0,0,0,0,0,0,0,0,0,0,0,1,0
smc_261,1,a,2,False,4,gradual tempo change; expressive timing; missing bass; strong syncopation,0.4615,0.3586,0.3586,0.0,0.7381,0.2245,0.1429,0.4762,0.1429,0.4762,0.4146,0.328,0.328,0.0,0.6087,0.1923,0.1304,0.3696,0.1304,0.3696,2001,53,4,-5708.45610149183,-2.8528016499209543,-5817.9118244451765,-5708.45610149183,0,0,0,0,0,0,0,1,1,0,0,0,0,0,1,0,0,0,0,0,0,0,0,0,1,0,0,0,0,0
smc_262,4,m,3,False,4,expressive timing; pauses; rich ornamentation in the interpretation; ternary meter,0.6804,0.5067,0.5067,0.0,0.5397,0.2482,0.1429,0.3651,0.1429,0.3651,0.6195,0.4338,0.4338,0.0,0.6508,0.1617,0.0952,0.3651,0.12,0.3651,2001,55,3,-5802.019230047525,-2.899559835106209,-5802.019230047525,-5908.504047460023,0,0,0,0,0,0,0,1,0,0,0,0,0,0,0,0,0,0,0,1,0,0,1,0,0,0,0,0,1,0
smc_263,3,j,2,False,4,slow tempo; expressive timing; gradual tempo change; excerpt is the introduction of a song,0.7213,0.6256,0.6256,0.0,0.875,0.4896,0.4375,0.6875,0.4375,0.6875,0.5349,0.4334,0.6249,0.0,0.5088,0.4072,0.0,0.0,0.2982,0.8947,2001,65,4,-5574.040531673205,-2.785627452110547,-5729.227717148914,-5574.040531673205,0,0,0,0,0,1,0,1,1,0,0,0,0,0,0,0,0,0,0,0,0,0,0,1,0,0,0,0,0,0
smc_264,2,m,2,False,2,expressive timing; rich ornamentation in the interpretation,0.4462,0.3228,0.474,0.0,0.5,0.1795,0.0,0.0,0.1932,0.6705,0.4444,0.3401,0.52,0.0,0.4881,0.1991,0.0,0.0,0.3333,0.7738,2001,97,4,-5662.185200944199,-2.829677761591304,-6537.255225482657,-5662.185200944199,0,0,0,0,0,0,0,1,0,0,0,0,0,0,0,0,0,0,0,0,0,0,1,0,0,0,0,0,0,0
smc_265,6,a,1,False,7,gradual tempo change; tempo incontinuity; expressive timing; lack of transient sounds; excerpt is the introduction of a song; missing bass; poor sound quality,0.8176,0.6196,0.6196,1.0,0.8214,0.2052,0.1786,0.6905,0.1786,0.6905,0.8757,0.667,0.667,0.0,0.9294,0.2626,0.3294,0.8588,0.3294,0.8588,2001,96,3,-5601.50089185457,-2.799350770542014,-5601.50089185457,-6274.096669707701,0,0,0,0,0,1,0,1,1,0,0,1,0,0,1,0,0,0,0,0,1,0,0,0,0,0,1,0,0,0
smc_266,5,m,4,False,5,expressive timing; missing bass; lack of harmonic change; low familiarity; rich ornamentation in the interpretation,0.6349,0.5101,0.5101,0.0,0.8,0.3539,0.1714,0.5143,0.1714,0.5143,0.3636,0.2499,0.327,0.0,0.551,0.1578,0.0204,0.0408,0.1455,0.4545,2001,56,4,-5774.834890017927,-2.8859744577800734,-5843.901704688838,-5774.834890017927,0,0,0,0,0,0,0,1,0,0,1,0,1,0,1,0,0,0,0,0,0,0,1,0,0,0,0,0,0,0
smc_269,5,a,1,False,2,expressive timing; strong syncopation,0.8571,0.5624,0.5624,0.0,0.9375,0.4844,0.75,0.8438,0.75,0.8438,0.7463,0.5519,0.5519,0.0,0.7778,0.3942,0.4167,0.6667,0.4167,0.6667,2001,41,4,-5759.907265324925,-2.878514375474725,-5771.799058031438,-5759.907265324925,0,0,0,0,0,0,0,1,0,0,0,0,0,0,0,0,0,0,0,0,0,0,0,0,1,0,0,0,0,0
smc_271,1,j,1,True,1,strong syncopation,1.0,0.9179,0.9179,1.0,1.0,0.7758,1.0,1.0,1.0,1.0,1.0,0.9227,0.9227,1.0,1.0,0.7441,1.0,1.0,1.0,1.0,2001,69,4,-5324.885139430264,-2.6611120137082778,-5604.874571443872,-5324.885139430264,0,0,0,0,0,0,0,0,0,0,0,0,0,0,0,0,0,0,0,0,0,0,0,0,1,0,0,0,0,0
smc_272,7,j,1,True,1,none,0.6409,0.6075,0.6075,0.0,0.4833,0.5412,0.0,0.0,0.5246,0.5246,0.6409,0.6076,0.6076,0.0,0.4833,0.5412,0.0,0.0,0.5246,0.5246,2001,69,4,-5219.961140033581,-2.60867623190084,-5856.490153850283,-5219.961140033581,0,0,0,0,0,0,0,0,0,0,0,0,0,0,0,0,0,1,0,0,0,0,0,0,0,0,0,0,0,0
smc_273,3,j,1,True,1,none,1.0,0.8646,0.8646,1.0,1.0,0.535,1.0,1.0,1.0,1.0,1.0,0.8646,0.8646,1.0,1.0,0.535,1.0,1.0,1.0,1.0,2001,64,4,-5277.555515569748,-2.637459028270739,-5820.966922302031,-5277.555515569748,0,0,0,0,0,0,0,0,0,0,0,0,0,0,0,0,0,1,0,0,0,0,0,0,0,0,0,0,0,0
smc_274,0,a,1,True,2,beat phase ambiguity; strong syncopation,0.0,0.0001,0.8702,0.0,0.0,0.449,0.0,0.0,0.988,0.988,0.0,0.0001,0.8702,0.0,0.0,0.449,0.0,0.0,0.988,0.988,2001,95,4,-5283.015290589532,-2.6401875515190065,-6109.701354116385,-5283.015290589532,0,0,0,1,0,0,0,0,0,0,0,0,0,0,0,0,0,0,0,0,0,0,0,0,1,0,0,0,0,0
smc_275,5,a,1,True,1,none,0.4946,0.4025,0.4025,0.0,0.3286,0.4507,0.0,0.0,0.0,0.0,0.4731,0.3735,0.3735,0.0,0.3286,0.4584,0.0,0.0,0.0,0.0,2001,80,3,-5274.661419987095,-2.6360127036417262,-5274.661419987095,-5726.294927327825,0,0,0,0,0,0,0,0,0,0,0,0,0,0,0,0,0,1,0,0,0,0,0,0,0,0,0,0,0,0
smc_276,1,o,1,True,1,beat phase ambiguity,0.6667,0.5837,0.8755,0.0,0.5,0.4875,0.0,0.0,1.0,1.0,0.6667,0.5826,0.874,0.0,0.5,0.491,0.0,0.0,1.0,1.0,2001,63,4,-5166.732185765463,-2.582075055355054,-5733.349814495798,-5166.732185765463,0,0,0,1,0,0,0,0,0,0,0,0,0,0,0,0,0,0,0,0,0,0,0,0,0,0,0,0,0,0
smc_277,5,j,1,True,2,none; excerpt is the introduction of a song,0.5636,0.4454,0.5863,0.0,0.4051,0.3411,0.0,0.0,0.1899,0.4684,0.6739,0.583,0.8766,0.0,0.5082,0.5261,0.0,0.0,1.0,1.0,2001,70,4,-5958.557996491347,-2.9777901031940766,-6227.072807440769,-5958.557996491347,0,0,0,0,0,1,0,0,0,0,0,0,0,0,0,0,0,1,0,0,0,0,0,0,0,0,0,0,0,0
smc_278,6,o,1,True,1,none,1.0,0.8593,0.8593,1.0,1.0,0.5056,1.0,1.0,1.0,1.0,1.0,0.8542,0.8542,1.0,1.0,0.4894,1.0,1.0,1.0,1.0,2001,69,4,-5212.184290907195,-2.604789750578308,-5739.81749036479,-5212.184290907195,0,0,0,0,0,0,0,0,0,0,0,0,0,0,0,0,0,1,0,0,0,0,0,0,0,0,0,0,0,0
smc_279,4,m,1,True,1,none,1.0,0.9156,0.9156,1.0,1.0,0.6463,1.0,1.0,1.0,1.0,1.0,0.9289,0.9289,1.0,1.0,0.6647,1.0,1.0,1.0,1.0,2001,69,4,-5269.739616551707,-2.6335530317599734,-5901.287235697608,-5269.739616551707,0,0,0,0,0,0,0,0,0,0,0,0,0,0,0,0,0,1,0,0,0,0,0,0,0,0,0,0,0,0
smc_280,6,m,1,True,1,none,1.0,0.8609,0.8609,1.0,1.0,0.6537,1.0,1.0,1.0,1.0,1.0,0.8609,0.8609,1.0,1.0,0.6537,1.0,1.0,1.0,1.0,2001,57,4,-5128.540217938547,-2.5629886146619425,-5877.355060847486,-5128.540217938547,0,0,0,0,0,0,0,0,0,0,0,0,0,0,0,0,0,1,0,0,0,0,0,0,0,0,0,0,0,0
smc_281,4,m,1,True,2,excerpt is the introduction of the song; expressive timing,1.0,0.9034,0.9034,1.0,1.0,0.572,1.0,1.0,1.0,1.0,1.0,0.9034,0.9034,1.0,1.0,0.572,1.0,1.0,1.0,1.0,2001,62,4,-5257.218406769227,-2.62729555560681,-5780.361968187509,-5257.218406769227,0,0,0,0,0,0,1,1,0,0,0,0,0,0,0,0,0,0,0,0,0,0,0,0,0,0,0,0,0,0
smc_282,5,j,1,True,1,none,0.9818,0.8846,0.8846,1.0,0.9818,0.763,0.6909,0.9636,0.6909,0.9636,0.9818,0.8846,0.8846,1.0,0.9818,0.763,0.6909,0.9636,0.6909,0.9636,2001,63,4,-5164.466414998453,-2.5809427361311608,-5726.959941010839,-5164.466414998453,0,0,0,0,0,0,0,0,0,0,0,0,0,0,0,0,0,1,0,0,0,0,0,0,0,0,0,0,0,0
smc_283,2,m,1,True,1,none,0.8696,0.781,0.781,0.0,0.7692,0.4911,0.4154,0.5538,0.4154,0.5538,1.0,0.8919,0.8919,1.0,1.0,0.6094,1.0,1.0,1.0,1.0,2001,57,4,-5235.526794588795,-2.616455169709543,-5731.089581493152,-5235.526794588795,0,0,0,0,0,0,0,0,0,0,0,0,0,0,0,0,0,1,0,0,0,0,0,0,0,0,0,0,0,0
smc_284,6,a,1,True,1,strong syncopation,1.0,0.8791,0.8791,1.0,1.0,0.6085,1.0,1.0,1.0,1.0,1.0,0.8937,0.8937,1.0,1.0,0.6296,1.0,1.0,1.0,1.0,2001,66,4,-5200.727139157451,-2.5990640375599456,-5541.544694464931,-5200.727139157451,0,0,0,0,0,0,0,0,0,0,0,0,0,0,0,0,0,0,0,0,0,0,0,0,1,0,0,0,0,0
smc_285,7,a,1,True,1,none,0.3537,0.3005,0.6232,0.0,0.3377,0.23,0.0909,0.1429,0.2078,0.4675,0.2714,0.2192,0.6295,1.0,0.3,0.316,0.2571,0.2571,0.4286,0.6857,2001,80,4,-5410.680921510643,-2.7039884665220604,-5735.237954410457,-5410.680921510643,0,0,0,0,0,0,0,0,0,0,0,0,0,0,0,0,0,1,0,0,0,0,0,0,0,0,0,0,0,0
smc_286,0,j,2,True,2,none; excerpt is the introduction of a song,1.0,0.929,0.929,1.0,1.0,0.7979,1.0,1.0,1.0,1.0,1.0,0.9205,0.9205,1.0,1.0,0.7368,1.0,1.0,1.0,1.0,2001,59,4,-5261.697430016269,-2.6295339480341173,-5542.5265410234015,-5261.697430016269,0,0,0,0,0,1,0,0,0,0,0,0,0,0,0,0,0,1,0,0,0,0,0,0,0,0,0,0,0,0
smc_287,6,a,1,True,1,none,1.0,0.8148,0.8148,1.0,1.0,0.5026,0.8167,0.9833,0.8167,0.9833,1.0,0.8197,0.8197,1.0,1.0,0.4981,0.8167,0.9833,0.8167,0.9833,2001,68,4,-5258.567080851091,-2.627969555647722,-5873.034636589165,-5258.567080851091,0,0,0,0,0,0,0,0,0,0,0,0,0,0,0,0,0,1,0,0,0,0,0,0,0,0,0,0,0,0
smc_288,4,o,1,True,1,none,0.9915,0.8946,0.8946,1.0,0.9831,0.5517,0.9831,0.9831,0.9831,0.9831,1.0,0.8886,0.8886,1.0,1.0,0.5258,1.0,1.0,1.0,1.0,2001,67,4,-5484.529200858668,-2.740894153352658,-5768.38906742903,-5484.529200858668,0,0,0,0,0,0,0,0,0,0,0,0,0,0,0,0,0,1,0,0,0,0,0,0,0,0,0,0,0,0
smc_289,0,o,1,True,1,none,1.0,0.8257,0.8257,1.0,1.0,0.4754,1.0,1.0,1.0,1.0,1.0,0.8264,0.8264,1.0,1.0,0.4754,1.0,1.0,1.0,1.0,2001,66,4,-5295.271251174115,-2.646312469352381,-5817.6413378048865,-5295.271251174115,0,0,0,0,0,0,0,0,0,0,0,0,0,0,0,0,0,1,0,0,0,0,0,0,0,0,0,0,0,0
