track_id,gt_bpm,tcn_bpm,tempo_ratio,tempo_class,mm_tcn_F,mm_tcn_CMLt,mm_tcn_AMLt,bt_F,bt_CMLt,bt_AMLt,bt_dbn_F,bt_dbn_CMLt,bt_dbn_AMLt,bt_tcnconstr_F,bt_tcnconstr_CMLt,bt_tcnconstr_AMLt,bt_oracle_F,bt_oracle_CMLt,bt_oracle_AMLt
smc_001,48.15,62.61,1.3002,double,0.4762,0.0,0.9643,0.5946,0.3696,0.3696,0.4107,0.0,0.0,0.3429,0.0,0.0,0.7143,0.9286,0.9286
smc_002,65.36,90.81,1.3894,double,0.4396,0.1321,0.1321,0.4575,0.0,0.0,0.3368,0.0,0.0,0.3368,0.0,0.0,0.1111,0.0263,0.1622
smc_003,68.0,43.09,0.6337,half,0.35,0.0,0.4756,0.5,0.0,0.5698,0.4333,0.0,0.6341,0.3125,0.0,0.1154,0.5316,0.5122,0.5122
smc_004,56.99,103.93,1.8236,double,0.375,0.2128,0.2128,0.5714,0.4545,0.4545,0.3684,0.2326,0.2326,0.2273,0.0,0.1846,0.5455,0.5152,0.5152
smc_005,39.71,74.11,1.8664,double,0.3188,0.0,0.8261,0.3922,0.6429,0.6429,0.3188,0.0,0.8261,0.3188,0.0,0.8261,0.4348,1.0,1.0
smc_006,52.13,130.49,2.5033,other,0.5843,0.0377,0.4648,0.8571,0.5556,0.5556,0.475,0.0455,0.1972,0.3265,0.0323,0.3239,0.6769,0.5,0.5
smc_007,52.77,108.13,2.049,double,0.4565,0.0,0.8065,0.6,0.8,0.8,0.4,0.24,0.4746,0.3913,0.0,0.7258,0.5246,0.7742,0.7742
smc_008,134.53,66.83,0.4968,half,0.3939,0.0,0.0,0.5185,0.1266,0.1266,0.3939,0.0,0.0,0.5593,0.0,0.95,0.6624,0.6835,0.6835
smc_009,55.63,71.33,1.2823,double,0.4122,0.0,0.0,0.4427,0.0,0.0,0.458,0.0,0.0,0.4146,0.0,0.0,0.0,0.0,0.3333
smc_010,76.63,78.21,1.0206,correct,0.8889,0.9778,0.9778,0.8889,0.9778,0.9778,0.8889,1.0,1.0,0.8889,1.0,1.0,0.8889,1.0,1.0
smc_011,92.74,62.95,0.6788,half,0.7477,0.6429,0.6429,0.7652,0.5,0.5,0.7103,0.5893,0.5893,0.3373,0.0,0.3125,0.7103,0.5893,0.5893
smc_012,86.96,68.33,0.7858,half,0.4272,0.5962,0.5962,0.5472,0.5273,0.5273,0.4902,0.6471,0.6471,0.2697,0.0,0.0,0.4902,0.6471,0.6471
smc_013,95.71,63.17,0.66,half,0.9107,0.9821,0.9821,0.9464,1.0,1.0,0.9273,0.8929,0.8929,0.4719,0.0,0.2424,0.9464,1.0,1.0
smc_014,78.31,75.21,0.9604,correct,0.8478,0.8723,0.8723,0.7901,0.6222,0.6222,0.9111,0.9556,0.9556,0.9111,0.9556,0.9556,0.9111,0.9556,0.9556
smc_015,35.34,70.14,1.985,double,0.2632,0.0,0.0,0.4308,0.0,0.5227,0.2941,0.0,0.5106,0.2769,0.0,0.4091,0.0909,0.1304,0.4783
smc_016,70.01,86.01,1.2286,double,0.8293,0.9756,0.9756,0.7952,0.9524,0.9524,0.8395,0.9756,0.9756,0.878,1.0,1.0,0.8395,0.9756,0.9756
smc_017,72.29,82.07,1.1353,correct,0.8571,0.9524,0.9524,0.8916,0.9048,0.9048,0.8571,0.9762,0.9762,0.8571,0.9762,0.9762,0.8571,0.9762,0.9762
smc_018,84.03,68.31,0.8128,correct,0.4848,0.52,0.52,0.3396,0.2105,0.2456,0.3878,0.4082,0.4082,0.2609,0.2245,0.2245,0.3878,0.4082,0.4082
smc_019,41.99,71.61,1.7055,double,0.5634,0.0,0.8958,0.8679,0.5333,0.5333,0.6,0.0,0.9362,0.5429,0.0,0.9362,0.6809,0.75,0.75
smc_021,90.23,62.38,0.6913,half,0.6226,0.8113,0.8113,0.4673,0.6111,0.6111,0.5273,0.5965,0.5965,0.2989,0.0755,0.2059,0.5273,0.5965,0.5965
smc_022,69.36,81.15,1.1699,correct,0.5432,0.4884,0.4884,0.9487,0.875,0.875,0.7342,0.6585,0.6585,0.6265,0.5778,0.5778,0.7342,0.6585,0.6585
smc_023,35.09,88.65,2.5266,other,0.6452,0.0,0.9024,0.6667,0.0513,0.8049,0.6032,0.0,0.8571,0.4706,0.0,0.5532,0.4878,0.4762,0.4762
smc_024,164.84,66.0,0.4004,half,0.6457,0.2133,0.3077,0.72,0.2267,0.42,0.6612,0.1867,0.413,0.3894,0.0267,0.0789,0.7528,0.466,0.466
smc_026,51.81,114.68,2.2133,double,0.4494,0.0,0.85,0.7458,0.9333,0.9333,0.5185,0.1538,0.6667,0.4944,0.0,0.8833,0.7458,0.9333,0.9333
smc_027,63.8,92.64,1.4521,double,0.8378,1.0,1.0,0.5682,0.3922,0.3922,0.7297,0.973,0.973,0.3011,0.0,0.0,0.7297,0.973,0.973
smc_028,117.19,100.07,0.8539,correct,0.7634,0.6377,0.6377,0.4255,0.0161,0.7188,0.3505,0.0161,0.5143,0.5781,0.5152,0.5152,0.5271,0.4627,0.4627
smc_030,200.0,89.5,0.4475,half,0.4645,0.0,0.0,0.9407,0.825,0.825,0.6207,0.0,0.9828,0.6207,0.0,0.9828,0.9528,0.8462,0.8462
smc_032,89.15,49.11,0.5509,half,0.5275,0.1852,0.3514,0.6118,0.5,0.5,0.6281,0.4179,0.4179,0.3038,0.0,0.1852,0.2737,0.0926,0.1132
smc_033,92.92,63.33,0.6815,half,0.6481,0.7818,0.7818,0.7027,0.7069,0.7069,0.717,0.8302,0.8302,0.3333,0.0,0.2903,0.6981,0.8302,0.8302
smc_034,63.39,94.35,1.4884,double,0.8919,1.0,1.0,0.9459,1.0,1.0,0.9459,1.0,1.0,0.3696,0.0,0.0,0.9459,1.0,1.0
smc_035,58.25,104.31,1.7907,double,0.7647,1.0,1.0,0.7536,0.9714,0.9714,0.7941,1.0,1.0,0.5686,0.0,0.8971,0.7941,1.0,1.0
smc_036,61.54,94.77,1.54,double,0.9167,0.9167,0.9167,0.7292,0.2,0.6338,0.5946,0.0,0.84,0.3696,0.0,0.0845,0.9167,0.9722,0.9722
smc_037,58.77,93.37,1.5889,double,0.551,0.0,0.6567,0.5882,0.0294,0.7647,0.6857,0.6667,0.6667,0.4222,0.0,0.2985,0.9412,1.0,1.0
smc_038,61.86,94.35,1.5254,double,0.7778,1.0,1.0,0.7733,0.8205,0.8205,0.75,1.0,1.0,0.3409,0.0577,0.0577,0.75,1.0,1.0
smc_041,70.74,86.52,1.2231,double,0.716,0.7805,0.7805,0.9268,0.878,0.878,0.9639,0.9762,0.9762,0.9639,0.9762,0.9762,0.9639,0.9762,0.9762
smc_042,46.15,65.33,1.4155,double,0.6,0.0,1.0,0.8333,0.6061,0.6061,0.6,0.0,1.0,0.25,0.0,0.0,0.8889,1.0,1.0
smc_043,92.31,63.62,0.6892,half,0.6852,0.569,0.569,0.8113,0.6964,0.6964,0.6538,0.5926,0.5926,0.321,0.0,0.2903,0.6154,0.5926,0.5926
smc_044,76.46,75.98,0.9937,correct,0.7356,0.8182,0.8182,0.775,0.6279,0.6279,0.8605,0.9767,0.9767,0.7727,0.8222,0.8222,0.7727,0.8222,0.8222
smc_046,65.22,91.12,1.3971,double,0.6053,0.8684,0.8684,0.641,0.825,0.825,0.7105,0.8947,0.8947,0.3158,0.0,0.0,0.7105,0.8158,0.8158
smc_047,87.53,133.57,1.526,double,0.7723,0.8824,0.8824,0.5333,0.0196,0.8462,0.7647,0.8431,0.8431,0.2931,0.1692,0.1692,0.7647,0.8431,0.8431
smc_048,33.56,86.94,2.5909,other,0.3729,0.0,0.8974,0.5,0.7083,0.7083,0.339,0.0,0.9231,0.2308,0.0,0.0517,0.55,1.0,1.0
smc_051,63.03,94.52,1.4997,double,0.7568,1.0,1.0,0.5474,0.4483,0.4483,0.7297,1.0,1.0,0.3043,0.0182,0.0182,0.7297,1.0,1.0
smc_052,90.84,66.53,0.7323,half,0.717,0.8113,0.8113,0.7103,0.8704,0.8704,0.7358,0.9057,0.9057,0.2609,0.0755,0.0755,0.7358,0.9057,0.9057
smc_054,63.39,94.55,1.4915,double,0.9167,0.9459,0.9459,0.9444,0.9459,0.9459,0.9444,0.9459,0.9459,0.4,0.0,0.0,0.9444,0.9459,0.9459
smc_055,67.64,89.7,1.3262,double,0.3093,0.0,0.0,0.5397,0.1282,0.4167,0.7532,0.8462,0.8462,0.3469,0.0,0.013,0.7532,0.8462,0.8462
smc_056,104.17,79.66,0.7647,half,0.1869,0.0169,0.1552,0.3226,0.1042,0.1453,0.2568,0.0112,0.0342,0.1346,0.0,0.0517,0.3621,0.3898,0.3898
smc_057,61.61,98.34,1.5962,double,0.3467,0.475,0.475,0.4839,0.6571,0.6571,0.5143,0.8286,0.8286,0.2524,0.0,0.3913,0.5797,0.8286,0.8286
smc_058,62.89,94.16,1.4972,double,0.5135,0.7632,0.7632,0.4638,0.75,0.75,0.4444,0.8056,0.8056,0.2667,0.0,0.0282,0.4444,0.8056,0.8056
smc_059,71.43,83.8,1.1732,correct,0.9157,0.9762,0.9762,0.375,0.0,0.0,0.032,0.0,0.0482,0.268,0.0,0.0182,0.1,0.0714,0.0714
smc_060,70.59,86.81,1.2297,double,0.8293,1.0,1.0,0.6053,0.6098,0.6098,0.575,0.561,0.561,0.7857,0.8605,0.8605,0.55,0.561,0.561
smc_061,40.0,74.86,1.8715,double,0.5429,0.0,0.9149,0.5397,0.1,0.7333,0.4706,0.0,0.9111,0.4706,0.0,0.9111,0.7391,0.913,0.913
smc_063,88.24,68.25,0.7735,half,0.7961,0.9615,0.9615,0.7,0.7255,0.7255,0.7961,0.9231,0.9231,0.2667,0.0196,0.0196,0.7961,0.9231,0.9231
smc_064,44.18,68.45,1.5493,double,0.3421,0.0,0.5294,0.0,0.0185,0.2222,0.0,0.0,0.2157,0.0317,0.0,0.0204,0.0,0.88,0.88
smc_065,73.17,83.28,1.1381,correct,0.9302,0.9302,0.9302,0.9767,1.0,1.0,0.9767,1.0,1.0,0.9767,1.0,1.0,0.9767,1.0,1.0
smc_066,47.1,130.1,2.7624,other,0.3704,0.0,0.8148,0.5306,0.6667,0.6667,0.3562,0.0217,0.4906,0.2273,0.0,0.3934,0.5556,1.0,1.0
smc_067,86.96,69.06,0.7942,half,0.7723,0.9412,0.9412,0.8713,0.9412,0.9412,0.8713,0.9412,0.9412,0.6022,0.48,0.48,0.8713,0.9412,0.9412
smc_068,92.31,64.88,0.7029,half,0.9245,1.0,1.0,0.9245,0.9811,0.9811,0.9434,0.9811,0.9811,0.3864,0.0189,0.0571,0.9434,0.9811,0.9811
smc_069,86.71,66.25,0.764,half,0.7327,0.6981,0.6981,0.8041,0.898,0.898,0.701,0.7347,0.7347,0.3529,0.0625,0.0625,0.6804,0.7143,0.7143
smc_071,79.68,74.1,0.93,correct,0.9348,0.9783,0.9783,0.967,0.9565,0.9565,0.9783,1.0,1.0,0.9783,1.0,1.0,0.9783,1.0,1.0
smc_072,67.87,88.85,1.309,double,0.9487,1.0,1.0,0.8861,0.975,0.975,0.8974,0.9744,0.9744,0.4444,0.2745,0.2745,0.8974,0.9744,0.9744
smc_073,70.46,85.38,1.2118,double,0.9024,1.0,1.0,0.8889,0.9512,0.9512,0.9268,1.0,1.0,0.9268,1.0,1.0,0.9268,1.0,1.0
smc_074,94.64,59.03,0.6237,half,0.7358,0.7358,0.7358,0.507,0.0,0.0,0.4045,0.0566,0.0833,0.4045,0.0566,0.0833,0.729,0.7593,0.7593
smc_075,81.97,76.47,0.933,correct,0.5618,0.5745,0.5745,0.5882,0.5957,0.5957,0.5652,0.7234,0.7234,0.5652,0.7234,0.7234,0.5652,0.7234,0.7234
smc_076,86.89,89.55,1.0306,correct,0.7872,0.8511,0.8511,0.4646,0.1346,0.1346,0.3103,0.0435,0.0435,0.4808,0.4737,0.4737,0.4946,0.617,0.617
smc_079,193.55,60.71,0.3137,other,0.6341,0.0185,0.5714,0.6971,0.1574,0.5373,0.5976,0.0093,0.7321,0.4225,0.0,0.037,0.861,0.7565,0.7565
smc_080,35.41,88.89,2.5105,other,0.2154,0.0,0.2826,0.381,0.0,0.25,0.1235,0.0,0.0323,0.1667,0.0,0.2264,0.0513,0.05,0.25
smc_082,115.38,105.01,0.91,correct,0.6374,0.0526,0.7941,0.9661,0.8852,0.8852,0.9268,0.803,0.803,0.9268,0.803,0.803,0.9268,0.803,0.803
smc_084,44.22,129.53,2.9296,other,0.125,0.0,0.3091,0.0667,0.08,0.08,0.1034,0.0606,0.0606,0.092,0.0,0.0806,0.0741,0.2414,0.2414
smc_085,55.05,105.63,1.919,double,0.3438,0.6562,0.6562,0.2812,0.6562,0.6562,0.3125,0.6875,0.6875,0.2062,0.0,0.3692,0.3125,0.6875,0.6875
smc_086,69.43,88.42,1.2735,double,0.75,0.625,0.625,0.875,0.75,0.75,0.8,0.75,0.75,0.5,0.3958,0.3958,0.8,0.75,0.75
smc_087,103.9,57.96,0.5579,half,0.9917,0.9836,0.9836,0.8088,0.5789,0.5789,0.8926,0.9836,0.9836,0.3838,0.0,0.1026,0.8926,0.9836,0.9836
smc_088,60.36,95.19,1.577,double,0.6486,0.625,0.625,0.5205,0.5641,0.5641,0.411,0.5641,0.5641,0.2045,0.0,0.0299,0.4118,0.7941,0.7941
smc_089,84.63,70.98,0.8387,correct,0.8081,0.96,0.96,0.6047,0.4,0.4,0.76,0.96,0.96,0.76,0.96,0.96,0.76,0.96,0.96
smc_092,128.85,92.05,0.7144,half,0.9262,0.8933,0.8933,0.748,0.2973,0.5306,0.9396,0.92,0.92,0.2923,0.027,0.027,0.9396,0.92,0.92
smc_093,131.29,45.91,0.3497,other,0.5841,0.0,0.4737,0.7832,0.6316,0.6316,0.9139,0.8816,0.8816,0.4752,0.0,0.0,0.9139,0.8816,0.8816
smc_095,80.86,72.54,0.8971,correct,0.9362,1.0,1.0,0.8387,0.8723,0.8723,0.8298,1.0,1.0,0.8298,1.0,1.0,0.8298,1.0,1.0
smc_096,107.14,56.19,0.5244,half,0.9839,1.0,1.0,0.9839,1.0,1.0,0.9839,1.0,1.0,0.6237,0.0,1.0,0.9839,1.0,1.0
smc_098,101.69,58.27,0.573,half,0.7273,0.6885,0.6885,0.7015,0.2235,0.4639,0.5576,0.0,0.6207,0.4471,0.0,0.2222,0.4815,0.4746,0.4746
smc_099,56.55,105.12,1.8588,double,0.4,0.0,0.7164,0.5455,0.9091,0.9091,0.4848,0.9394,0.9394,0.3434,0.0,0.6515,0.5758,0.9394,0.9394
smc_100,63.83,91.24,1.4294,double,0.5128,0.439,0.439,0.4646,0.1935,0.274,0.3717,0.0,0.6184,0.2796,0.0,0.0411,0.5135,0.5405,0.5405
smc_101,115.23,100.62,0.8732,correct,0.7119,0.5763,0.5763,0.4938,0.0339,0.1,0.5321,0.3898,0.3898,0.487,0.2881,0.2881,0.6281,0.5484,0.5484
smc_103,109.09,106.63,0.9774,correct,0.5932,0.5625,0.5625,0.4301,0.1852,0.1852,0.3148,0.1296,0.1296,0.4561,0.4167,0.4167,0.4561,0.4167,0.4167
smc_104,67.49,89.75,1.3298,double,0.3544,0.45,0.45,0.6355,0.0588,0.7273,0.6207,0.0,0.9481,0.2927,0.2558,0.3721,0.3158,0.2821,0.5263
smc_105,129.31,89.1,0.689,half,0.2321,0.0,0.3333,0.2569,0.0,0.2703,0.177,0.0,0.3,0.2602,0.0137,0.1,0.25,0.1096,0.1096
smc_106,62.18,94.04,1.5125,double,0.5833,0.8889,0.8889,0.3551,0.0,0.5352,0.3704,0.0,0.5694,0.3077,0.0182,0.0845,0.5556,0.8333,0.8333
smc_109,65.5,91.95,1.4038,double,0.8421,0.9211,0.9211,0.4068,0.05,0.1375,0.4259,0.0,0.5067,0.3158,0.0,0.0267,0.2368,0.3947,0.3947
smc_111,93.02,90.59,0.9739,correct,0.4731,0.3125,0.3125,0.4706,0.1875,0.1875,0.3673,0.28,0.28,0.4356,0.283,0.283,0.4356,0.283,0.283
smc_113,45.8,131.32,2.8671,other,0.4304,0.0,0.7925,0.5897,0.0,0.0,0.3582,0.0,0.0,0.4673,0.0,0.0,0.9259,1.0,1.0
smc_114,61.16,100.38,1.6413,double,0.5941,0.1587,0.52,0.597,0.4474,0.4474,0.7,0.7381,0.7381,0.5455,0.1639,0.4267,0.48,0.5526,0.5526
smc_116,68.65,88.08,1.283,double,0.2667,0.2549,0.2549,0.2674,0.0075,0.0075,0.2951,0.0,0.4096,0.1538,0.0577,0.0769,0.24,0.2051,0.2051
smc_117,59.94,85.63,1.4286,double,0.2637,0.0357,0.1014,0.6479,0.6389,0.6389,0.2069,0.0192,0.087,0.2069,0.0192,0.087,0.4,0.5143,0.5143
smc_118,60.01,91.55,1.5255,double,0.2892,0.08,0.1077,0.3077,0.1034,0.1692,0.1667,0.0392,0.1692,0.2118,0.0577,0.1692,0.2857,0.2121,0.2121
smc_119,56.87,102.85,1.8084,double,0.125,0.0,0.0159,0.3908,0.3273,0.3273,0.1975,0.0,0.0,0.3711,0.0,0.5846,0.5625,1.0,1.0
smc_120,92.45,64.79,0.7009,half,0.9907,0.9815,0.9815,0.972,0.9815,0.9815,0.972,0.9815,0.9815,0.4045,0.0,0.0,0.972,0.9815,0.9815
smc_121,34.12,89.85,2.6333,other,0.3226,0.0,0.7143,0.32,0.3333,0.3846,0.3607,0.0,0.8049,0.2813,0.0,0.7273,0.3,0.55,0.55
smc_124,65.79,91.93,1.3973,double,0.4737,0.8684,0.8684,0.4935,0.9231,0.9231,0.4737,0.9474,0.9474,0.2105,0.0,0.0,0.4737,0.9474,0.9474
smc_126,64.86,91.58,1.4118,double,0.9211,0.9737,0.9737,0.9474,0.9737,0.9737,0.9474,0.9737,0.9737,0.3958,0.0,0.0,0.9474,0.9737,0.9737
smc_127,59.65,91.98,1.5422,double,0.2917,0.1385,0.1385,0.4923,0.1471,0.2295,0.4225,0.05,0.1803,0.3797,0.1042,0.2623,0.4286,0.0513,0.1475
smc_130,45.02,88.46,1.9646,double,0.375,0.0769,0.2041,0.4225,0.1522,0.1522,0.3692,0.175,0.175,0.2319,0.1136,0.1224,0.1667,0.0,0.25
smc_133,66.37,89.75,1.3523,double,0.7105,0.9737,0.9737,0.7895,0.9737,0.9737,0.8158,0.9737,0.9737,0.3368,0.0,0.0,0.8158,0.9737,0.9737
smc_135,76.19,79.83,1.0478,correct,0.7917,0.72,0.72,0.8409,0.6739,0.6739,0.7209,0.6304,0.6304,0.7778,0.7174,0.7174,0.7356,0.6739,0.6739
smc_137,125.39,75.15,0.5993,half,0.4553,0.0,0.2292,0.8364,0.6667,0.6667,0.9032,0.8625,0.8625,0.5345,0.0,0.7805,0.7619,0.6667,0.6667
smc_139,41.1,145.49,3.5403,other,0.4571,0.0,0.8723,0.507,0.0417,0.8125,0.4638,0.0,0.8478,0.2957,0.0,0.0,0.7391,1.0,1.0
smc_140,98.85,70.62,0.7145,half,0.6306,0.5167,0.5167,0.6491,0.55,0.55,0.3366,0.05,0.2439,0.3366,0.05,0.2439,0.4615,0.2,0.2
smc_142,80.09,75.8,0.9464,correct,0.7111,0.8085,0.8085,0.6133,0.4884,0.4884,0.5176,0.6279,0.6279,0.4941,0.6047,0.6047,0.5747,0.6818,0.6818
smc_143,87.08,67.78,0.7784,half,0.5825,0.75,0.75,0.5385,0.8462,0.8462,0.5437,0.8846,0.8846,0.2093,0.0,0.0,0.5437,0.8846,0.8846
smc_146,58.54,103.38,1.766,double,0.5373,0.7059,0.7059,0.6769,0.8485,0.8485,0.5882,0.7143,0.7143,0.4242,0.0,0.6818,0.5373,0.7353,0.7353
smc_147,99.32,60.33,0.6074,half,0.3542,0.0,0.0,0.705,0.3827,0.3827,0.8621,0.9655,0.9655,0.5747,0.0,1.0,0.8621,0.9655,0.9655
smc_148,70.92,84.93,1.1975,correct,0.3656,0.18,0.18,0.1404,0.0,0.119,0.1687,0.3721,0.3721,0.2143,0.3721,0.3721,0.1687,0.3721,0.3721
smc_149,73.18,78.8,1.0769,correct,0.4444,0.4468,0.4468,0.4161,0.0,0.3396,0.2817,0.0,0.2525,0.3913,0.3061,0.3061,0.3913,0.3061,0.3061
smc_150,113.85,52.37,0.46,half,0.9846,0.9394,0.9394,0.9697,0.9118,0.9118,0.9771,0.9403,0.9403,0.6598,0.0,0.9394,0.9771,0.9403,0.9403
smc_151,138.89,84.44,0.6079,half,0.7821,0.7342,0.7342,0.6984,0.3117,0.3117,0.5217,0.0,0.6316,0.5124,0.013,0.6364,0.7898,0.7875,0.7875
smc_152,84.03,91.17,1.0849,correct,0.5155,0.3265,0.3265,0.5,0.0,0.0,0.3614,0.1042,0.1042,0.5745,0.5625,0.5625,0.617,0.6667,0.6667
smc_153,96.22,62.59,0.6505,half,0.8929,0.9649,0.9649,0.313,0.1667,0.5,0.0,0.0,0.9643,0.413,0.0,0.0,0.0,0.0,0.9643
smc_154,56.18,105.45,1.8771,double,0.4848,0.6471,0.6471,0.4444,0.1562,0.1562,0.5143,0.4474,0.4474,0.2791,0.0,0.1429,0.5,0.6562,0.6562
smc_157,78.64,76.8,0.9766,correct,0.3191,0.48,0.48,0.6591,0.9091,0.9091,0.6517,0.9333,0.9333,0.6517,0.9333,0.9333,0.6517,0.9333,0.9333
smc_158,42.36,89.9,2.1223,double,0.2154,0.0238,0.1333,0.2182,0.0312,0.0889,0.2,0.0541,0.0541,0.169,0.0,0.1667,0.2449,0.1154,0.1538
smc_159,95.56,62.83,0.6574,half,0.5505,0.6545,0.6545,0.4444,0.0,1.0,0.6481,0.7778,0.7778,0.2697,0.0556,0.2,0.6481,0.7778,0.7778
smc_161,61.22,98.04,1.6013,double,0.7429,0.9714,0.9714,0.6957,0.9429,0.9429,0.7429,0.9714,0.9714,0.2989,0.0,0.0145,0.7143,0.9714,0.9714
smc_166,80.65,74.27,0.9209,correct,0.9565,1.0,1.0,0.8478,1.0,1.0,0.8478,1.0,1.0,0.8478,1.0,1.0,0.8478,1.0,1.0
smc_167,35.9,88.8,2.4734,double,0.3226,0.0,0.7561,0.5333,0.7083,0.7083,0.3548,0.0,0.8049,0.3333,0.0,0.5556,0.5714,1.0,1.0
smc_168,34.03,90.01,2.6448,other,0.3158,0.0,0.7368,0.3,0.0244,0.6098,0.2105,0.0,0.5789,0.2424,0.0,0.234,0.4737,0.9474,0.9474
smc_169,169.97,100.99,0.5942,half,0.4296,0.0,0.2041,0.5616,0.1649,0.1649,0.5143,0.0,0.4375,0.5503,0.0206,0.4615,0.77,0.6699,0.6699
smc_170,73.53,82.36,1.1201,correct,0.8837,1.0,1.0,0.8372,1.0,1.0,0.907,1.0,1.0,0.907,1.0,1.0,0.907,1.0,1.0
smc_171,52.63,56.71,1.0775,correct,0.5217,0.0,0.871,0.4946,0.0,0.8254,0.5055,0.0,0.9016,0.7667,1.0,1.0,0.7667,1.0,1.0
smc_172,76.92,77.71,1.0102,correct,0.3953,0.5,0.5,0.5,0.1806,0.1806,0.325,0.25,0.25,0.3516,0.4255,0.4255,0.3516,0.4255,0.4255
smc_173,40.98,73.47,1.7926,double,0.5,0.0,0.9792,0.5946,0.0,0.92,0.5833,0.0,0.9792,0.5833,0.0,0.9792,0.0,0.0,0.9583
smc_174,81.69,65.28,0.7992,half,0.3077,0.2826,0.2826,0.28,0.1852,0.1852,0.1978,0.2826,0.2826,0.1839,0.2609,0.2609,0.1978,0.2826,0.2826
smc_175,35.64,91.98,2.5808,other,0.1695,0.0,0.3659,0.2381,0.3333,0.3333,0.2182,0.0,0.4865,0.125,0.0,0.1957,0.2632,0.45,0.45
smc_176,80.7,142.08,1.7606,double,0.6087,0.6596,0.6596,0.3429,0.0889,0.0889,0.3095,0.3111,0.3111,0.3231,0.0,0.2809,0.4889,0.6444,0.6444
smc_178,36.92,82.08,2.223,double,0.4762,0.0,0.9762,0.8571,1.0,1.0,0.5312,0.0,0.907,0.5312,0.0,0.907,0.7143,1.0,1.0
smc_179,41.67,137.21,3.2929,other,0.4615,0.0,0.7045,0.6038,0.2188,0.4634,0.4688,0.0,0.7209,0.2917,0.0,0.0,0.1702,0.0769,0.4231
smc_181,61.66,95.89,1.5551,double,0.6571,0.7297,0.7297,0.3359,0.0,0.0,0.3704,0.0,0.0,0.2824,0.0,0.0308,0.0,0.0286,0.0857
smc_182,71.34,83.39,1.1689,correct,0.8293,1.0,1.0,0.8193,0.9762,0.9762,0.7805,1.0,1.0,0.8049,1.0,1.0,0.7805,1.0,1.0
smc_184,60.74,99.34,1.6354,double,0.7429,0.8611,0.8611,0.8308,0.8824,0.8824,0.8406,0.9714,0.9714,0.44,0.0,0.6716,0.8406,0.9714,0.9714
smc_187,32.71,95.07,2.9067,other,0.2143,0.0,0.6757,0.3396,0.3235,0.3235,0.2807,0.0,0.7632,0.2632,0.0,0.0,0.6316,1.0,1.0
smc_188,47.85,128.7,2.6898,other,0.6667,0.0,0.9821,0.9091,0.8571,0.8571,0.6429,0.0,0.9821,0.3956,0.0,0.5556,0.9643,1.0,1.0
smc_190,55.56,106.33,1.9139,double,0.35,0.0,0.1695,0.4819,0.1321,0.3898,0.3696,0.0,0.6452,0.3516,0.0,0.6066,0.5161,0.75,0.75
smc_192,32.91,92.11,2.7986,other,0.3103,0.0,0.525,0.2857,0.4444,0.4444,0.3214,0.0,0.5789,0.1034,0.0,0.0,0.125,0.2778,0.2941
smc_193,72.43,83.03,1.1463,correct,0.9176,0.907,0.907,0.8706,0.8837,0.8837,0.8471,0.907,0.907,0.7907,0.8605,0.8605,0.8471,0.907,0.907
smc_194,58.06,104.93,1.8075,double,0.1379,0.0385,0.0385,0.2449,0.0,0.1176,0.1266,0.0455,0.2045,0.172,0.0172,0.1594,0.1194,0.1429,0.2941
smc_195,174.52,68.2,0.3908,other,0.2989,0.0,0.3269,0.3544,0.0,0.3864,0.3294,0.0,0.34,0.2647,0.0,0.0,0.4593,0.28,0.28
smc_197,36.72,81.7,2.2252,double,0.2903,0.0,0.6829,0.4286,1.0,1.0,0.2813,0.0,0.8605,0.2857,0.0,0.8571,0.4286,1.0,1.0
smc_198,100.0,57.85,0.5785,half,0.8333,0.7069,0.7069,0.7227,0.5797,0.5797,0.7119,0.6029,0.6029,0.5,0.0,0.6667,0.7091,0.6833,0.6833
smc_199,76.43,76.76,1.0042,correct,0.3256,0.3913,0.3913,0.3579,0.2364,0.2364,0.2885,0.1406,0.1406,0.2716,0.3171,0.3171,0.2716,0.3171,0.3171
smc_202,55.66,93.46,1.6791,double,0.1739,0.1081,0.2973,0.2188,0.25,0.25,0.1159,0.1622,0.1622,0.1667,0.0,0.1587,0.125,0.3438,0.3438
smc_203,68.76,90.62,1.3179,double,0.2222,0.4286,0.4286,0.25,0.0,0.013,0.2128,0.0727,0.0727,0.1915,0.0364,0.0364,0.1026,0.3077,0.3077
smc_204,98.93,59.26,0.599,half,0.4386,0.3,0.3,0.3063,0.1228,0.1228,0.2316,0.0556,0.1132,0.4045,0.1852,0.1852,0.1284,0.0545,0.3636
smc_205,78.74,75.48,0.9586,correct,0.8837,0.8864,0.8864,0.8636,0.7826,0.7826,0.8409,0.8043,0.8043,0.8409,0.8043,0.8043,0.8409,0.8043,0.8043
smc_206,71.77,81.04,1.1291,correct,0.439,0.3125,0.3125,0.64,0.5122,0.5122,0.5263,0.5238,0.5238,0.5385,0.5,0.5,0.5,0.5,0.5
smc_207,113.72,107.07,0.9415,correct,0.5385,0.0,0.7027,0.9552,1.0,1.0,0.9552,1.0,1.0,0.9552,1.0,1.0,0.9552,1.0,1.0
smc_208,54.52,108.58,1.9915,double,0.5625,0.6667,0.6667,0.8125,0.8788,0.8788,0.4946,0.0323,0.6935,0.4731,0.0,0.8871,0.7419,1.0,1.0
smc_209,72.99,77.67,1.0641,correct,0.5783,0.7907,0.7907,0.642,0.8537,0.8537,0.506,0.7674,0.7674,0.5349,0.6957,0.6957,0.506,0.7442,0.7442
smc_211,83.74,72.97,0.8714,correct,0.6735,0.7755,0.7755,0.5647,0.6327,0.6327,0.5833,0.6735,0.6735,0.6186,0.7959,0.7959,0.5833,0.6735,0.6735
smc_212,40.54,132.28,3.2628,other,0.2308,0.0,0.4444,0.4783,0.5,0.5,0.2254,0.0426,0.3404,0.1748,0.0,0.0,0.4783,0.625,0.625
smc_213,65.42,93.78,1.4336,double,0.2338,0.4615,0.4615,0.5278,0.7105,0.7105,0.5333,0.7632,0.7632,0.2418,0.0943,0.0943,0.56,0.7895,0.7895
smc_214,45.8,131.46,2.8703,other,0.3333,0.0,0.3889,0.4783,0.5417,0.5417,0.274,0.0,0.4082,0.3368,0.0,0.1268,0.3673,0.44,0.44
smc_215,57.31,93.66,1.6344,double,0.3714,0.3514,0.3514,0.8788,0.8788,0.8788,0.6571,0.6486,0.6486,0.3902,0.0408,0.1231,0.7576,0.9394,0.9394
smc_216,62.21,93.96,1.5103,double,0.6111,0.8333,0.8333,0.7324,0.8333,0.8333,0.6111,0.7222,0.7222,0.2391,0.0,0.0282,0.6027,0.6757,0.6757
smc_217,53.81,111.34,2.069,double,0.4706,0.0,0.5246,0.7742,1.0,1.0,0.6154,0.6176,0.6176,0.6087,0.0,0.9016,0.8387,1.0,1.0
smc_219,91.25,61.77,0.6769,half,0.6275,0.6038,0.6038,0.8077,0.7636,0.7636,0.4375,0.3265,0.3265,0.1778,0.0204,0.1875,0.5098,0.4717,0.4717
smc_220,72.2,83.19,1.1522,correct,0.8095,1.0,1.0,0.7835,0.5455,0.5455,0.9048,1.0,1.0,0.9048,1.0,1.0,0.9048,1.0,1.0
smc_221,52.49,112.42,2.1417,double,0.2651,0.0189,0.4746,0.4918,0.5161,0.5161,0.3059,0.0,0.4915,0.2069,0.0,0.322,0.339,0.5,0.5
smc_222,48.64,117.26,2.4106,double,0.3855,0.0,0.5172,0.5625,0.4615,0.4615,0.3951,0.0,0.5714,0.3704,0.0,0.6786,0.5185,0.6552,0.6552
smc_223,60.42,92.97,1.5386,double,0.5823,0.3696,0.3696,0.6849,0.55,0.55,0.6575,0.525,0.525,0.3095,0.0196,0.1385,0.6087,0.6389,0.6389
smc_224,63.36,94.09,1.485,double,0.3243,0.7027,0.7027,0.35,0.5349,0.5349,0.359,0.5366,0.5366,0.1758,0.0,0.0,0.3117,0.525,0.525
smc_225,44.64,88.73,1.9876,double,0.4412,0.0,0.2857,0.3962,0.0,0.0,0.3774,0.0,0.0,0.08,0.0,0.12,0.0,0.0,0.4231
smc_226,55.68,98.7,1.7725,double,0.6269,0.6571,0.6571,0.5075,0.6857,0.6857,0.4638,0.5676,0.5676,0.3226,0.0,0.5714,0.6462,0.9697,0.9697
smc_227,64.79,92.91,1.4339,double,0.4474,0.6053,0.6053,0.5634,0.6053,0.6053,0.4935,0.5897,0.5897,0.2697,0.1176,0.1176,0.5205,0.6316,0.6316
smc_229,75.0,80.25,1.0699,correct,0.8864,0.9773,0.9773,0.9318,1.0,1.0,0.9318,1.0,1.0,0.9318,1.0,1.0,0.9318,1.0,1.0
smc_232,149.91,87.13,0.5813,half,0.5192,0.2969,0.2969,0.7611,0.5156,0.5156,0.6418,0.5,0.5,0.431,0.0312,0.3077,0.4681,0.1818,0.1818
smc_235,64.52,80.57,1.2488,double,0.6133,0.6667,0.6667,0.5833,0.6111,0.6111,0.5067,0.6667,0.6667,0.4304,0.4419,0.4419,0.5067,0.6667,0.6667
smc_236,63.59,90.96,1.4304,double,0.6866,0.6389,0.6389,0.75,0.8485,0.8485,0.6667,0.6053,0.6053,0.3146,0.0,0.0328,0.7463,0.6667,0.6667
smc_237,64.59,82.82,1.2823,double,0.4878,0.5682,0.5682,0.507,0.7368,0.7368,0.481,0.6585,0.6585,0.3659,0.4773,0.4773,0.4267,0.6842,0.6842
smc_239,48.23,111.71,2.3161,double,0.2716,0.0,0.4,0.4127,0.2571,0.2571,0.186,0.0,0.3448,0.1935,0.0,0.3538,0.3214,0.3571,0.3571
smc_241,75.38,80.55,1.0686,correct,0.5116,0.7674,0.7674,0.3409,0.6889,0.6889,0.3023,0.7674,0.7674,0.3256,0.8372,0.8372,0.3488,0.7907,0.7907
smc_242,78.95,75.04,0.9505,correct,0.7333,0.9111,0.9111,0.7033,0.8696,0.8696,0.7556,0.9333,0.9333,0.7556,0.9333,0.9333,0.7556,0.9333,0.9333
smc_243,51.19,58.24,1.1375,correct,0.4359,0.0,0.4717,0.8148,0.8519,0.8519,0.4789,0.2045,0.3774,0.6667,0.8,0.8,0.6429,0.7931,0.7931
smc_244,109.69,107.99,0.9845,correct,0.2041,0.0,0.4857,0.2553,0.0,0.4688,0.3125,0.0,0.4545,0.2969,0.3385,0.3385,0.2969,0.3385,0.3385
smc_248,97.24,58.01,0.5965,half,0.5185,0.5179,0.5179,0.3947,0.0769,0.4231,0.6078,0.5192,0.5192,0.3529,0.0,0.2727,0.5455,0.5345,0.5345
smc_249,68.7,86.62,1.2609,double,0.8267,0.8718,0.8718,0.88,0.8718,0.8718,0.88,0.8718,0.8718,0.725,0.5455,0.5455,0.88,0.8718,0.8718
smc_251,116.17,103.06,0.8872,correct,0.5102,0.0,0.8235,0.9023,0.8986,0.8986,0.9008,0.9552,0.9552,0.9008,0.9552,0.9552,0.9008,0.9552,0.9552
smc_252,92.74,65.27,0.7038,half,0.6173,0.0,0.7778,0.9444,1.0,1.0,0.9444,1.0,1.0,0.3556,0.0,0.0,0.9444,1.0,1.0
smc_253,65.62,90.81,1.3838,double,0.7692,0.8718,0.8718,0.641,0.6923,0.6923,0.5455,0.6923,0.6923,0.3299,0.0172,0.039,0.5455,0.6923,0.6923
smc_254,99.34,132.8,1.3369,double,0.4314,0.2281,0.2281,0.1687,0.0175,0.2857,0.367,0.3509,0.3509,0.24,0.1471,0.3382,0.367,0.3509,0.3509
smc_255,63.91,89.13,1.3946,double,0.7467,0.7632,0.7632,0.7945,0.6757,0.6757,0.8649,0.8919,0.8919,0.3614,0.2391,0.2391,0.8649,0.8919,0.8919
smc_256,67.87,106.99,1.5763,double,0.4598,0.2157,0.2157,0.6316,0.0,0.7143,0.5526,0.6,0.6,0.3542,0.0,0.0845,0.5526,0.6,0.6
smc_257,155.24,72.62,0.4678,half,0.5487,0.1029,0.5333,0.6218,0.1912,0.3725,0.4754,0.1618,0.4074,0.4685,0.1029,0.3488,0.6941,0.4118,0.4118
smc_258,88.89,65.1,0.7323,half,0.396,0.4423,0.4423,0.3188,0.0698,0.0698,0.3186,0.2295,0.2295,0.2588,0.0,0.2121,0.3119,0.3333,0.3333
smc_259,80.21,74.89,0.9336,correct,0.5352,0.4667,0.4667,0.5588,0.5,0.5,0.5217,0.4884,0.4884,0.5217,0.4884,0.4884,0.5217,0.4884,0.4884
smc_260,101.33,57.11,0.5636,half,0.6316,0.4918,0.4918,0.844,0.7321,0.7321,0.6415,0.6226,0.6226,0.4146,0.0,0.5517,0.6972,0.5714,0.5714
smc_261,70.59,85.18,1.2067,double,0.3846,0.3571,0.3571,0.4615,0.4762,0.4762,0.4146,0.3696,0.3696,0.4146,0.3696,0.3696,0.425,0.4318,0.4318
smc_262,112.36,105.12,0.9355,correct,0.4646,0.0476,0.4444,0.6804,0.3651,0.3651,0.6195,0.3651,0.3651,0.7031,0.6615,0.6615,0.7031,0.6615,0.6615
smc_263,48.43,62.09,1.2822,double,0.4884,0.0,0.8947,0.7213,0.6875,0.6875,0.5349,0.0,0.8947,0.3333,0.0,0.0175,0.7368,0.931,0.931
smc_264,72.8,81.19,1.1153,correct,0.5882,0.8605,0.8605,0.4462,0.0,0.6705,0.4444,0.0,0.7738,0.5714,0.8571,0.8571,0.5714,0.8571,0.8571
smc_265,153.06,73.57,0.4806,half,0.5926,0.1667,0.5882,0.8176,0.6905,0.6905,0.8757,0.8588,0.8588,0.5781,0.0119,0.7045,0.8256,0.7727,0.7727
smc_266,47.71,87.82,1.8406,double,0.3038,0.0,0.4364,0.6349,0.5143,0.5143,0.3636,0.0408,0.4545,0.3077,0.02,0.4545,0.386,0.5172,0.5172
smc_269,54.45,106.84,1.9623,double,0.625,0.6061,0.6061,0.8571,0.8438,0.8438,0.7463,0.6667,0.6667,0.4667,0.0,0.6393,0.8197,0.871,0.871
smc_271,103.18,58.09,0.563,half,1.0,1.0,1.0,1.0,1.0,1.0,1.0,1.0,1.0,0.6444,0.0,0.4667,1.0,1.0,1.0
smc_272,206.9,57.67,0.2787,other,0.6409,0.0,0.5246,0.6409,0.0,0.5246,0.6409,0.0,0.5246,0.3841,0.0,0.0,0.9544,0.9421,0.9421
smc_273,95.71,62.83,0.6564,half,1.0,1.0,1.0,1.0,1.0,1.0,1.0,1.0,1.0,0.4086,0.0,0.0,1.0,1.0,1.0
smc_274,142.86,41.96,0.2937,other,0.0,0.0,0.988,0.0,0.0,0.988,0.0,0.0,0.988,0.0,0.0,0.0,0.0,0.0,0.988
smc_275,40.0,149.18,3.7295,other,0.4946,0.0,0.0,0.4946,0.0,0.0,0.4731,0.0,0.0,0.4731,0.0,0.0,0.9565,1.0,1.0
smc_276,188.09,63.86,0.3395,other,0.6667,0.0,1.0,0.6667,0.0,1.0,0.6667,0.0,1.0,0.4932,0.0,0.0,0.9954,0.9909,0.9909
smc_277,52.45,114.16,2.1766,double,0.6739,0.0,1.0,0.5636,0.0,0.4684,0.6739,0.0,1.0,0.6739,0.0,1.0,1.0,1.0,1.0
smc_278,104.55,57.66,0.5516,half,1.0,1.0,1.0,1.0,1.0,1.0,1.0,1.0,1.0,0.6667,0.0,1.0,1.0,1.0,1.0
smc_279,104.17,57.41,0.5511,half,1.0,1.0,1.0,1.0,1.0,1.0,1.0,1.0,1.0,0.6739,0.0,1.0,1.0,1.0,1.0
smc_280,85.23,70.66,0.8291,correct,1.0,1.0,1.0,1.0,1.0,1.0,1.0,1.0,1.0,1.0,1.0,1.0,1.0,1.0,1.0
smc_281,93.6,64.08,0.6846,half,1.0,1.0,1.0,1.0,1.0,1.0,1.0,1.0,1.0,0.4,0.0,0.0,1.0,1.0,1.0
smc_282,93.97,63.82,0.6791,half,0.9818,0.9636,0.9636,0.9818,0.9636,0.9636,0.9818,0.9636,0.9636,0.3736,0.0,0.0278,0.9818,0.9636,0.9636
smc_283,85.23,69.96,0.8209,correct,0.98,1.0,1.0,0.8696,0.5538,0.5538,1.0,1.0,1.0,0.4048,0.0,0.0,1.0,1.0,1.0
smc_284,100.0,60.05,0.6005,half,0.6667,0.0,0.9828,1.0,1.0,1.0,1.0,1.0,1.0,0.6667,0.0,1.0,1.0,1.0,1.0
smc_285,120.0,49.94,0.4162,half,1.0,1.0,1.0,0.3537,0.1429,0.4675,0.2714,0.2571,0.6857,0.1584,0.0,0.0,0.2714,0.2571,0.6857
smc_286,87.98,67.97,0.7725,half,1.0,1.0,1.0,1.0,1.0,1.0,1.0,1.0,1.0,0.4138,0.0,0.0,1.0,1.0,1.0
smc_287,101.69,58.72,0.5774,half,1.0,1.0,1.0,1.0,0.9833,0.9833,1.0,0.9833,0.9833,0.6667,0.0,1.0,1.0,0.9833,0.9833
smc_288,101.35,59.32,0.5853,half,1.0,1.0,1.0,0.9915,0.9831,0.9831,1.0,1.0,1.0,0.6591,0.0,1.0,1.0,1.0,1.0
smc_289,99.85,60.12,0.6021,half,1.0,1.0,1.0,1.0,1.0,1.0,1.0,1.0,1.0,0.6667,0.0,1.0,1.0,1.0,1.0
