track_id,bt_F,bt_AMLt,bt_CMLt,btr_F,category,descriptors,confidence,bt_act_mean,bt_act_max,bt_act_median,bt_act_peak_prominence_mean,bt_act_peak_prominence_std,bt_act_n_peaks,bt_act_periodicity,bt_act_entropy,bt_act_gt_peak_mean,bt_act_gt_peak_std,bt_act_nongt_peak_mean,btr_act_mean,btr_act_max,btr_act_median,btr_act_peak_prominence_mean,btr_act_peak_prominence_std,btr_act_n_peaks,btr_act_periodicity,btr_act_entropy,btr_act_gt_peak_mean,btr_act_gt_peak_std,btr_act_nongt_peak_mean,bt_failure_mode,btr_failure_mode
smc_001,0.5946,0.3696,0.3696,0.7500,other,slow tempo; poor sound quality,1,0.1317,0.9976,0.0354,0.5276,0.3556,64,0.7051,6.6445,0.8243,0.2751,0.7828,0.0716,0.7662,0.0005,0.4453,0.1894,42,0.8666,6.0008,0.5442,0.1281,0.5665,,
smc_002,0.4575,0.0000,0.0000,0.3789,other,quiet accompaniment; gradual tempo change; expressive timing; lack of transient sounds; wide dynamic range; ternary meter; ambiguity of metrical level; beat phase ambiguity,3,0.3848,0.9999,0.2704,0.8794,0.2280,142,0.7893,7.0621,0.8835,0.2144,0.9522,0.1035,0.8795,0.0099,0.4635,0.2288,88,0.4807,6.3406,0.4453,0.2482,0.5871,,
smc_003,0.5000,0.5698,0.0000,0.5167,other,expressive timing; pauses; low familiarity; rich ornamentation in the interpretation,2,0.1611,0.9991,0.0208,0.7336,0.3392,107,0.6401,6.4720,0.8453,0.2825,0.9091,0.0945,0.7587,0.0352,0.3311,0.2103,62,0.4591,6.7200,0.5050,0.1847,0.3107,,
smc_004,0.5714,0.4545,0.4545,0.5217,continuity_drift,slow tempo; expressive timing; pauses; low familiarity,2,0.0957,0.9988,0.0167,0.5720,0.3293,46,0.2549,6.4473,0.6221,0.3299,0.7587,0.0630,0.7260,0.0185,0.2714,0.1896,33,0.1648,6.5168,0.3568,0.1983,0.3313,,
smc_005,0.3922,0.6429,0.6429,0.3478,octave_error,poor sound quality; lack of transient sounds; expressive timing; ternary meter,2,0.1096,0.9817,0.0053,0.6489,0.3132,42,0.6066,6.2495,0.5168,0.3691,0.8522,0.0483,0.6109,0.0079,0.2902,0.1451,19,0.6846,6.3246,0.2128,0.1645,0.2555,,
smc_006,0.8571,0.5556,0.5556,0.7606,other,slow tempo; tempo incontinuity; expressive timing,1,0.0492,0.9920,0.0012,0.7696,0.3051,32,0.1710,5.5223,0.6956,0.3837,0.0000,0.0510,0.7324,0.0065,0.3746,0.2082,34,0.1297,6.1350,0.4419,0.1862,0.1134,,
smc_007,0.6000,0.8000,0.8000,0.5667,other,slow tempo; gradual tempo change; lack of transient sounds; missing bass; lack of harmonic change; no repetition; low familiarity; ternary meter; expressive timing,4,0.1241,0.9751,0.0027,0.8768,0.1441,36,0.7682,6.1876,0.6756,0.3308,0.9074,0.0627,0.6209,0.0126,0.3016,0.1182,28,0.6101,6.4834,0.2512,0.1375,0.3522,,
smc_008,0.5185,0.1266,0.1266,0.3817,other,beat phase ambiguity; strong syncopation,2,0.0882,0.9995,0.0002,0.7797,0.2854,70,0.6639,5.6606,0.4260,0.4369,0.8801,0.0727,0.7963,0.0028,0.4396,0.1820,57,0.7853,6.0919,0.1951,0.2335,0.4898,,
smc_009,0.4427,0.0000,0.0000,0.4275,other,quiet accompaniment,1,0.2216,0.9994,0.0064,0.9313,0.2091,119,0.9292,6.5033,0.8718,0.2411,0.9852,0.1236,0.9278,0.0046,0.5620,0.2602,102,0.8056,6.2971,0.5907,0.2446,0.5703,,
smc_010,0.8889,0.9778,0.9778,0.9333,good,slow tempo; expressive timing; ternary meter; ambiguity of metrical level,2,0.0898,0.9994,0.0000,0.9590,0.1317,51,0.6722,5.6925,0.8974,0.2393,0.9299,0.0627,0.7547,0.0001,0.5054,0.1279,47,0.8275,5.8536,0.4858,0.1569,0.3467,,
smc_011,0.7652,0.5000,0.5000,0.8113,other,expressive timing; pauses; missing bass,1,0.1342,0.9975,0.0058,0.8463,0.2592,76,0.7117,6.2318,0.8455,0.2965,0.8463,0.0809,0.8751,0.0047,0.5167,0.2503,61,0.6613,6.0984,0.5983,0.2182,0.4210,,
smc_012,0.5472,0.5273,0.5273,0.4356,continuity_drift,expressive timing; strong syncopation,2,0.1738,0.9875,0.0435,0.6228,0.3203,76,0.7115,6.7383,0.6309,0.3117,0.7757,0.0626,0.8081,0.0096,0.3170,0.2053,36,0.5040,6.2628,0.2713,0.2283,0.3230,,
smc_013,0.9464,1.0000,1.0000,0.9107,good,lack of transient sounds; missing bass,1,0.1072,0.9982,0.0001,0.9358,0.0960,64,0.7005,5.9291,0.8807,0.2085,0.8481,0.0828,0.7865,0.0008,0.5215,0.1778,62,0.8046,6.0565,0.5365,0.1649,0.4205,,
smc_014,0.7901,0.6222,0.6222,0.8571,other,gradual tempo change; expressive timing; missing bass,1,0.0693,0.9969,0.0033,0.6553,0.3371,50,0.2097,6.0060,0.6757,0.3396,0.8667,0.0657,0.8400,0.0053,0.3940,0.2393,40,0.5003,6.1314,0.4804,0.2236,0.2591,,
smc_015,0.4308,0.5227,0.0000,0.2828,other,slow tempo; expressive timing; changing time signature; rich ornamentation in the interpretation; ternary meter; ambiguity of metrical level,1,0.0946,0.9964,0.0057,0.6455,0.3559,54,0.3526,6.1060,0.6899,0.3850,0.8483,0.0894,0.8063,0.0238,0.3834,0.2074,67,0.3967,6.5481,0.4643,0.2717,0.3713,,
smc_016,0.7952,0.9524,0.9524,0.8293,other,gradual tempo change; expressive timing; low familiarity,2,0.1212,0.9986,0.0002,0.9011,0.2146,50,0.6657,5.9803,0.8602,0.2537,0.9068,0.0644,0.7847,0.0155,0.3019,0.1991,36,0.5576,6.4454,0.3854,0.1898,0.2828,,
smc_017,0.8916,0.9048,0.9048,0.8333,good,quiet accompaniment; lack of transient sounds; excerpt is the introduction of a song; ternary meter,2,0.1344,0.9966,0.0034,0.8112,0.3144,49,0.7457,6.2065,0.8488,0.2681,0.8861,0.0813,0.7482,0.0324,0.2821,0.1605,51,0.4353,6.7171,0.3500,0.1572,0.3412,,
smc_018,0.3396,0.2456,0.2105,0.2200,other,expressive timing; strong syncopation,2,0.2027,0.9957,0.1045,0.3859,0.3375,121,0.5639,6.9771,0.4204,0.3514,0.8008,0.0945,0.7120,0.0557,0.2401,0.1763,48,0.2824,6.9311,0.2195,0.1728,0.3272,,
smc_019,0.8679,0.5333,0.5333,0.5634,other,slow tempo; expressive timing; lack of transient sounds; missing bass,1,0.0942,0.9816,0.0010,0.6239,0.3453,48,0.4845,6.0395,0.8765,0.1401,0.7531,0.0781,0.7421,0.0021,0.4363,0.1783,52,0.7619,6.1643,0.5024,0.1026,0.4705,,
smc_021,0.4673,0.6111,0.6111,0.5769,other,quiet accompaniment; slow tempo; excerpt is the introduction of a song; tempo incontinuity,2,0.1675,0.9985,0.0201,0.7863,0.2917,62,0.7610,6.5425,0.5758,0.4101,0.8194,0.0686,0.7073,0.0244,0.2789,0.1883,30,0.6554,6.6059,0.2541,0.1946,0.2865,,
smc_022,0.9487,0.8750,0.8750,0.6420,other,expressive timing; low familiarity with the song/style,2,0.0835,0.9981,0.0028,0.7188,0.3608,49,0.2451,5.8697,0.9375,0.1394,0.7545,0.0728,0.7897,0.0139,0.3613,0.2191,50,0.3334,6.3597,0.5377,0.1664,0.2952,,
smc_023,0.6667,0.8049,0.0513,0.6452,other,slow tempo; tempo incontinuity; expressive timing; ternary meter; rich ornamentation in the interpretation; missing bass,1,0.0500,0.9997,0.0000,0.8593,0.2546,45,0.3271,5.0705,0.9380,0.2134,0.8917,0.0634,0.7920,0.0037,0.4380,0.2415,43,0.4488,5.9975,0.6344,0.0934,0.5175,,
smc_024,0.7200,0.4200,0.2267,0.6984,other,expressive timing; pauses; ternary meter,2,0.0816,0.9976,0.0046,0.5667,0.3313,80,0.1955,6.0426,0.5753,0.3740,0.6872,0.0846,0.8559,0.0183,0.3800,0.1999,61,0.3978,6.4808,0.3803,0.2160,0.1918,,
smc_026,0.7458,0.9333,0.9333,0.6441,other,slow tempo; lack of transient sounds; gradual tempo change,2,0.0739,0.9970,0.0001,0.9833,0.0282,35,0.6207,5.4519,0.7830,0.3299,0.9656,0.0649,0.6467,0.0036,0.3706,0.1649,35,0.7602,6.1698,0.4435,0.1268,0.4479,,
smc_027,0.5682,0.3922,0.3922,0.8108,other,slow tempo; gradual tempo change; expressive timing; rich ornamentation in the interpretation; quiet accompaniment,2,0.1340,0.9986,0.0056,0.7228,0.3295,73,0.2820,6.2406,0.7743,0.3375,0.8695,0.0637,0.7458,0.0040,0.3537,0.2019,41,0.5020,6.1489,0.4345,0.1723,0.4707,,
smc_028,0.4255,0.7188,0.0161,0.4124,octave_error,gradual tempo change; expressive timing; ternary meter,2,0.0757,0.9987,0.0029,0.6384,0.3503,49,0.3395,5.8723,0.3474,0.3984,0.9175,0.0600,0.7287,0.0098,0.3333,0.1861,45,0.3454,6.3161,0.2422,0.2116,0.3343,,
smc_030,0.9407,0.8250,0.8250,0.5096,other,expressive timing; rich ornamentation in the interpretation; strong syncopation; quiet accompaniment; ternary meter,2,0.2019,1.0000,0.0040,0.9148,0.2237,138,0.7806,6.3559,0.9175,0.2233,0.8440,0.0771,0.8923,0.0039,0.4812,0.2361,62,0.6635,6.0517,0.2747,0.3060,0.2224,,
smc_032,0.6118,0.5000,0.5000,0.5794,other,changing time signature; tempo incontinuity; pauses; lack of transient sounds; lack of harmonic change; wide dynamic range; rich ornamentation in the interpretation,3,0.0914,0.9971,0.0293,0.6159,0.3538,35,0.6911,6.6016,0.4820,0.3955,0.7506,0.0624,0.7843,0.0187,0.3441,0.2245,33,0.7463,6.4254,0.3129,0.2626,0.2404,,
smc_033,0.7027,0.7069,0.7069,0.5294,other,slow tempo; gradual tempo change; tempo incontinuity; expressive timing; missing bass; ternary meter,2,0.1596,0.9975,0.0122,0.7842,0.3136,72,0.5592,6.4322,0.7159,0.3462,0.8770,0.0618,0.8192,0.0093,0.3254,0.1924,39,0.2443,6.3130,0.2612,0.2237,0.2931,,
smc_034,0.9459,1.0000,1.0000,0.8919,good,tempo incontinuity; gradual tempo change,1,0.0909,0.9947,0.0000,0.9446,0.1722,41,0.8158,5.7379,0.9339,0.1728,0.9170,0.0633,0.6791,0.0022,0.4226,0.1657,42,0.8465,6.0352,0.4832,0.1123,0.4028,,
smc_035,0.7536,0.9714,0.9714,0.7246,other,quiet accompaniment; lack of harmonic change,1,0.0880,0.9921,0.0001,0.8589,0.2011,40,0.6180,5.7651,0.7516,0.2401,0.9314,0.0486,0.5851,0.0139,0.2704,0.1358,17,0.5181,6.4848,0.2451,0.1450,0.2756,,
smc_036,0.7292,0.6338,0.2000,0.6182,other,slow tempo; lack of transient sounds,1,0.1915,0.9832,0.0390,0.7116,0.2914,75,0.7979,6.7015,0.8637,0.2299,0.7186,0.0971,0.7793,0.0026,0.5663,0.1608,73,0.8588,6.1825,0.5437,0.2125,0.4925,,
smc_037,0.5882,0.7647,0.0294,0.5915,other,quiet accompaniment; slow tempo; gradual tempo change; expressive timing; pauses; poor sound quality; rich ornamentation in the interpretation,3,0.0364,0.9985,0.0002,0.6986,0.3578,24,0.1890,5.1084,0.4603,0.4473,0.7770,0.0713,0.6961,0.0150,0.3676,0.1989,44,0.3437,6.4076,0.4287,0.2320,0.3219,,
smc_038,0.7733,0.8205,0.8205,0.8056,other,expressive timing; missing bass,1,0.0750,0.9991,0.0012,0.7858,0.3320,45,0.5077,5.7484,0.8141,0.3077,0.8647,0.0626,0.8170,0.0090,0.4239,0.2244,39,0.4776,6.2093,0.5085,0.2145,0.3567,,
smc_041,0.9268,0.8780,0.8780,0.5057,other,quiet accompaniment; lack of transient sounds,1,0.1307,0.9972,0.0041,0.6975,0.3548,54,0.8075,6.2421,0.8723,0.1880,0.7901,0.0616,0.6649,0.0148,0.2642,0.1784,37,0.3310,6.4311,0.2916,0.2151,0.3063,,
smc_042,0.8333,0.6061,0.6061,0.5750,other,slow tempo; expressive timing; missing bass; rich ornamentation in the interpretation; ternary meter,1,0.0584,0.9983,0.0002,0.7907,0.3060,43,0.3015,5.3460,0.8320,0.3206,0.8494,0.0821,0.8376,0.0022,0.5442,0.2033,57,0.6615,6.0836,0.5661,0.1800,0.5508,,
smc_043,0.8113,0.6964,0.6964,0.7037,other,expressive timing; pauses; rich ornamentation in the interpretation; ternary meter,3,0.1823,0.9839,0.0720,0.6248,0.3437,80,0.4446,6.8883,0.8267,0.2052,0.7506,0.0761,0.8398,0.0122,0.4007,0.2236,57,0.3936,6.3130,0.4520,0.2176,0.2876,,
smc_044,0.7750,0.6279,0.6279,0.7674,other,expressive timing; missing bass,1,0.0495,0.9991,0.0003,0.6640,0.3644,49,0.1704,5.3829,0.5726,0.3830,0.9478,0.0664,0.7505,0.0072,0.4268,0.2007,47,0.4160,6.2042,0.4668,0.1790,0.4092,,
smc_046,0.6410,0.8250,0.8250,0.5526,other,expressive timing; strong syncopation; missing bass; slow tempo,1,0.0717,0.9994,0.0005,0.8657,0.2573,47,0.5957,5.4895,0.6368,0.4130,0.9250,0.0745,0.8286,0.0093,0.4197,0.2256,51,0.4730,6.2254,0.3512,0.2651,0.5844,,
smc_047,0.5333,0.8462,0.0196,0.4000,octave_error,slow tempo; gradual tempo change; expressive timing; lack of transient sounds,2,0.1014,0.9666,0.0055,0.6902,0.2987,31,0.4885,6.2116,0.4301,0.3960,0.8610,0.0475,0.5341,0.0049,0.2927,0.1155,22,0.4871,6.2443,0.1741,0.1613,0.2945,,
smc_048,0.5000,0.7083,0.7083,0.3922,other,quiet accompaniment; slow tempo,1,0.1128,0.9590,0.0225,0.6166,0.3127,27,0.3430,6.5116,0.6410,0.2256,0.7938,0.0567,0.4806,0.0121,0.2435,0.1303,26,0.3842,6.4867,0.2543,0.1306,0.2828,,
smc_051,0.5474,0.4483,0.4483,0.7297,other,slow tempo; gradual tempo change; tempo incontinuity; expressive timing; missing bass,2,0.1107,0.9998,0.0001,0.9291,0.1966,64,0.6560,5.8027,0.7537,0.3938,0.9620,0.0900,0.8379,0.0103,0.4824,0.2057,68,0.6144,6.3028,0.4979,0.2384,0.5775,,
smc_052,0.7103,0.8704,0.8704,0.7925,other,quiet accompaniment; slow tempo; gradual tempo change; tempo incontinuity; expressive timing,2,0.1371,0.9985,0.0006,0.9295,0.1893,63,0.6839,6.0519,0.7110,0.3855,0.9580,0.0564,0.7405,0.0093,0.3148,0.1832,33,0.4983,6.2859,0.2986,0.2067,0.3263,,
smc_054,0.9444,0.9459,0.9459,0.8889,good,quiet accompaniment; pauses,1,0.1161,0.9868,0.0001,0.8901,0.1910,43,0.8482,6.0680,0.9501,0.0600,0.7142,0.0991,0.8194,0.0117,0.4740,0.2222,61,0.8022,6.3180,0.6338,0.1340,0.3201,,
smc_055,0.5397,0.4167,0.1282,0.3103,other,quiet accompaniment; slow tempo; expressive timing; missing bass; ternary meter,3,0.1485,0.9671,0.0873,0.3798,0.2978,39,0.4134,7.0525,0.4756,0.2821,0.6320,0.0429,0.5362,0.0119,0.2274,0.1102,12,0.2873,6.5341,0.1253,0.1392,0.2166,,
smc_056,0.3226,0.1453,0.1042,0.1653,other,expressive timing; gradual tempo change; strong syncopation,2,0.3079,0.9840,0.2411,0.4043,0.3136,196,0.3654,7.2577,0.5716,0.3015,0.7679,0.0822,0.7851,0.0374,0.2641,0.1847,49,0.1728,6.7324,0.1803,0.1810,0.3203,,
smc_057,0.4839,0.6571,0.6571,0.4000,other,slow tempo; lack of transient sounds; missing bass; wide dynamic range; no repetition; low familiarity,4,0.1085,0.9779,0.0344,0.5426,0.3578,36,0.6718,6.6490,0.4629,0.3453,0.8509,0.0595,0.6304,0.0148,0.2606,0.1615,38,0.4557,6.5269,0.2003,0.1420,0.3149,,
smc_058,0.4638,0.7500,0.7500,0.5634,octave_error,slow tempo; lack of transient sounds; ternary meter,1,0.1313,0.9875,0.0049,0.6339,0.3471,45,0.6156,6.3457,0.5296,0.3615,0.8262,0.0538,0.5866,0.0092,0.2777,0.1436,24,0.5147,6.3819,0.2360,0.1756,0.2458,,
smc_059,0.3750,0.0000,0.0000,0.9048,other,quiet accompaniment; wide dynamic range,2,0.8529,1.0000,0.9772,0.4849,0.2962,176,0.5734,7.5458,0.9894,0.0391,0.9967,0.0667,0.7688,0.0051,0.4518,0.2104,41,0.8740,6.1144,0.4961,0.1886,0.5166,,
smc_060,0.6053,0.6098,0.6098,0.6154,other,slow tempo; lack of transient sounds; missing bass,1,0.1164,0.9850,0.0028,0.7248,0.3494,51,0.6503,6.2784,0.6375,0.3553,0.8846,0.0569,0.6312,0.0071,0.3415,0.1664,40,0.6720,6.2564,0.3476,0.1855,0.2973,,
smc_061,0.5397,0.7333,0.1000,0.5294,other,slow tempo; expressive timing; lack of transient sounds; missing bass; ternary meter,1,0.1014,0.9628,0.0081,0.6588,0.2793,49,0.5442,6.2921,0.7290,0.2561,0.7664,0.0741,0.7301,0.0047,0.3752,0.1459,43,0.8599,6.3023,0.3994,0.1397,0.3764,,
smc_063,0.7000,0.7255,0.7255,0.8155,other,slow tempo; expressive timing; lack of transient sounds,2,0.1718,0.9941,0.0557,0.7046,0.2978,59,0.7344,6.7582,0.7180,0.2735,0.7356,0.0622,0.8645,0.0192,0.3059,0.1696,31,0.6085,6.5290,0.3076,0.1870,0.2621,,
smc_064,0.0000,0.2222,0.0185,0.0000,total_failure,poor sound quality; wide dynamic range,1,0.1531,0.9940,0.0047,0.7998,0.2615,64,0.8422,6.3466,0.1350,0.2000,0.8814,0.0786,0.7124,0.0049,0.4012,0.1720,46,0.8730,6.3025,0.0620,0.0730,0.4297,wrong_peaks,wrong_peaks
smc_065,0.9767,1.0000,1.0000,0.9535,good,strong syncopation; missing bass,1,0.0886,0.9997,0.0000,0.9779,0.1050,49,0.8245,5.5474,0.9526,0.1664,0.7954,0.0732,0.8793,0.0120,0.4006,0.2337,49,0.7540,6.2882,0.5444,0.1965,0.2889,,
smc_066,0.5306,0.6667,0.6667,0.7407,other,slow tempo; expressive timing; lack of transient sounds; missing bass; ambiguity of metrical level; ternary meter,3,0.1202,0.9782,0.0370,0.5350,0.3608,30,0.6126,6.6574,0.6527,0.2788,0.8496,0.0521,0.5662,0.0105,0.2844,0.1442,23,0.6069,6.3916,0.3122,0.1403,0.2688,,
smc_067,0.8713,0.9412,0.9412,0.8317,good,slow tempo; strong syncopation,1,0.1535,0.9946,0.0000,0.9513,0.1519,60,0.8565,6.1064,0.9023,0.1693,0.9749,0.0676,0.7782,0.0009,0.5029,0.1992,55,0.6905,5.9211,0.4596,0.2168,0.5229,,
smc_068,0.9245,0.9811,0.9811,0.8491,good,lack of transient sounds; missing bass; ternary meter,1,0.0919,0.9999,0.0000,0.9952,0.0061,61,0.6485,5.6222,0.8784,0.2592,0.9936,0.0681,0.6784,0.0015,0.3941,0.1707,51,0.6331,6.0987,0.3757,0.1745,0.3773,,
smc_069,0.8041,0.8980,0.8980,0.7600,other,expressive timing; rich ornamentation in the interpretation,3,0.1415,0.9982,0.0046,0.6601,0.3723,77,0.7204,6.2934,0.8191,0.2742,0.8402,0.0827,0.8649,0.0025,0.5547,0.2128,58,0.6973,6.0695,0.5934,0.1940,0.4258,,
smc_071,0.9670,0.9565,0.9565,0.9130,good,expressive timing; missing bass; ternary meter,1,0.0775,0.9999,0.0000,0.9663,0.1456,52,0.5802,5.3320,0.9168,0.2254,0.9834,0.0734,0.8215,0.0046,0.4502,0.1973,54,0.7889,6.1417,0.5306,0.1320,0.4329,,
smc_072,0.8861,0.9750,0.9750,0.9231,good,quiet accompaniment; expressive timing; pauses,2,0.0794,0.9993,0.0001,0.8723,0.2789,45,0.6623,5.5306,0.9241,0.2001,0.9401,0.0597,0.8079,0.0012,0.4676,0.2100,42,0.7187,5.8644,0.5507,0.1456,0.5079,,
smc_073,0.8889,0.9512,0.9512,0.8537,good,quiet accompaniment; tempo incontinuity; gradual tempo change; lack of harmonic change,2,0.1168,0.9982,0.0019,0.8325,0.3018,49,0.7650,6.0351,0.8656,0.2188,0.9719,0.0656,0.7655,0.0007,0.4969,0.1598,47,0.8260,5.9113,0.4951,0.1525,0.5130,,
smc_074,0.5070,0.0000,0.0000,0.7290,other,expressive timing; ternary meter; missing bass,2,0.0543,0.9875,0.0000,0.5741,0.4022,39,0.2558,5.0592,0.3187,0.4496,0.0000,0.0678,0.6841,0.0164,0.3731,0.1684,47,0.2748,6.4788,0.3933,0.1611,0.2453,,
smc_075,0.5882,0.5957,0.5957,0.5495,other,quiet accompaniment; high syncopation,2,0.1251,0.9993,0.0324,0.6627,0.3181,52,0.7473,6.5628,0.4976,0.3585,0.7857,0.0547,0.7726,0.0075,0.3605,0.2149,31,0.5668,6.1913,0.2677,0.2443,0.2770,,
smc_076,0.4646,0.1346,0.1346,0.6667,other,tempo incontinuity; expressive timing,2,0.2077,0.9655,0.1219,0.3386,0.2882,140,0.3022,7.1466,0.4640,0.3228,0.7136,0.0600,0.7926,0.0121,0.3691,0.2228,42,0.4405,6.2971,0.3440,0.2297,0.3398,,
smc_079,0.6971,0.5373,0.1574,0.6012,other,expressive timing; tempo incontinuity; gradual tempo change; ternary meter,2,0.1339,0.9949,0.0252,0.5996,0.3594,91,0.3626,6.5139,0.6001,0.3745,0.7773,0.0961,0.8071,0.0259,0.3742,0.2224,71,0.4118,6.5567,0.3417,0.2496,0.3366,,
smc_080,0.3810,0.2500,0.0000,0.2951,other,changing time signature; gradual tempo change; tempo incontinuity; expressive timing; pauses; missing bass; ternary meter,3,0.1679,0.9849,0.0907,0.4257,0.3529,80,0.2809,7.0597,0.6969,0.3524,0.8280,0.0618,0.7314,0.0137,0.3496,0.1885,45,0.0858,6.3774,0.3958,0.2194,0.3558,,
smc_082,0.9661,0.8852,0.8852,0.8361,good,tempo incontinuity; ternary meter; missing bass,3,0.1932,0.9947,0.0436,0.8215,0.2614,78,0.8322,6.7058,0.9021,0.1671,0.8249,0.0767,0.7909,0.0157,0.3792,0.1930,53,0.5719,6.4214,0.4091,0.1826,0.1744,,
smc_084,0.0667,0.0800,0.0800,0.0851,total_failure,slow tempo; lack of transient sounds; beat phase ambiguity; missing bass; changing time signature,2,0.1064,0.7638,0.0837,0.1837,0.1574,14,0.4700,7.2968,0.1773,0.1458,0.6238,0.0480,0.3693,0.0333,0.1407,0.0638,2,0.2421,7.0785,0.0598,0.0547,0.1554,wrong_peaks,flat_activations
smc_085,0.2812,0.6562,0.6562,0.2623,octave_error,lack of transient sounds; quiet accompaniment; ternary,2,0.1254,0.9775,0.0003,0.8722,0.1631,38,0.7993,6.1048,0.5056,0.3738,0.8939,0.0538,0.5392,0.0037,0.3175,0.1422,24,0.7312,6.1974,0.1688,0.1354,0.3856,,
smc_086,0.8750,0.7500,0.7500,0.8101,good,slow tempo; gradual tempo change; tempo discontinuity; expressive timing; pauses; quiet accompaniment; rich ornamentation in the interpretation,2,0.1080,0.9986,0.0068,0.7456,0.3407,48,0.4538,6.1684,0.8686,0.2227,0.8177,0.0511,0.6429,0.0082,0.3069,0.1632,34,0.4247,6.2848,0.3638,0.1522,0.1625,,
smc_087,0.8088,0.5789,0.5789,0.9917,good,"poor sound quality; lack of transient sounds; ""cd skips""",2,0.1617,0.9996,0.0055,0.7810,0.3073,102,0.8674,6.3189,0.9248,0.1840,0.8346,0.0849,0.7722,0.0047,0.5260,0.1553,65,0.8853,6.1605,0.5496,0.1279,0.3080,,
smc_088,0.5205,0.5641,0.5641,0.5352,continuity_drift,quiet accompaniment; slow tempo; gradual tempo change; expressive timing; ternary meter,2,0.1674,0.9980,0.0623,0.4877,0.3593,62,0.6924,6.8152,0.6912,0.3029,0.8403,0.1186,0.7832,0.0522,0.3395,0.2160,75,0.5780,6.7630,0.4917,0.2106,0.4777,,
smc_089,0.6047,0.4000,0.4000,0.7083,other,quiet accompaniment; gradual tempo change; expressive timing,2,0.1265,0.9694,0.0275,0.6473,0.3000,50,0.7598,6.5733,0.5768,0.3214,0.7671,0.0733,0.5858,0.0317,0.2785,0.1467,42,0.6063,6.7232,0.2563,0.1527,0.3476,,
smc_092,0.7480,0.5306,0.2973,0.8859,other,ambiguity of metrical level; wide dynamic range,1,0.1679,0.9891,0.0194,0.5414,0.3762,80,0.8159,6.5466,0.6529,0.3457,0.7453,0.0827,0.8034,0.0128,0.4105,0.2154,58,0.7672,6.3452,0.4363,0.2170,0.1395,,
smc_093,0.7832,0.6316,0.6316,0.4348,other,missing bass; rich ornamentation in the interpretation; beat phase ambiguity,2,0.2101,0.9939,0.0557,0.4978,0.3588,127,0.6108,6.7960,0.7323,0.2881,0.7093,0.0830,0.6564,0.0513,0.1932,0.1310,40,0.2301,6.9889,0.2124,0.1451,0.2617,,
smc_095,0.8387,0.8723,0.8723,0.4634,other,quiet accompaniment; slow tempo; lack of transient sounds; missing bass,2,0.0975,0.9998,0.0006,0.8722,0.2414,55,0.6337,5.8391,0.8329,0.2935,0.8153,0.0685,0.7149,0.0117,0.3616,0.1896,45,0.4306,6.3409,0.2828,0.2122,0.3648,,
smc_096,0.9839,1.0000,1.0000,0.9677,good,lack of transient sounds; missing bass; ternary meter,1,0.1272,0.9992,0.0011,0.9890,0.0625,71,0.8628,5.9359,0.9364,0.1784,0.9978,0.0906,0.7343,0.0006,0.5497,0.0909,69,0.8922,6.0989,0.5363,0.1056,0.5629,,
smc_098,0.7015,0.4639,0.2235,0.7706,other,expressive timing; pauses; wide dynamic range,3,0.3096,0.9987,0.2190,0.6486,0.3467,122,0.8128,7.1257,0.9309,0.0975,0.7951,0.0792,0.8919,0.0120,0.3956,0.2684,50,0.8107,6.3035,0.5348,0.2518,0.2668,,
smc_099,0.5455,0.9091,0.9091,0.3838,octave_error,expressive timing,2,0.0947,0.9952,0.0024,0.7427,0.3625,38,0.6321,5.9197,0.6391,0.3956,0.9735,0.0768,0.7657,0.0022,0.4590,0.1856,51,0.7081,6.1445,0.4190,0.2488,0.3510,,
smc_100,0.4646,0.2740,0.1935,0.5128,other,gradual tempo change; tempo incontinuity; expressive timing; pauses; missing bass,2,0.2076,0.9937,0.1112,0.4617,0.3121,102,0.3713,7.0373,0.6315,0.2937,0.7184,0.0621,0.7805,0.0141,0.2907,0.1981,40,0.2285,6.4278,0.3202,0.2118,0.3129,,
smc_101,0.4938,0.1000,0.0339,0.7288,other,gradual tempo change; expressive timing; ternary meter; missing bass,2,0.0518,0.9958,0.0012,0.5082,0.3509,47,0.1833,5.5387,0.3747,0.4126,0.7680,0.0702,0.7243,0.0106,0.3817,0.1988,55,0.2426,6.3190,0.3971,0.2012,0.2310,,
smc_103,0.4301,0.1852,0.1852,0.5932,other,expressive timing; missing bass,2,0.1507,0.9778,0.0631,0.4480,0.3207,70,0.3089,6.8961,0.4605,0.3397,0.6705,0.0606,0.6223,0.0237,0.2884,0.1627,35,0.2494,6.6691,0.2392,0.1780,0.2250,,
smc_104,0.6355,0.7273,0.0588,0.3846,other,quiet accompaniment; slow tempo; poor sound quality,1,0.2507,0.9655,0.1516,0.6057,0.2628,93,0.6851,7.1018,0.7785,0.1546,0.6783,0.0578,0.5254,0.0239,0.2492,0.1119,26,0.5111,6.7586,0.1635,0.1300,0.2165,,
smc_105,0.2569,0.2703,0.0000,0.1622,total_failure,expressive timing; low familiarity,4,0.1008,0.9966,0.0210,0.3932,0.3211,72,0.1546,6.5387,0.1993,0.2846,0.7897,0.0690,0.6981,0.0257,0.2787,0.1943,37,0.2947,6.6460,0.1106,0.1411,0.3954,wrong_peaks,wrong_peaks
smc_106,0.3551,0.5352,0.0000,0.5833,other,beat phase ambiguity,1,0.1593,1.0000,0.0002,0.8477,0.3012,95,0.7013,6.0821,0.5700,0.4552,0.9774,0.0699,0.7147,0.0157,0.3041,0.1946,52,0.4480,6.4221,0.3400,0.2296,0.4532,,
smc_109,0.4068,0.1375,0.0500,0.6076,other,slow tempo; lack of transient sounds; gradual tempo change; ternary meter,1,0.3205,0.9705,0.2559,0.5060,0.3259,116,0.5832,7.2453,0.6942,0.2723,0.7517,0.0595,0.7095,0.0196,0.2580,0.1600,23,0.5232,6.5823,0.2796,0.1953,0.2483,,
smc_111,0.4706,0.1875,0.1875,0.4651,other,expressive timing; ternary,2,0.1368,0.9959,0.0467,0.4370,0.3152,69,0.3118,6.7970,0.5062,0.3161,0.7407,0.0640,0.6280,0.0192,0.3052,0.1658,37,0.1734,6.5453,0.3357,0.1799,0.1889,,
smc_113,0.5897,0.0000,0.0000,0.7407,other,lack of transient sounds; missing bass; ternary meter,1,0.0948,0.9987,0.0009,0.8449,0.2488,60,0.5183,5.8274,0.8265,0.2341,0.9259,0.0554,0.6044,0.0046,0.3507,0.1564,37,0.6026,6.1401,0.4117,0.1353,0.3508,,
smc_114,0.5970,0.4474,0.4474,0.4390,other,slow tempo; gradual tempo change; tempo discontinuity; lack of transient sounds; low familiarity,3,0.1326,0.9622,0.0498,0.4127,0.3133,52,0.7468,6.7066,0.5747,0.3125,0.6609,0.0789,0.7881,0.0377,0.2708,0.1595,39,0.3939,6.8348,0.2729,0.1724,0.3377,,
smc_116,0.2674,0.0075,0.0075,0.3168,total_failure,tempo incontinuity; gradual tempo change; rich ornamentation in the interpretation; pause; ternary meter,3,0.4188,0.8894,0.4332,0.3259,0.2429,195,0.4847,7.4543,0.5746,0.2073,0.6561,0.1174,0.7834,0.0578,0.2971,0.1937,87,0.3145,6.8334,0.3002,0.2010,0.3904,reasonable_but_misaligned,other
smc_117,0.6479,0.6389,0.6389,0.3824,other,expressive timing; missing bass; low familiarity with the song/style,3,0.1803,0.9750,0.1225,0.3933,0.2978,75,0.1983,7.1513,0.6207,0.2493,0.6828,0.0610,0.6498,0.0240,0.2371,0.1568,32,0.1946,6.6731,0.2793,0.1798,0.2814,,
smc_118,0.3077,0.1692,0.1034,0.3415,other,strong syncopation; tempo incontinuity; expressive timing,3,0.1636,0.9982,0.0580,0.5216,0.3702,89,0.2432,6.8113,0.4316,0.3599,0.8582,0.0648,0.7245,0.0133,0.3380,0.1954,41,0.1611,6.3977,0.2180,0.2047,0.3470,,
smc_119,0.3908,0.3273,0.3273,0.1500,other,expressive timing; beat phase ambiguity; strong syncopation; ternary meter,2,0.1034,0.9994,0.0014,0.7836,0.2911,69,0.3047,5.8915,0.5136,0.4390,0.8896,0.0902,0.8276,0.0153,0.3726,0.2210,68,0.4131,6.4043,0.2831,0.2418,0.4794,,
smc_120,0.9720,0.9815,0.9815,0.9907,good,lack of transient sounds,1,0.0846,0.9998,0.0001,0.9689,0.1362,60,0.6989,5.6105,0.9413,0.1783,0.9887,0.0793,0.8736,0.0001,0.5853,0.1862,58,0.8877,5.9308,0.6244,0.1324,0.1674,,
smc_121,0.3200,0.3846,0.3333,0.5641,other,slow tempo; expressive timing; lack of transient sounds; missing bass,2,0.1044,0.9589,0.0127,0.5545,0.3116,41,0.4146,6.4372,0.6309,0.2489,0.7548,0.0406,0.5458,0.0129,0.1986,0.1238,11,0.3030,6.5261,0.1993,0.1289,0.2756,,
smc_124,0.4935,0.9231,0.9231,0.5867,octave_error,quiet accompaniment; slow tempo; pauses; lack of transient sounds; lack of harmonic change,3,0.1310,0.9852,0.0036,0.8327,0.1956,44,0.8231,6.2749,0.6497,0.2788,0.8635,0.0539,0.4335,0.0278,0.2092,0.1066,10,0.5653,6.8234,0.1723,0.1093,0.1808,,
smc_126,0.9474,0.9737,0.9737,0.6053,other,quiet accompaniment; missing bass,1,0.0873,0.9981,0.0000,0.9080,0.2000,45,0.8328,5.6424,0.8295,0.3037,0.8822,0.0572,0.5096,0.0319,0.1971,0.1141,15,0.5224,6.9212,0.1805,0.1025,0.2805,,
smc_127,0.4923,0.2295,0.1471,0.4416,other,tempo discontinuity; expressive timing; pauses; rich ornamentation in the interpretation,3,0.1155,0.9922,0.0177,0.4972,0.3385,61,0.3152,6.4466,0.5371,0.3383,0.8059,0.0642,0.6822,0.0164,0.2896,0.1661,42,0.1180,6.5137,0.3796,0.1641,0.2356,,
smc_130,0.4225,0.1522,0.1522,0.4262,other,slow tempo; expressive timing; missing bass; low familiarity with the song/style; ambiguity of metrical level,2,0.1128,0.9929,0.0210,0.4793,0.3447,66,0.2188,6.4924,0.6237,0.3588,0.7499,0.0706,0.7063,0.0249,0.2802,0.1745,42,0.1183,6.6624,0.3857,0.1729,0.3390,,
smc_133,0.7895,0.9737,0.9737,0.7105,other,quiet accompaniment; slow tempo; expressive timing; poor sound quality; lack of transient sounds; excerpt is the introduction of the song; ternary meter,2,0.0886,0.9996,0.0004,0.9534,0.1821,44,0.6977,5.5656,0.8299,0.3458,0.9915,0.0728,0.7331,0.0197,0.3205,0.1797,49,0.5282,6.5348,0.3829,0.1915,0.3563,,
smc_135,0.8409,0.6739,0.6739,0.6588,other,slow tempo; changing time signature; gradual tempo change; expressive timing; pauses,3,0.1413,0.9996,0.0199,0.7340,0.3355,50,0.4688,6.4853,0.7393,0.3288,0.7412,0.0718,0.7769,0.0237,0.3241,0.2289,40,0.4635,6.5196,0.3886,0.2475,0.2181,,
smc_137,0.8364,0.6667,0.6667,0.5234,other,gradual tempo change; lack of transient sounds; missing bass; wide dynamic range; excerpt is the introduction of a song; ternary meter,2,0.2271,0.9998,0.0809,0.7243,0.3412,104,0.3598,6.8692,0.8768,0.2095,0.7711,0.0646,0.7817,0.0167,0.3212,0.1854,37,0.4726,6.4955,0.2326,0.2196,0.2429,,
smc_139,0.5070,0.8125,0.0417,0.1190,octave_error,none,1,0.1577,0.9986,0.0449,0.5160,0.3742,77,0.7672,6.6913,0.7018,0.2970,0.8376,0.1102,0.8494,0.0552,0.2887,0.1922,99,0.2300,6.8342,0.3285,0.1849,0.4023,,
smc_140,0.6491,0.5500,0.5500,0.6727,other,changing time signature; tempo incontinuity; expressive timing; poor sound quality; lack of transient sounds,2,0.2418,0.9404,0.1478,0.4859,0.3052,82,0.5966,7.1586,0.6190,0.2319,0.7121,0.0877,0.8304,0.0313,0.2881,0.1921,59,0.4885,6.6370,0.3415,0.2047,0.3859,,
smc_142,0.6133,0.4884,0.4884,0.7000,other,gradual tempo change; tempo incontinuity; expressive timing; lack of transient sounds; missing bass,2,0.1193,0.9951,0.0148,0.6477,0.3326,41,0.4942,6.4503,0.5093,0.3631,0.8718,0.0535,0.6642,0.0058,0.3310,0.1830,34,0.4475,6.1858,0.2938,0.1814,0.3593,,
smc_143,0.5385,0.8462,0.8462,0.6019,octave_error,quiet accompaniment,2,0.1807,0.9969,0.0011,0.9349,0.1578,60,0.9306,6.2801,0.7831,0.2838,0.9440,0.0746,0.8324,0.0081,0.3654,0.2194,59,0.6874,6.2518,0.3546,0.2313,0.4718,,
smc_146,0.6769,0.8485,0.8485,0.4242,other,slow tempo; expressive timing; lack of transient sounds; missing bass; changing time signature,1,0.1223,0.9708,0.0032,0.8500,0.1955,38,0.7432,6.1974,0.7491,0.2675,0.9099,0.0459,0.4806,0.0112,0.2603,0.0902,9,0.6934,6.4703,0.1941,0.1172,0.2183,,
smc_147,0.7050,0.3827,0.3827,0.3542,other,lack of transient sounds; expressive timing; missing bass; ternary meter,2,0.1291,0.9996,0.0016,0.8254,0.2707,97,0.6842,6.0425,0.7469,0.3361,0.9030,0.0819,0.6627,0.0261,0.3148,0.1625,42,0.6399,6.6382,0.2456,0.1949,0.3438,,
smc_148,0.1404,0.1190,0.0000,0.3441,total_failure,pauses; acapella,2,0.1105,0.8613,0.0604,0.2348,0.1910,39,0.5391,7.1270,0.1612,0.1770,0.6512,0.0626,0.7176,0.0295,0.2247,0.1450,27,0.2292,6.8064,0.1836,0.1628,0.2485,wrong_peaks,wrong_peaks
smc_149,0.4161,0.3396,0.0000,0.4494,other,expressive timing; pauses; poor sound quality; wide dynamic range; low familiarity; rich ornamentation in the interpretation,4,0.3048,0.9992,0.1597,0.6668,0.3572,136,0.5928,7.0497,0.7153,0.3459,0.9074,0.0910,0.8349,0.0418,0.3024,0.1875,57,0.2827,6.7768,0.3301,0.2085,0.3696,,
smc_150,0.9697,0.9118,0.9118,0.9231,good,expressive timing; lack of transient sounds; missing bass; ternary meter,1,0.1138,0.9997,0.0006,0.9378,0.2011,76,0.7669,5.9006,0.9822,0.0600,0.8730,0.0868,0.7171,0.0369,0.2947,0.1710,55,0.5264,6.7473,0.3752,0.1663,0.2152,,
smc_151,0.6984,0.3117,0.3117,0.4706,other,tempo incontinuity; ternary meter; beat phase ambiguity,3,0.1080,0.9973,0.0111,0.6210,0.3217,70,0.3054,6.3032,0.5520,0.3542,0.8708,0.0829,0.6805,0.0302,0.2813,0.1727,53,0.4200,6.6545,0.3013,0.1867,0.2902,,
smc_152,0.5000,0.0000,0.0000,0.5979,other,expressive timing; missing bass,1,0.0480,0.9974,0.0001,0.5966,0.3647,35,0.1781,5.0742,0.3328,0.4571,0.5522,0.0746,0.7395,0.0295,0.2791,0.1646,50,0.0724,6.7150,0.3380,0.1762,0.2529,,
smc_153,0.3130,0.5000,0.1667,0.6545,other,none,1,0.0688,0.9941,0.0015,0.6508,0.2636,77,0.6027,5.7752,0.3079,0.3459,0.8001,0.1048,0.8046,0.0114,0.4614,0.2109,82,0.8151,6.3430,0.5787,0.1706,0.3796,,
smc_154,0.4444,0.1562,0.1562,0.4561,other,slow tempo; expressive timing; lack of transient sounds; strong syncopation; ternary meter; missing bass,2,0.1581,0.9587,0.0762,0.4110,0.3186,54,0.2290,6.9951,0.4967,0.3512,0.7560,0.0429,0.5098,0.0102,0.2317,0.1062,15,0.1859,6.4584,0.1889,0.1369,0.2499,,
smc_157,0.6591,0.9091,0.9091,0.7045,other,quiet accompaniment; slow tempo; lack of transient sounds; missing bass,1,0.1212,0.9995,0.0008,0.8659,0.2783,53,0.8487,6.0210,0.7227,0.3600,0.9727,0.0739,0.9050,0.0049,0.4465,0.2214,49,0.8306,6.1361,0.4480,0.2151,0.5873,,
smc_158,0.2182,0.0889,0.0312,0.2623,total_failure,slow tempo; changing time signature; expressive timing; missing bass,3,0.1069,0.9844,0.0356,0.4297,0.2941,62,0.1716,6.7717,0.4445,0.2817,0.7019,0.0669,0.7201,0.0247,0.2899,0.1861,37,0.2866,6.6319,0.2361,0.2048,0.3360,ambiguous_peaks,wrong_peaks
smc_159,0.4444,1.0000,0.0000,0.5185,octave_error,gradual tempo change; expressive timing; lack of transient sounds; missing bass,1,0.1165,0.9919,0.0118,0.6201,0.3443,37,0.5700,6.3264,0.4634,0.3518,0.8861,0.0561,0.6612,0.0099,0.2772,0.1346,26,0.4461,6.4034,0.2210,0.1465,0.2434,,
smc_161,0.6957,0.9429,0.9429,0.6571,other,slow tempo; expressive timing; lack of transient sounds; missing bass,1,0.0856,0.9971,0.0001,0.9110,0.2099,41,0.6585,5.6782,0.6824,0.3732,0.9722,0.0740,0.7473,0.0074,0.3729,0.1912,44,0.7600,6.2569,0.4077,0.1754,0.4972,,
smc_166,0.8478,1.0000,1.0000,0.9348,good,quiet accompaniment; expressive timing; ternary meter,1,0.0943,0.9998,0.0000,0.9944,0.0166,52,0.6614,5.6405,0.9115,0.2359,0.9815,0.0741,0.8164,0.0009,0.5223,0.2081,56,0.7847,5.9497,0.5889,0.1522,0.5658,,
smc_167,0.5333,0.7083,0.7083,0.3529,other,slow tempo; gradual tempo change; tempo discontinuity; expressive timing; pauses; missing bass; excerpt is the introduction of the song; ternary meter; ambiguity of metrical level,4,0.0648,0.9864,0.0012,0.5919,0.3367,35,0.2930,5.7421,0.5675,0.3721,0.7926,0.0634,0.7367,0.0137,0.3163,0.1973,32,0.3001,6.4194,0.3302,0.1885,0.4154,,
smc_168,0.3000,0.6098,0.0244,0.3214,octave_error,slow tempo; expressive timing; lack of transient sounds; missing bass; ternary meter,1,0.1705,0.9561,0.0668,0.6358,0.2688,48,0.5550,6.8984,0.5154,0.2832,0.7451,0.0527,0.4837,0.0251,0.2050,0.0890,7,0.3970,6.8079,0.1773,0.0953,0.2076,,
smc_169,0.5616,0.1649,0.1649,0.4412,other,gradual tempo change; expressive timing; tempo incontinuity; ternary meter; missing bass,2,0.1789,0.9894,0.0899,0.4031,0.3381,85,0.2371,6.9932,0.4483,0.3551,0.6537,0.0841,0.7942,0.0292,0.3010,0.2064,48,0.1107,6.6499,0.2868,0.2292,0.2812,,
smc_170,0.8372,1.0000,1.0000,0.9302,good,quiet accompaniment; poor sound quality; lack of transient sounds; ternary meter,1,0.0991,0.9991,0.0000,0.9316,0.1818,51,0.7866,5.7051,0.8724,0.2379,0.9510,0.0772,0.7866,0.0004,0.5540,0.1882,51,0.8674,5.9011,0.5901,0.1322,0.5474,,
smc_171,0.4946,0.8254,0.0000,0.5435,octave_error,none,1,0.1671,0.9964,0.0400,0.6827,0.3270,74,0.8671,6.6762,0.7259,0.2693,0.8554,0.1314,0.9261,0.0135,0.4981,0.2645,102,0.7727,6.4042,0.6251,0.2048,0.6636,,
smc_172,0.5000,0.1806,0.1806,0.3095,other,tempo incontinuity; gradual tempo change; rich ornamentation in the interpretation,2,0.2408,0.9994,0.1915,0.3372,0.3065,148,0.5624,7.1240,0.6499,0.2615,0.6580,0.0727,0.8119,0.0356,0.2265,0.1847,36,0.4971,6.7109,0.2962,0.2362,0.2889,,
smc_173,0.5946,0.9200,0.0000,0.5833,octave_error,strong syncopation; ambiguity of metrical level; low familiarity with the song/style,2,0.1758,0.9927,0.0161,0.8441,0.2522,61,0.8703,6.4962,0.9250,0.1038,0.8964,0.0752,0.8569,0.0028,0.4642,0.1938,62,0.8593,6.0736,0.5300,0.1567,0.5310,,
smc_174,0.2800,0.1852,0.1852,0.2970,total_failure,expressive timing; pauses; low familiarity; rich ornamentation in the interpretation,4,0.1935,0.9830,0.1088,0.3814,0.3055,113,0.3479,7.0521,0.4074,0.2848,0.7642,0.0846,0.7199,0.0416,0.2422,0.1724,53,0.1754,6.8105,0.2081,0.1858,0.3399,reasonable_but_misaligned,wrong_peaks
smc_175,0.2381,0.3333,0.3333,0.2500,other,slow tempo; quiet accompaniment; lack of transient sounds,1,0.1315,0.9380,0.0267,0.5268,0.2979,35,0.4847,6.6107,0.4487,0.3264,0.7441,0.0518,0.3696,0.0307,0.2104,0.0829,4,0.2713,6.9303,0.1581,0.0963,0.1938,,
smc_176,0.3429,0.0889,0.0889,0.2105,other,gradual tempo change; expressive timing; no repetition; lack of transient sounds; slow tempo; ternary meter,2,0.1577,0.9707,0.0752,0.4516,0.2925,43,0.2738,6.9455,0.3344,0.3150,0.6554,0.0398,0.4322,0.0228,0.1975,0.0972,5,0.1609,6.8827,0.1108,0.0991,0.1367,,
smc_178,0.8571,1.0000,1.0000,0.7619,other,none; ternary meter,1,0.0783,0.9677,0.0018,0.8329,0.2183,24,0.7203,5.9059,0.8448,0.1254,0.9322,0.0491,0.5711,0.0041,0.3158,0.1499,20,0.7222,6.1576,0.3470,0.1182,0.4339,,
smc_179,0.6038,0.4634,0.2188,0.4407,other,slow tempo; expressive timing; lack of transient sounds; missing bass,2,0.1225,0.9769,0.0219,0.5301,0.3230,52,0.3745,6.5864,0.7334,0.3283,0.6781,0.0443,0.6628,0.0068,0.2756,0.1505,19,0.4025,6.2591,0.2424,0.1567,0.2493,,
smc_181,0.3359,0.0000,0.0000,0.3676,other,pauses; poor sound quality; lack of transient sounds; excerpt is the introduction of the song; ternary meter; ambiguity of metrical level,2,0.1980,0.9998,0.0126,0.9313,0.1892,112,0.6779,6.4756,0.7714,0.3352,0.9595,0.1331,0.9030,0.0301,0.5198,0.1997,107,0.7198,6.5636,0.5061,0.2150,0.5040,,
smc_182,0.8193,0.9762,0.9762,0.7952,other,slow tempo; gradual tempo change; expressive timing,2,0.0861,0.9997,0.0001,0.8820,0.2638,47,0.6379,5.6007,0.8402,0.2844,0.9326,0.0666,0.8177,0.0010,0.5004,0.1946,46,0.8140,5.9194,0.4819,0.2337,0.3995,,
smc_184,0.8308,0.8824,0.8824,0.7536,other,slow tempo; expressive timing; lack of transient sounds; missing bass,1,0.1005,0.9858,0.0012,0.6561,0.3706,44,0.5061,6.2007,0.6953,0.3322,0.8911,0.0554,0.6160,0.0033,0.4224,0.1511,31,0.7047,6.0499,0.3844,0.1753,0.3028,,
smc_187,0.3396,0.3235,0.3235,0.1071,continuity_drift,slow tempo; gradual tempo change; expressive timing,1,0.1727,0.9330,0.0924,0.3542,0.2912,72,0.3339,7.0483,0.5922,0.2312,0.7128,0.0550,0.5779,0.0177,0.2716,0.1396,18,0.4229,6.6034,0.1478,0.1490,0.2686,,
smc_188,0.9091,0.8571,0.8571,1.0000,good,slow tempo; gradual tempo change; expressive timing; missing bass; ternary meter,1,0.0272,0.9981,0.0000,0.8269,0.2370,32,0.1665,4.6088,0.7092,0.3335,0.9075,0.0617,0.8154,0.0011,0.5078,0.2231,45,0.3941,5.8586,0.6664,0.0810,0.0000,,
smc_190,0.4819,0.3898,0.1321,0.2785,other,tempo incontinuity; lack of transient sounds; missing bass; ternary meter,2,0.1669,0.9953,0.0420,0.6183,0.3438,79,0.5692,6.7172,0.7872,0.3233,0.7993,0.0715,0.7971,0.0050,0.4402,0.2059,46,0.6560,6.1482,0.3721,0.2552,0.4293,,
smc_192,0.2857,0.4444,0.4444,0.1579,other,slow tempo; expressive timing; lack of transient sounds; missing bass; excerpt is the introduction of a song,2,0.1293,0.9428,0.0578,0.3440,0.2821,41,0.2900,6.9018,0.3079,0.3611,0.6841,0.0477,0.4746,0.0282,0.2214,0.1247,9,0.3843,6.8688,0.1341,0.1360,0.2082,,
smc_193,0.8706,0.8837,0.8837,0.8235,good,none,1,0.1402,0.9934,0.0018,0.8555,0.2381,48,0.8210,6.2370,0.8258,0.2802,0.8115,0.0775,0.7690,0.0253,0.2907,0.1899,49,0.6315,6.6093,0.4254,0.1683,0.3378,,
smc_194,0.2449,0.1176,0.0000,0.0769,total_failure,slow tempo; tempo incontinuity; lack of transient sounds; missing bass; lack of harmonic change; no repetition (melodic or rhythmic,3,0.2331,0.8415,0.2207,0.2396,0.1881,49,0.5035,7.4691,0.3400,0.2062,0.6071,0.0524,0.3177,0.0408,0.1567,0.0644,2,0.3049,7.1497,0.0816,0.0633,0.1392,other,flat_activations
smc_195,0.3544,0.3864,0.0000,0.3171,other,tempo discontinuity; expressive timing; pauses; low familiarity; ambiguity of metrical level; beat phase ambiguity,3,0.1708,0.9997,0.0726,0.3927,0.3355,106,0.5972,6.8406,0.4291,0.4673,0.7229,0.1046,0.8770,0.0501,0.3564,0.2496,62,0.6893,6.7366,0.5394,0.2347,0.3163,,
smc_197,0.4286,1.0000,1.0000,0.3810,octave_error,quiet accompaniment; slow tempo,2,0.0659,0.9840,0.0007,0.9201,0.1571,24,0.7345,5.5210,0.5599,0.3797,0.9476,0.0548,0.5464,0.0119,0.2760,0.1260,29,0.5610,6.4274,0.2564,0.1451,0.3596,,
smc_198,0.7227,0.5797,0.5797,0.7407,other,tempo discontinuity; expressive timing; pauses; poor sound quality; lack of transient sounds; excerpt is the introduction of the song,2,0.1783,0.9991,0.0239,0.8202,0.2943,84,0.6489,6.5366,0.8704,0.2136,0.9208,0.0821,0.7579,0.0103,0.4239,0.2062,61,0.5491,6.3161,0.4605,0.1804,0.4314,,
smc_199,0.3579,0.2364,0.2364,0.2927,other,expressive timing; lack of transient sounds; missing bass; low familiarity with the song/style; quiet accompaniment,3,0.1923,0.9757,0.1018,0.4739,0.3402,82,0.6857,6.9523,0.4881,0.3109,0.7767,0.0721,0.6612,0.0403,0.2047,0.1308,33,0.2246,6.8693,0.1996,0.1351,0.2649,,
smc_202,0.2188,0.2500,0.2500,0.1290,total_failure,quiet accompaniment; slow tempo; expressive timing; lack of transient sounds; wide dynamic range,3,0.1548,0.9410,0.0824,0.4115,0.2904,52,0.3823,7.0019,0.2219,0.2451,0.7311,0.0584,0.4074,0.0388,0.1574,0.0761,5,0.2342,7.0478,0.1006,0.0798,0.1841,wrong_peaks,flat_activations
smc_203,0.2500,0.0130,0.0000,0.2597,total_failure,changing time signature; strong syncopation; ambiguity of metrical level,3,0.1908,0.9977,0.0672,0.5297,0.3516,98,0.6714,6.8258,0.3540,0.3487,0.8291,0.0553,0.8163,0.0061,0.2883,0.1983,40,0.4719,6.1659,0.1805,0.1915,0.4145,other,wrong_peaks
smc_204,0.3063,0.1228,0.1228,0.4375,other,changing time signature; expressive timing; gradual tempo change; poor sound quality; missing bass; low familiarity with the song/style; excerpt is the introduction of a song; ternary meter,3,0.1950,0.9940,0.1140,0.5072,0.2999,86,0.2231,7.0704,0.4733,0.3131,0.7337,0.0760,0.6398,0.0372,0.2279,0.1571,38,0.2435,6.8191,0.2266,0.1749,0.3245,,
smc_205,0.8636,0.7826,0.7826,0.5481,other,pause; gradual tempo change; expressive timing,2,0.0950,0.9997,0.0011,0.7038,0.3475,69,0.6205,5.9210,0.8861,0.2345,0.7835,0.1097,0.8483,0.0250,0.3765,0.2348,86,0.8043,6.4949,0.4953,0.2012,0.4033,,
smc_206,0.6400,0.5122,0.5122,0.4211,other,expressive timing,1,0.1069,0.9883,0.0187,0.5653,0.3691,56,0.4097,6.4589,0.7138,0.3443,0.8159,0.0738,0.7444,0.0260,0.2950,0.1903,48,0.1821,6.6152,0.2742,0.1925,0.4027,,
smc_207,0.9552,1.0000,1.0000,0.5000,other,expressive timing; strong syncopation,2,0.1436,0.9998,0.0001,0.9823,0.1064,77,0.8026,5.9782,0.9562,0.1424,0.9991,0.0673,0.7661,0.0058,0.4126,0.2240,46,0.3338,6.1190,0.3479,0.2549,0.3898,,
smc_208,0.8125,0.8788,0.8788,0.6032,other,expressive timing; lack of transient sounds; ternary meter; missing bass,2,0.1130,0.9905,0.0061,0.6453,0.3672,45,0.6559,6.2040,0.8012,0.2602,0.9187,0.0625,0.6881,0.0032,0.3561,0.1620,35,0.6372,6.2200,0.3424,0.1466,0.3393,,
smc_209,0.6420,0.8537,0.8537,0.5679,other,slow tempo; expressive timing; lack of transient sounds; ternary meter; missing bass,2,0.1368,0.9918,0.0031,0.7784,0.2607,48,0.5886,6.3273,0.6572,0.3106,0.8403,0.0431,0.6195,0.0035,0.3297,0.1480,23,0.6466,6.1017,0.2535,0.1760,0.2185,,
smc_211,0.5647,0.6327,0.6327,0.3956,other,slow tempo; expressive timing; quiet accompaniment,2,0.1422,0.9975,0.0386,0.6615,0.3506,54,0.7997,6.6104,0.5890,0.3426,0.8771,0.0639,0.7748,0.0151,0.3495,0.2343,36,0.7631,6.3478,0.2796,0.2476,0.3239,,
smc_212,0.4783,0.5000,0.5000,0.1754,continuity_drift,gradual tempo change; lack of transient sounds; ternary meter; missing bass,1,0.1870,0.9352,0.1415,0.3577,0.2738,47,0.3115,7.2413,0.4756,0.2507,0.7252,0.0579,0.4192,0.0345,0.2036,0.0903,12,0.3012,6.9627,0.1784,0.1086,0.1658,,
smc_213,0.5278,0.7105,0.7105,0.5526,continuity_drift,slow tempo; lack of transient sounds; gradual tempo change,2,0.1037,0.9866,0.0036,0.7957,0.2342,44,0.4460,6.1588,0.5930,0.3665,0.8459,0.0625,0.5662,0.0100,0.3026,0.1384,34,0.5295,6.4121,0.2495,0.1597,0.3565,,
smc_214,0.4783,0.5417,0.5417,0.2333,continuity_drift,slow tempo; expressive timing; lack of transient sounds; missing bass,2,0.1121,0.9770,0.0211,0.6405,0.3328,30,0.6652,6.4909,0.4667,0.3614,0.8238,0.0542,0.2717,0.0373,0.1508,0.0508,0,0.4053,7.0991,0.1043,0.0631,0.1439,,
smc_215,0.8788,0.8788,0.8788,0.3182,other,quiet accompaniment; expressive timing; wide dynamic range; ternary meter; rich ornamentation in the interpretation,2,0.0860,0.9963,0.0004,0.5991,0.3617,64,0.3616,5.7014,0.8547,0.2621,0.8216,0.0891,0.6699,0.0446,0.2601,0.1606,55,0.2208,6.8671,0.3497,0.1685,0.3095,,
smc_216,0.7324,0.8333,0.8333,0.6944,other,slow tempo; expressive timing; poor sound quality; lack of transient sounds; missing bass,2,0.1617,0.9766,0.0583,0.5299,0.3287,51,0.6458,6.8205,0.7022,0.2347,0.6723,0.0585,0.5487,0.0231,0.2645,0.1294,20,0.5797,6.7199,0.2781,0.1270,0.2739,,
smc_217,0.7742,1.0000,1.0000,0.8387,other,slow tempo; expressive timing; lack of transient sounds; missing bass,1,0.1177,0.9846,0.0005,0.9241,0.0555,35,0.7504,6.0566,0.8668,0.1409,0.9000,0.0496,0.6592,0.0025,0.3825,0.1529,26,0.6395,5.9953,0.3699,0.1850,0.2976,,
smc_219,0.8077,0.7636,0.7636,0.4615,other,expressive timing; lack of transient sounds; missing bass; ternary meter,1,0.2135,0.9575,0.0982,0.4786,0.3150,92,0.5428,6.9749,0.7109,0.1999,0.6807,0.0765,0.6979,0.0311,0.2844,0.1656,45,0.2466,6.7382,0.3234,0.1865,0.2548,,
smc_220,0.7835,0.5455,0.5455,0.8095,other,quiet accompaniment; rich ornamentation in the interpretation; ternary meter,1,0.1548,0.9998,0.0292,0.5889,0.3710,88,0.5965,6.5533,0.9157,0.2094,0.7637,0.0788,0.6488,0.0242,0.2975,0.1689,57,0.4719,6.6264,0.3653,0.1581,0.4209,,
smc_221,0.4918,0.5161,0.5161,0.1096,continuity_drift,slow tempo; gradual tempo change; expressive timing; poor sound quality; lack of transient sounds; missing bass; low familiarity with the song/style; excerpt is the introduction of a song,3,0.1193,0.9923,0.0341,0.4794,0.3493,49,0.4592,6.6255,0.5195,0.3672,0.7730,0.0610,0.5710,0.0329,0.1946,0.1194,22,0.1796,6.8721,0.1668,0.1323,0.2285,,
smc_222,0.5625,0.4615,0.4615,0.3273,other,slow tempo; low familiarity with the song/style; ternary meter; expressive timing,2,0.1873,0.9551,0.0807,0.4888,0.3243,59,0.4885,6.9105,0.7700,0.1684,0.7466,0.0498,0.5730,0.0188,0.2134,0.1345,19,0.2025,6.6374,0.2145,0.1841,0.2194,,
smc_223,0.6849,0.5500,0.5500,0.5128,other,expressive timing; quiet accompaniment; changing time signature; poor sound quality; ternary meter,2,0.1161,0.9933,0.0055,0.6589,0.3548,54,0.5373,6.2262,0.8079,0.2865,0.7455,0.0799,0.8760,0.0345,0.2749,0.1988,45,0.4117,6.6800,0.3633,0.1693,0.3727,,
smc_224,0.3500,0.5349,0.5349,0.2564,continuity_drift,ternary meter,2,0.1825,0.9948,0.0634,0.4981,0.3597,69,0.5495,6.8542,0.5227,0.3597,0.8164,0.0784,0.7193,0.0161,0.3302,0.1937,48,0.6347,6.4348,0.2613,0.2460,0.4118,,
smc_225,0.3962,0.0000,0.0000,0.3188,other,quiet accompaniment; gradual tempo change; tempo discontinuity; pauses; poor sound quality; excerpt is the introduction of the song; ternary meter,1,0.2625,0.9954,0.0918,0.8044,0.2908,100,0.8658,6.8987,0.8567,0.2179,0.9246,0.0823,0.6723,0.0340,0.2723,0.1739,55,0.4228,6.7109,0.3976,0.1799,0.3376,,
smc_226,0.5075,0.6857,0.6857,0.7273,continuity_drift,quiet accompaniment; slow tempo; gradual tempo change; lack of transient sounds; ternary meter,2,0.1136,0.9965,0.0021,0.7930,0.2821,40,0.4336,6.1000,0.6625,0.3725,0.8384,0.0600,0.6608,0.0150,0.2754,0.1498,27,0.3726,6.4947,0.2988,0.1645,0.2808,,
smc_227,0.5634,0.6053,0.6053,0.3947,other,quiet accompaniment; slow tempo; gradual tempo change; tempo discontinuity; pauses; lack of transient sounds; excerpt is the introduction of the song,2,0.1425,0.9642,0.0103,0.6879,0.3052,46,0.6031,6.4263,0.5122,0.3851,0.8616,0.0421,0.5683,0.0078,0.2675,0.1327,15,0.3696,6.3268,0.1465,0.1574,0.1784,,
smc_229,0.9318,1.0000,1.0000,0.8409,good,quiet accompaniment; slow tempo,1,0.1418,0.9879,0.0274,0.7040,0.3214,57,0.8462,6.5470,0.8302,0.2011,0.7692,0.0540,0.8315,0.0037,0.3731,0.2121,37,0.7372,5.9941,0.4067,0.2273,0.2395,,
smc_232,0.7611,0.5156,0.5156,0.4906,other,gradual tempo change; tempo incontinuity; lack of transient sounds; ternary meter; missing bass,3,0.1781,0.9983,0.0978,0.5894,0.3660,87,0.3607,6.9476,0.7330,0.3171,0.6877,0.0668,0.7234,0.0189,0.3115,0.2009,37,0.2414,6.4978,0.2753,0.2263,0.2471,,
smc_235,0.5833,0.6111,0.6111,0.3585,continuity_drift,changing time signature; expressive timing; ternary meter; poor sound quality,2,0.1104,0.9994,0.0140,0.5412,0.3685,58,0.4822,6.3429,0.6948,0.3319,0.6956,0.0967,0.7785,0.0526,0.2633,0.1699,64,0.3777,6.8744,0.3495,0.1715,0.3008,,
smc_236,0.7500,0.8485,0.8485,0.5455,other,gradual tempo change; tempo discontinuity; expressive timing; pauses; wide dynamic range; lack of transient sounds; ternary meter,2,0.1007,0.9972,0.0034,0.6396,0.3790,44,0.6644,6.1997,0.7180,0.3677,0.8888,0.0707,0.7684,0.0221,0.2581,0.1912,34,0.6360,6.5610,0.3943,0.2179,0.2617,,
smc_237,0.5070,0.7368,0.7368,0.5185,continuity_drift,slow tempo; tempo discontinuity; pauses; wide dynamic range; low familiarity,3,0.1369,0.9849,0.0217,0.6733,0.3185,42,0.4060,6.5215,0.6025,0.3087,0.8573,0.0649,0.6145,0.0139,0.2877,0.1733,38,0.3246,6.4388,0.2729,0.1868,0.3474,,
smc_239,0.4127,0.2571,0.2571,0.1333,other,lack of transient sounds; missing bass; no repetition; low familiarity; gradual tempo change,4,0.1605,0.9593,0.0736,0.4504,0.3162,64,0.3516,6.8787,0.5299,0.3240,0.7480,0.0619,0.4832,0.0316,0.2227,0.1040,15,0.3476,6.8505,0.1683,0.1220,0.2259,,
smc_241,0.3409,0.6889,0.6889,0.4419,continuity_drift,gradual tempo change; tempo incontinuity; expressive timing,2,0.1237,0.9983,0.0047,0.7162,0.3300,59,0.7437,6.2599,0.4650,0.3664,0.8937,0.0673,0.6541,0.0096,0.3172,0.1789,44,0.6951,6.3411,0.2764,0.1872,0.4010,,
smc_242,0.7033,0.8696,0.8696,0.6889,other,missing bass,1,0.1244,0.9993,0.0004,0.9112,0.1868,55,0.7122,6.0276,0.8486,0.2306,0.8752,0.0631,0.6382,0.0037,0.3911,0.1462,41,0.7194,6.1941,0.3521,0.1619,0.3834,,
smc_243,0.8148,0.8519,0.8519,0.6230,other,expressive timing; pauses; low familiarity; excerpt is the introduction of the song; rich ornamentation in the interpretation,3,0.0712,0.9992,0.0029,0.6761,0.3518,38,0.3246,5.8939,0.7590,0.3503,0.8114,0.0581,0.7709,0.0093,0.3567,0.2114,37,0.2317,6.2390,0.4415,0.2331,0.2617,,
smc_244,0.2553,0.4688,0.0000,0.2268,other,quiet accompaniment; expressive timing; tempo discontinuity; poor sound quality; lack of transient sounds; ambiguity of metrical level,3,0.1160,0.9934,0.0085,0.6217,0.3489,45,0.4471,6.3453,0.2644,0.3544,0.8273,0.0519,0.6565,0.0138,0.2464,0.1373,16,0.4800,6.5190,0.1009,0.1238,0.2502,,
smc_248,0.3947,0.4231,0.0769,0.4950,other,quiet accompaniment; gradual tempo change; tempo discontinuity; expressive timing; pauses; lack of transient sounds; excerpt is the introduction of the song; ambiguity of metrical level,3,0.0752,0.9870,0.0092,0.5265,0.3481,37,0.3238,6.2184,0.3294,0.3509,0.8408,0.0585,0.5227,0.0257,0.2147,0.1197,27,0.2437,6.7564,0.1765,0.1337,0.1961,,
smc_249,0.8800,0.8718,0.8718,0.7532,other,gradual tempo change; tempo incontinuity; expressive timing; ternary meter; poor sound quality,2,0.0934,0.9993,0.0001,0.9181,0.2182,47,0.5864,5.6511,0.9147,0.2496,0.9242,0.0799,0.6897,0.0223,0.3173,0.1878,54,0.5494,6.5631,0.4218,0.1714,0.4054,,
smc_251,0.9023,0.8986,0.8986,0.8939,good,quiet accompaniment; expressive timing; excerpt is the introduction of the song,2,0.1247,0.9997,0.0080,0.8788,0.2291,78,0.6751,6.1324,0.8476,0.2963,0.8282,0.0864,0.6746,0.0149,0.3802,0.1868,64,0.7279,6.4262,0.4258,0.1953,0.2196,,
smc_252,0.9444,1.0000,1.0000,0.9630,good,quiet accompaniment,1,0.0945,0.9999,0.0000,0.9992,0.0011,61,0.7646,5.5130,0.8845,0.2661,0.9997,0.1090,0.9331,0.0045,0.5562,0.2423,90,0.7286,6.2300,0.7047,0.1271,0.6420,,
smc_253,0.6410,0.6923,0.6923,0.5882,other,quiet accompaniment; low familiarity; strong syncopation; excerpt is the introduction of the song; ternary meter,2,0.1186,0.9925,0.0047,0.7290,0.3319,56,0.6822,6.1520,0.6612,0.3807,0.9351,0.0883,0.8835,0.0145,0.3737,0.2070,70,0.4355,6.4394,0.4184,0.2011,0.4249,,
smc_254,0.1687,0.2857,0.0175,0.3838,total_failure,expressive timing; ambiguity of metrical level; beat phase ambiguity; no repetition; excerpt is the introduction of the song; rich ornamentation in the interpretation; strong syncopation,4,0.0550,0.9897,0.0026,0.5771,0.3387,42,0.2229,5.8373,0.1083,0.2592,0.8425,0.0533,0.8100,0.0073,0.3719,0.2005,33,0.1966,6.1958,0.1452,0.1960,0.3947,wrong_peaks,wrong_peaks
smc_255,0.7945,0.6757,0.6757,0.7297,other,expressive timing; changing time signature,1,0.0670,0.9998,0.0010,0.7680,0.2838,47,0.2574,5.7621,0.7928,0.2895,0.6940,0.0530,0.7769,0.0044,0.4066,0.2110,34,0.3800,6.0216,0.4094,0.2495,0.2881,,
smc_256,0.6316,0.7143,0.0000,0.2800,other,expressive timing; pauses; rich ornamentation in the interpretation; ternary meter,3,0.0405,0.9988,0.0004,0.5785,0.3729,29,0.1861,5.1717,0.5036,0.4714,0.7389,0.0805,0.7115,0.0172,0.3574,0.1922,61,0.4291,6.4726,0.3166,0.2050,0.3744,,
smc_257,0.6218,0.3725,0.1912,0.5263,other,expressive timing; tempo incontinuity; changing time signature; strong syncopation; ternary meter,2,0.2144,0.9922,0.1192,0.4110,0.3485,105,0.6084,7.0070,0.5506,0.3799,0.7924,0.0736,0.8208,0.0169,0.3722,0.2254,49,0.5548,6.4108,0.2929,0.2700,0.2749,,
smc_258,0.3188,0.0698,0.0698,0.3434,other,expressive timing; tempo incontinuity; gradual tempo change; strong syncopation; ternary meter,3,0.2000,0.9605,0.1345,0.3677,0.2537,169,0.2756,7.1482,0.4417,0.2811,0.6440,0.0859,0.7361,0.0482,0.2333,0.1590,49,0.1179,6.9135,0.2151,0.1740,0.3091,,
smc_259,0.5588,0.5000,0.5000,0.5479,other,tempo incontinuity,2,0.1289,0.9994,0.0081,0.7419,0.3247,56,0.6879,6.3372,0.7672,0.3808,0.8354,0.0753,0.6668,0.0214,0.3251,0.1762,48,0.6799,6.5402,0.4399,0.1669,0.2923,,
smc_260,0.8440,0.7321,0.7321,0.5932,other,expressive timing; gradual tempo change; missing bass; ternary meter,2,0.1047,0.9999,0.0075,0.6062,0.3665,89,0.2720,6.1477,0.7845,0.3233,0.8932,0.0740,0.7695,0.0123,0.3563,0.2212,55,0.4923,6.3441,0.3994,0.2161,0.2923,,
smc_261,0.4615,0.4762,0.4762,0.5195,continuity_drift,gradual tempo change; expressive timing; missing bass; strong syncopation,2,0.1267,0.9905,0.0278,0.5221,0.3669,61,0.3888,6.6001,0.5826,0.3418,0.8213,0.0610,0.7829,0.0147,0.3343,0.2305,38,0.2788,6.3533,0.3318,0.2489,0.3594,,
smc_262,0.6804,0.3651,0.3651,0.7438,other,expressive timing; pauses; rich ornamentation in the interpretation; ternary meter,3,0.0947,0.9943,0.0043,0.4789,0.3754,62,0.2177,6.3380,0.5101,0.3948,0.7123,0.0613,0.6829,0.0119,0.3704,0.1714,40,0.3258,6.3585,0.2974,0.2045,0.1542,,
smc_263,0.7213,0.6875,0.6875,0.6897,other,slow tempo; expressive timing; gradual tempo change; excerpt is the introduction of a song,2,0.0891,0.9956,0.0068,0.6676,0.3416,44,0.6108,6.1148,0.7117,0.3517,0.8441,0.0604,0.6688,0.0181,0.2663,0.1690,36,0.3817,6.5236,0.3175,0.1904,0.3789,,
smc_264,0.4462,0.6705,0.0000,0.4419,other,expressive timing; rich ornamentation in the interpretation,2,0.2019,0.9998,0.0026,0.7088,0.3848,130,0.8056,6.4213,0.7553,0.3463,0.9552,0.0636,0.7057,0.0112,0.3229,0.2153,41,0.6760,6.3427,0.3048,0.2066,0.4822,,
smc_265,0.8176,0.6905,0.6905,0.8402,good,gradual tempo change; tempo incontinuity; expressive timing; lack of transient sounds; excerpt is the introduction of a song; missing bass; poor sound quality,1,0.1482,1.0000,0.0029,0.8497,0.2804,92,0.3929,6.1479,0.7742,0.3460,0.8863,0.0967,0.7500,0.0232,0.3594,0.1826,73,0.5991,6.5539,0.3759,0.1714,0.3570,,
smc_266,0.6349,0.5143,0.5143,0.3200,other,expressive timing; missing bass; lack of harmonic change; low familiarity; rich ornamentation in the interpretation,4,0.1029,0.9931,0.0254,0.4625,0.3461,55,0.1410,6.5701,0.6814,0.3113,0.7800,0.0614,0.6792,0.0151,0.2917,0.1858,41,0.1727,6.4513,0.3333,0.1965,0.2977,,
smc_269,0.8571,0.8438,0.8438,0.8710,good,expressive timing; strong syncopation,1,0.0679,0.9941,0.0002,0.6705,0.3222,42,0.3440,5.7397,0.7594,0.2514,0.7480,0.0593,0.6935,0.0072,0.3362,0.1960,44,0.5799,6.2171,0.4359,0.1850,0.3113,,
smc_271,1.0000,1.0000,1.0000,1.0000,good,strong syncopation,1,0.0850,1.0000,0.0000,0.9947,0.0259,69,0.8875,5.3664,0.9948,0.0257,0.0000,0.1006,0.9630,0.0000,0.7946,0.1550,68,0.9485,5.8574,0.8052,0.1286,0.0000,,
smc_272,0.6409,0.5246,0.0000,0.6444,other,none,1,0.0816,1.0000,0.0000,0.9867,0.1009,68,0.8923,5.2397,0.4846,0.4997,0.9865,0.0973,0.9977,0.0000,0.8455,0.1498,68,0.9603,5.8054,0.4257,0.4408,0.5932,,
smc_273,1.0000,1.0000,1.0000,1.0000,good,none,1,0.0750,1.0000,0.0000,0.9999,0.0004,64,0.8918,5.2296,0.9862,0.1089,0.9999,0.0888,0.9522,0.0000,0.8118,0.0864,64,0.9683,5.7445,0.8118,0.0864,0.0000,,
smc_274,0.0000,0.9880,0.0000,0.9820,octave_error,beat phase ambiguity; strong syncopation,1,0.1739,0.9998,0.0002,0.9796,0.1293,97,0.9661,6.2178,0.0007,0.0059,0.9984,0.1294,0.8689,0.0475,0.3831,0.2252,137,0.7381,6.7000,0.5342,0.1939,0.4818,,
smc_275,0.4946,0.0000,0.0000,0.4946,other,none,1,0.1463,0.9998,0.0001,0.8629,0.3184,91,0.9489,6.0788,0.9803,0.0673,0.9946,0.1126,0.9742,0.0000,0.8466,0.0780,80,0.9436,5.9404,0.8948,0.0768,0.8193,,
smc_276,0.6667,1.0000,0.0000,0.6667,octave_error,beat phase ambiguity,1,0.0691,1.0000,0.0000,0.9999,0.0001,63,0.9163,5.0913,0.5000,0.5000,0.0000,0.0937,0.9743,0.0000,0.8965,0.0554,63,0.9613,5.7112,0.4482,0.4499,0.0000,,
smc_277,0.5636,0.4684,0.0000,0.6739,other,none; excerpt is the introduction of a song,1,0.1873,0.9997,0.0069,0.6482,0.3684,113,0.5777,6.4419,0.9594,0.1568,0.8297,0.0674,0.9204,0.0009,0.5435,0.2715,56,0.8747,5.7240,0.7569,0.1908,0.3811,,
smc_278,1.0000,1.0000,1.0000,0.9917,good,none,1,0.0791,1.0000,0.0000,0.9877,0.1003,69,0.8898,5.2098,0.9998,0.0010,0.0000,0.1044,0.9923,0.0001,0.8835,0.1042,70,0.9702,5.8241,0.8928,0.0708,0.3118,,
smc_279,1.0000,1.0000,1.0000,1.0000,good,none,1,0.0893,1.0000,0.0000,0.9998,0.0006,69,0.9286,5.4234,0.9998,0.0006,0.0000,0.1004,0.9895,0.0001,0.8319,0.1295,70,0.9491,5.8196,0.8431,0.0908,0.0000,,
smc_280,1.0000,1.0000,1.0000,1.0000,good,none,1,0.0690,1.0000,0.0000,0.9985,0.0080,57,0.8941,5.1675,0.9997,0.0007,0.9756,0.0751,0.8946,0.0000,0.7336,0.1128,54,0.9283,5.6798,0.7449,0.0777,0.0000,,
smc_281,1.0000,1.0000,1.0000,1.0000,good,excerpt is the introduction of the song; expressive timing,1,0.0934,0.9999,0.0000,0.9788,0.1203,63,0.9300,5.6028,0.9505,0.1769,0.9119,0.0838,0.9291,0.0000,0.6878,0.1339,64,0.9200,5.7970,0.6912,0.1277,0.5662,,
smc_282,0.9818,0.9636,0.9636,0.9818,good,none,1,0.0652,1.0000,0.0000,0.9998,0.0005,63,0.9314,5.1053,0.9840,0.1250,0.9997,0.0922,0.9922,0.0000,0.9122,0.0779,63,0.9633,5.6843,0.8971,0.1379,0.9554,,
smc_283,0.8696,0.5538,0.5538,0.8485,good,none,1,0.0742,0.9999,0.0001,0.8106,0.3154,76,0.8812,5.4032,0.9797,0.1064,0.8676,0.0959,0.9811,0.0045,0.4516,0.3241,70,0.8111,6.1901,0.6754,0.3224,0.3195,,
smc_284,1.0000,1.0000,1.0000,1.0000,good,strong syncopation,1,0.0741,1.0000,0.0000,0.9805,0.1134,66,0.8829,5.2244,0.9830,0.1257,0.9253,0.1003,0.9576,0.0101,0.4906,0.2837,86,0.7699,6.2336,0.7316,0.1616,0.3358,,
smc_285,0.3537,0.4675,0.1429,0.0000,other,none,1,0.1100,0.9991,0.0013,0.7512,0.2663,102,0.7765,5.9227,0.3379,0.3783,0.8836,0.0932,0.9556,0.0056,0.4472,0.2435,114,0.7068,6.1967,0.3470,0.2278,0.5087,,
smc_286,1.0000,1.0000,1.0000,1.0000,good,none; excerpt is the introduction of a song,2,0.1076,0.9996,0.0000,0.8020,0.3503,69,0.9562,5.7926,0.9403,0.1705,0.0000,0.0809,0.9767,0.0000,0.8002,0.1719,58,0.9414,5.6505,0.8001,0.1739,0.0000,,
smc_287,1.0000,0.9833,0.9833,1.0000,good,none,1,0.0664,1.0000,0.0000,0.9999,0.0002,68,0.8717,5.0349,0.9532,0.1930,0.9999,0.0983,0.9978,0.0000,0.9029,0.0821,68,0.9477,5.7563,0.9029,0.0821,0.0000,,
smc_288,0.9915,0.9831,0.9831,1.0000,good,none,1,0.1196,1.0000,0.0005,0.9088,0.2496,70,0.8554,5.8289,0.9798,0.0811,0.9998,0.0761,0.9848,0.0002,0.6101,0.2636,67,0.8385,5.7836,0.7029,0.1774,0.6254,,
smc_289,1.0000,1.0000,1.0000,1.0000,good,none,1,0.0910,0.9999,0.0000,0.9998,0.0003,66,0.8775,5.4870,0.9992,0.0044,0.0000,0.0884,0.9778,0.0000,0.7689,0.1028,66,0.9218,5.7980,0.7689,0.1028,0.0000,,
