track_id,fold,gt_median_ibi,pred_median_ibi,acf_period,ibi_ratio,detected_error,orig_F,corrected_F,delta_F,subsample_F,interpolate_F,oracle_F,oracle_choice,orig_CMLt,orig_AMLt
smc_001,2,1.246,0.64,1.24,0.5161,double,0.5946,0.4314,-0.1632,0.4314,0.3697,0.5946,original,0.3696,0.3696
smc_002,4,0.918,0.3,0.3,1.0,correct,0.4575,0.4575,0.0,0.375,0.2612,0.4575,original,0.0,0.0
smc_003,2,0.8824,0.42,0.42,1.0,correct,0.5,0.5,0.0,0.2222,0.3333,0.5,original,0.0,0.5698
smc_004,5,1.0528,0.94,0.9,1.0444,correct,0.5714,0.5714,0.0,0.375,0.5217,0.5714,original,0.4545,0.4545
smc_005,0,1.511,1.44,1.48,0.973,correct,0.3922,0.3922,0.0,0.1081,0.2532,0.3922,original,0.6429,0.6429
smc_006,1,1.151,1.26,1.24,1.0161,correct,0.8571,0.8571,0.0,0.56,0.6966,0.8571,original,0.5556,0.5556
smc_007,5,1.137,1.13,1.14,0.9912,correct,0.6,0.6,0.0,0.4,0.4889,0.6,original,0.8,0.8
smc_008,7,0.446,0.66,1.34,0.4925,double,0.5185,0.1869,-0.3316,0.1869,0.4921,0.5185,original,0.1266,0.1266
smc_009,4,1.0786,0.36,0.36,1.0,correct,0.4427,0.4427,0.0,0.3902,0.2533,0.4427,original,0.0,0.0
smc_010,7,0.783,0.78,0.78,1.0,correct,0.8889,0.8889,0.0,0.5882,0.597,0.8889,original,0.9778,0.9778
smc_011,0,0.647,0.62,0.62,1.0,correct,0.7652,0.7652,0.0,0.5301,0.5251,0.7652,original,0.5,0.5
smc_012,2,0.69,0.66,0.68,0.9706,correct,0.5472,0.5472,0.0,0.4304,0.4125,0.5472,original,0.5273,0.5273
smc_013,5,0.6269,0.62,0.62,1.0,correct,0.9464,0.9464,0.0,0.619,0.631,0.9464,original,1.0,1.0
smc_014,7,0.7662,0.76,0.68,1.1176,correct,0.7901,0.7901,0.0,0.5079,0.5862,0.7901,original,0.6222,0.6222
smc_015,7,1.698,0.74,0.72,1.0278,correct,0.4308,0.4308,0.0,0.3256,0.2593,0.4308,original,0.0,0.5227
smc_016,4,0.857,0.84,0.86,0.9767,correct,0.7952,0.7952,0.0,0.5484,0.528,0.7952,original,0.9524,0.9524
smc_017,3,0.83,0.82,0.82,1.0,correct,0.8916,0.8916,0.0,0.5714,0.6129,0.8916,original,0.9048,0.9048
smc_018,1,0.714,0.68,0.7,0.9714,correct,0.3396,0.3396,0.0,0.2857,0.3804,0.3804,interpolate,0.2105,0.2456
smc_019,2,1.429,0.86,1.44,0.5972,double,0.8679,0.7368,-0.1311,0.7368,0.5542,0.8679,original,0.5333,0.5333
smc_021,5,0.665,0.62,0.62,1.0,correct,0.4673,0.4673,0.0,0.325,0.375,0.4673,original,0.6111,0.6111
smc_022,0,0.865,0.84,0.82,1.0244,correct,0.9487,0.9487,0.0,0.6207,0.6325,0.9487,original,0.875,0.875
smc_023,7,1.71,0.88,0.86,1.0233,correct,0.6667,0.6667,0.0,0.3415,0.4286,0.6667,original,0.0513,0.8049
smc_024,7,0.364,0.66,0.7,0.9429,correct,0.72,0.72,0.0,0.44,0.7886,0.7886,interpolate,0.2267,0.42
smc_026,1,1.158,1.16,1.16,1.0,correct,0.7458,0.7458,0.0,0.5455,0.4944,0.7458,original,0.9333,0.9333
smc_027,1,0.9405,0.6,0.94,0.6383,double,0.5682,0.3548,-0.2133,0.3548,0.3768,0.5682,original,0.3922,0.3922
smc_028,6,0.512,0.98,0.96,1.0208,correct,0.4255,0.4255,0.0,0.2821,0.576,0.576,interpolate,0.0161,0.7188
smc_030,4,0.3,0.3,0.3,1.0,correct,0.9407,0.9407,0.0,0.6364,0.6404,0.9407,original,0.825,0.825
smc_032,5,0.673,0.5,0.98,0.5102,double,0.6118,0.3768,-0.235,0.3768,0.4696,0.6118,original,0.5,0.5
smc_033,3,0.6457,0.61,0.62,0.9839,correct,0.7027,0.7027,0.0,0.4878,0.4852,0.7027,original,0.7069,0.7069
smc_034,5,0.9465,0.96,0.96,1.0,correct,0.9459,0.9459,0.0,0.6071,0.6306,0.9459,original,1.0,1.0
smc_035,2,1.03,1.03,1.02,1.0098,correct,0.7536,0.7536,0.0,0.6275,0.5049,0.7536,original,0.9714,0.9714
smc_036,7,0.975,0.48,0.96,0.5,double,0.7292,0.6061,-0.1231,0.6061,0.4615,0.7292,original,0.2,0.6338
smc_037,5,1.021,1.96,1.12,1.75,half,0.5882,0.6765,0.0882,0.3256,0.6765,0.6765,interpolate,0.0294,0.7647
smc_038,3,0.97,0.94,0.94,1.0,correct,0.7733,0.7733,0.0,0.4364,0.5133,0.7733,original,0.8205,0.8205
smc_041,5,0.8482,0.84,0.84,1.0,correct,0.9268,0.9268,0.0,0.6129,0.6179,0.9268,original,0.878,0.878
smc_042,0,1.3,0.95,1.26,0.754,correct,0.8333,0.8333,0.0,0.4651,0.5376,0.8333,original,0.6061,0.6061
smc_043,5,0.65,0.6,0.6,1.0,correct,0.8113,0.8113,0.0,0.5897,0.5466,0.8113,original,0.6964,0.6964
smc_044,0,0.7848,0.84,0.72,1.1667,correct,0.775,0.775,0.0,0.5161,0.6207,0.775,original,0.6279,0.6279
smc_046,7,0.92,0.92,0.92,1.0,correct,0.641,0.641,0.0,0.4828,0.4274,0.641,original,0.825,0.825
smc_047,2,0.6855,1.34,1.32,1.0152,correct,0.5333,0.5333,0.0,0.2857,0.7551,0.7551,interpolate,0.0196,0.8462
smc_048,2,1.788,1.62,1.5,1.08,correct,0.5,0.5,0.0,0.5,0.3284,0.5,original,0.7083,0.7083
smc_051,2,0.952,0.59,0.96,0.6146,double,0.5474,0.4242,-0.1231,0.4242,0.3816,0.5474,original,0.4483,0.4483
smc_052,4,0.6605,0.66,0.66,1.0,correct,0.7103,0.7103,0.0,0.475,0.472,0.7103,original,0.8704,0.8704
smc_054,0,0.9465,0.96,0.96,1.0,correct,0.9444,0.9444,0.0,0.6667,0.6296,0.9444,original,0.9459,0.9459
smc_055,0,0.8871,1.71,0.9,1.9,half,0.5397,0.6279,0.0882,0.2745,0.6279,0.6279,interpolate,0.1282,0.4167
smc_056,3,0.576,0.3,0.58,0.5172,double,0.3226,0.3364,0.0139,0.3364,0.352,0.352,interpolate,0.1042,0.1453
smc_057,2,0.9739,0.98,1.0,0.98,correct,0.4839,0.4839,0.0,0.2083,0.3596,0.4839,original,0.6571,0.6571
smc_058,4,0.954,0.96,0.96,1.0,correct,0.4638,0.4638,0.0,0.3077,0.3366,0.4638,original,0.75,0.75
smc_059,3,0.84,0.22,0.42,0.5238,double,0.375,0.592,0.217,0.592,0.2246,0.592,subsample,0.0,0.0
smc_060,3,0.85,0.88,0.86,1.0233,correct,0.6053,0.6053,0.0,0.5085,0.4685,0.6053,original,0.6098,0.6098
smc_061,6,1.5,0.76,0.76,1.0,correct,0.5397,0.5397,0.0,0.6047,0.3333,0.6047,subsample,0.1,0.7333
smc_063,5,0.68,0.68,0.68,1.0,correct,0.7,0.7,0.0,0.4737,0.5,0.7,original,0.7255,0.7255
smc_064,7,1.358,0.66,1.36,0.4853,double,0.0,0.0,0.0,0.0,0.0301,0.0301,interpolate,0.0185,0.2222
smc_065,1,0.82,0.82,0.82,1.0,correct,0.9767,0.9767,0.0,0.625,0.6562,0.9767,original,1.0,1.0
smc_066,5,1.274,1.26,1.26,1.0,correct,0.5306,0.5306,0.0,0.3158,0.3662,0.5306,original,0.6667,0.6667
smc_067,0,0.69,0.7,0.7,1.0,correct,0.8713,0.8713,0.0,0.6053,0.5828,0.8713,original,0.9412,0.9412
smc_068,1,0.65,0.64,0.64,1.0,correct,0.9245,0.9245,0.0,0.5823,0.6164,0.9245,original,0.9811,0.9811
smc_069,2,0.692,0.68,0.68,1.0,correct,0.8041,0.8041,0.0,0.5278,0.5479,0.8041,original,0.898,0.898
smc_071,6,0.753,0.75,0.74,1.0135,correct,0.967,0.967,0.0,0.6377,0.6667,0.967,original,0.9565,0.9565
smc_072,4,0.884,0.88,0.88,1.0,correct,0.8861,0.8861,0.0,0.5085,0.5932,0.8861,original,0.975,0.975
smc_073,3,0.8515,0.86,0.86,1.0,correct,0.8889,0.8889,0.0,0.5574,0.6167,0.8889,original,0.9512,0.9512
smc_074,4,0.634,1.98,1.5,1.32,correct,0.507,0.507,0.0,0.2903,0.4091,0.507,original,0.0,0.0
smc_075,3,0.732,0.78,0.78,1.0,correct,0.5882,0.5882,0.0,0.3333,0.4553,0.5882,original,0.5957,0.5957
smc_076,5,0.6905,0.54,1.36,0.3971,other,0.4646,0.4646,0.0,0.3836,0.3444,0.4646,original,0.1346,0.1346
smc_079,7,0.31,0.56,0.62,0.9032,correct,0.6971,0.6971,0.0,0.4539,0.8548,0.8548,interpolate,0.1574,0.5373
smc_080,7,1.6946,0.67,0.64,1.0469,correct,0.381,0.381,0.0,0.2927,0.243,0.381,original,0.0,0.25
smc_082,1,0.52,0.52,0.52,1.0,correct,0.9661,0.9661,0.0,0.6667,0.6369,0.9661,original,0.8852,0.8852
smc_084,2,1.357,4.06,1.18,3.4407,other,0.0667,0.0667,0.0,0.0,0.0588,0.0667,original,0.08,0.08
smc_085,2,1.09,1.06,1.08,0.9815,correct,0.2812,0.2812,0.0,0.1667,0.1875,0.2812,original,0.6562,0.6562
smc_086,2,0.8642,0.88,0.88,1.0,correct,0.875,0.875,0.0,0.6333,0.5882,0.875,original,0.75,0.75
smc_087,4,0.5775,0.56,0.58,0.9655,correct,0.8088,0.8088,0.0,0.5102,0.5308,0.8088,original,0.5789,0.5789
smc_088,0,0.994,0.94,0.96,0.9792,correct,0.5205,0.5205,0.0,0.3396,0.375,0.5205,original,0.5641,0.5641
smc_089,1,0.7089,0.72,1.42,0.507,double,0.6047,0.3824,-0.2223,0.3824,0.6116,0.6116,interpolate,0.4,0.4
smc_092,7,0.4656,0.9,0.92,0.9783,correct,0.748,0.748,0.0,0.4848,0.8372,0.8372,interpolate,0.2973,0.5306
smc_093,6,0.457,0.46,0.9,0.5111,double,0.7832,0.5273,-0.2559,0.5273,0.622,0.7832,original,0.6316,0.6316
smc_095,3,0.742,0.74,0.74,1.0,correct,0.8387,0.8387,0.0,0.5714,0.5942,0.8387,original,0.8723,0.8723
smc_096,2,0.56,0.56,0.56,1.0,correct,0.9839,0.9839,0.0,0.6667,0.6559,0.9839,original,1.0,1.0
smc_098,3,0.59,0.3,0.6,0.5,double,0.7015,0.7473,0.0458,0.7473,0.4312,0.7473,subsample,0.2235,0.4639
smc_099,0,1.061,1.06,1.08,0.9815,correct,0.5455,0.5455,0.0,0.4,0.3636,0.5455,original,0.9091,0.9091
smc_100,5,0.94,0.48,0.46,1.0435,correct,0.4646,0.4646,0.0,0.3529,0.3875,0.4646,original,0.1935,0.274
smc_101,6,0.5207,1.57,1.5,1.0467,correct,0.4938,0.4938,0.0,0.2857,0.4314,0.4938,original,0.0339,0.1
smc_103,0,0.55,0.8,0.82,0.9756,correct,0.4301,0.4301,0.0,0.1918,0.4091,0.4301,original,0.1852,0.1852
smc_104,1,0.889,0.44,0.9,0.4889,double,0.6355,0.1644,-0.4711,0.1644,0.4023,0.6355,original,0.0588,0.7273
smc_105,4,0.464,0.88,0.86,1.0233,correct,0.2569,0.2569,0.0,0.1099,0.331,0.331,interpolate,0.0,0.2703
smc_106,1,0.965,0.48,0.48,1.0,correct,0.3551,0.3551,0.0,0.4167,0.2247,0.4167,subsample,0.0,0.5352
smc_109,5,0.916,0.46,0.6,0.7667,correct,0.4068,0.4068,0.0,0.2308,0.2944,0.4068,original,0.05,0.1375
smc_111,1,0.645,0.96,0.96,1.0,correct,0.4706,0.4706,0.0,0.3636,0.4628,0.4706,original,0.1875,0.1875
smc_113,2,1.31,0.84,0.86,0.9767,correct,0.5897,0.5897,0.0,0.6038,0.3876,0.6038,subsample,0.0,0.0
smc_114,3,0.981,1.0,1.0,1.0,correct,0.597,0.597,0.0,0.3396,0.4421,0.597,original,0.4474,0.4474
smc_116,6,0.874,0.24,0.62,0.3871,other,0.2674,0.2674,0.0,0.2476,0.2033,0.2674,original,0.0075,0.0075
smc_117,5,1.001,0.92,0.9,1.0222,correct,0.6479,0.6479,0.0,0.566,0.4528,0.6479,original,0.6389,0.6389
smc_118,1,0.9998,0.6,0.54,1.1111,correct,0.3077,0.3077,0.0,0.3226,0.2685,0.3226,subsample,0.1034,0.1692
smc_119,7,1.055,0.4,1.02,0.3922,other,0.3908,0.3908,0.0,0.2712,0.2817,0.3908,original,0.3273,0.3273
smc_120,6,0.649,0.64,0.64,1.0,correct,0.972,0.972,0.0,0.675,0.646,0.972,original,0.9815,0.9815
smc_121,3,1.7586,0.93,0.84,1.1071,correct,0.32,0.32,0.0,0.4,0.2,0.4,subsample,0.3333,0.3846
smc_124,3,0.912,0.92,0.92,1.0,correct,0.4935,0.4935,0.0,0.3509,0.3276,0.4935,original,0.9231,0.9231
smc_126,4,0.925,0.92,0.92,1.0,correct,0.9474,0.9474,0.0,0.6316,0.6372,0.9474,original,0.9737,0.9737
smc_127,4,1.0059,0.88,0.86,1.0233,correct,0.4923,0.4923,0.0,0.2083,0.3232,0.4923,original,0.1471,0.2295
smc_130,1,1.3326,0.76,0.94,0.8085,correct,0.4225,0.4225,0.0,0.4167,0.3419,0.4225,original,0.1522,0.1522
smc_133,6,0.904,0.9,0.9,1.0,correct,0.7895,0.7895,0.0,0.5614,0.5263,0.7895,original,0.9737,0.9737
smc_135,0,0.7875,0.82,0.8,1.025,correct,0.8409,0.8409,0.0,0.5672,0.6357,0.8409,original,0.6739,0.6739
smc_137,3,0.4785,0.42,0.5,0.84,correct,0.8364,0.8364,0.0,0.5333,0.5569,0.8364,original,0.6667,0.6667
smc_139,3,1.46,0.73,0.74,0.9865,correct,0.507,0.507,0.0,0.2128,0.3051,0.507,original,0.0417,0.8125
smc_140,3,0.607,0.62,0.7,0.8857,correct,0.6491,0.6491,0.0,0.3678,0.503,0.6491,original,0.55,0.55
smc_142,1,0.7491,0.76,0.76,1.0,correct,0.6133,0.6133,0.0,0.4068,0.5234,0.6133,original,0.4884,0.4884
smc_143,2,0.689,0.68,0.68,1.0,correct,0.5385,0.5385,0.0,0.3846,0.359,0.5385,original,0.8462,0.8462
smc_146,7,1.025,1.04,1.04,1.0,correct,0.6769,0.6769,0.0,0.449,0.4583,0.6769,original,0.8485,0.8485
smc_147,3,0.6041,0.32,0.6,0.5333,double,0.705,0.551,-0.154,0.551,0.4545,0.705,original,0.3827,0.3827
smc_148,7,0.846,0.92,0.9,1.0222,correct,0.1404,0.1404,0.0,0.12,0.2286,0.2286,interpolate,0.0,0.119
smc_149,4,0.8199,0.36,0.36,1.0,correct,0.4161,0.4161,0.0,0.375,0.3137,0.4161,original,0.0,0.3396
smc_150,0,0.527,0.52,0.52,1.0,correct,0.9697,0.9697,0.0,0.6531,0.64,0.9697,original,0.9118,0.9118
smc_151,7,0.432,0.7,0.42,1.6667,half,0.6984,0.7011,0.0027,0.4356,0.7011,0.7011,interpolate,0.3117,0.3117
smc_152,6,0.714,2.11,0.98,2.1531,half,0.5,0.4051,-0.0949,0.2857,0.4051,0.5,original,0.0,0.0
smc_153,7,0.6236,0.62,0.62,1.0,correct,0.313,0.313,0.0,0.2353,0.5402,0.5402,interpolate,0.1667,0.5
smc_154,6,1.0681,1.08,0.7,1.5429,half,0.4444,0.3617,-0.0827,0.383,0.3617,0.4444,original,0.1562,0.1562
smc_157,1,0.763,0.76,0.76,1.0,correct,0.6591,0.6591,0.0,0.3636,0.4545,0.6591,original,0.9091,0.9091
smc_158,6,1.4164,0.8,0.88,0.9091,correct,0.2182,0.2182,0.0,0.1026,0.2529,0.2529,interpolate,0.0312,0.0889
smc_159,7,0.6279,1.28,1.24,1.0323,correct,0.4444,0.4444,0.0,0.2941,0.6852,0.6852,interpolate,0.0,1.0
smc_161,6,0.98,0.98,0.98,1.0,correct,0.6957,0.6957,0.0,0.4231,0.4854,0.6957,original,0.9429,0.9429
smc_166,3,0.744,0.74,0.74,1.0,correct,0.8478,0.8478,0.0,0.5797,0.5693,0.8478,original,1.0,1.0
smc_167,1,1.6712,1.56,1.5,1.04,correct,0.5333,0.5333,0.0,0.3636,0.3529,0.5333,original,0.7083,0.7083
smc_168,0,1.763,0.86,0.9,0.9556,correct,0.3,0.3,0.0,0.3,0.1782,0.3,original,0.0244,0.6098
smc_169,1,0.353,0.54,1.06,0.5094,double,0.5616,0.3443,-0.2174,0.3443,0.5128,0.5616,original,0.1649,0.1649
smc_170,6,0.816,0.82,0.82,1.0,correct,0.8372,0.8372,0.0,0.5625,0.5581,0.8372,original,1.0,1.0
smc_171,0,1.14,0.58,0.58,1.0,correct,0.4946,0.4946,0.0,0.623,0.3097,0.623,subsample,0.0,0.8254
smc_172,3,0.78,0.52,0.78,0.6667,double,0.5,0.325,-0.175,0.325,0.3743,0.5,original,0.1806,0.1806
smc_173,5,1.464,0.72,0.74,0.973,correct,0.5946,0.5946,0.0,0.3673,0.3548,0.5946,original,0.0,0.92
smc_174,1,0.7345,0.64,0.66,0.9697,correct,0.28,0.28,0.0,0.137,0.3247,0.3247,interpolate,0.1852,0.1852
smc_175,4,1.6834,1.0,0.88,1.1364,correct,0.2381,0.2381,0.0,0.0667,0.1538,0.2381,original,0.3333,0.3333
smc_176,5,0.7435,1.15,1.14,1.0088,correct,0.3429,0.3429,0.0,0.1404,0.3579,0.3579,interpolate,0.0889,0.0889
smc_178,2,1.625,1.62,1.5,1.08,correct,0.8571,0.8571,0.0,0.5161,0.5714,0.8571,original,1.0,1.0
smc_179,0,1.44,0.79,0.72,1.0972,correct,0.6038,0.6038,0.0,0.2703,0.3765,0.6038,original,0.2188,0.4634
smc_181,5,0.973,0.33,0.32,1.0313,correct,0.3359,0.3359,0.0,0.2927,0.2096,0.3359,original,0.0,0.0
smc_182,7,0.841,0.84,0.84,1.0,correct,0.8193,0.8193,0.0,0.5806,0.5484,0.8193,original,0.9762,0.9762
smc_184,6,0.9878,0.99,1.0,0.99,correct,0.8308,0.8308,0.0,0.4898,0.5833,0.8308,original,0.8824,0.8824
smc_187,6,1.8344,0.89,1.0,0.89,correct,0.3396,0.3396,0.0,0.3333,0.2299,0.3396,original,0.3235,0.3235
smc_188,0,1.254,1.26,1.26,1.0,correct,0.9091,0.9091,0.0,0.6341,0.642,0.9091,original,0.8571,0.8571
smc_190,0,1.08,0.56,1.08,0.5185,double,0.4819,0.3571,-0.1248,0.3571,0.2941,0.4819,original,0.1321,0.3898
smc_192,7,1.823,1.68,0.88,1.9091,half,0.2857,0.1961,-0.0896,0.1538,0.1961,0.2857,original,0.4444,0.4444
smc_193,7,0.8283,0.84,0.84,1.0,correct,0.8706,0.8706,0.0,0.5938,0.5827,0.8706,original,0.8837,0.8837
smc_194,5,1.0335,1.94,0.84,2.3095,half,0.2449,0.2258,-0.0191,0.0952,0.2258,0.2449,original,0.0,0.1176
smc_195,7,0.3438,0.68,0.66,1.0303,correct,0.3544,0.3544,0.0,0.2456,0.4715,0.4715,interpolate,0.0,0.3864
smc_197,0,1.6342,1.62,1.5,1.08,correct,0.4286,0.4286,0.0,0.25,0.2857,0.4286,original,1.0,1.0
smc_198,1,0.6,0.56,1.16,0.4828,double,0.7227,0.5647,-0.158,0.5647,0.4706,0.7227,original,0.5797,0.5797
smc_199,2,0.785,0.49,0.88,0.5568,double,0.3579,0.3284,-0.0295,0.3284,0.2416,0.3579,original,0.2364,0.2364
smc_202,2,1.078,1.04,1.06,0.9811,correct,0.2188,0.2188,0.0,0.1667,0.2526,0.2526,interpolate,0.25,0.25
smc_203,4,0.8726,0.6,0.62,0.9677,correct,0.25,0.25,0.0,0.1944,0.2738,0.2738,interpolate,0.0,0.013
smc_204,5,0.6065,0.62,0.62,1.0,correct,0.3063,0.3063,0.0,0.241,0.3473,0.3473,interpolate,0.1228,0.1228
smc_205,7,0.762,0.76,0.76,1.0,correct,0.8636,0.8636,0.0,0.6154,0.5821,0.8636,original,0.7826,0.7826
smc_206,3,0.836,0.78,0.78,1.0,correct,0.64,0.64,0.0,0.4444,0.4655,0.64,original,0.5122,0.5122
smc_207,3,0.5276,0.52,0.52,1.0,correct,0.9552,0.9552,0.0,0.6535,0.64,0.9552,original,1.0,1.0
smc_208,0,1.1005,1.1,1.1,1.0,correct,0.8125,0.8125,0.0,0.5957,0.5417,0.8125,original,0.8788,0.8788
smc_209,4,0.822,0.8,0.8,1.0,correct,0.642,0.642,0.0,0.4,0.4262,0.642,original,0.8537,0.8537
smc_211,7,0.7165,0.74,0.74,1.0,correct,0.5647,0.5647,0.0,0.2985,0.4132,0.5647,original,0.6327,0.6327
smc_212,0,1.48,1.26,1.24,1.0161,correct,0.4783,0.4783,0.0,0.4,0.3235,0.4783,original,0.5,0.5
smc_213,2,0.9172,0.94,0.94,1.0,correct,0.5278,0.5278,0.0,0.3273,0.3585,0.5278,original,0.7105,0.7105
smc_214,3,1.31,1.32,1.32,1.0,correct,0.4783,0.4783,0.0,0.2857,0.3235,0.4783,original,0.5417,0.5417
smc_215,6,1.047,1.02,1.0,1.02,correct,0.8788,0.8788,0.0,0.64,0.5918,0.8788,original,0.8788,0.8788
smc_216,5,0.9645,0.96,0.94,1.0213,correct,0.7324,0.7324,0.0,0.4906,0.4906,0.7324,original,0.8333,0.8333
smc_217,5,1.115,1.13,1.14,0.9912,correct,0.7742,0.7742,0.0,0.5652,0.5217,0.7742,original,1.0,1.0
smc_219,1,0.6575,0.64,0.64,1.0,correct,0.8077,0.8077,0.0,0.6053,0.5316,0.8077,original,0.7636,0.7636
smc_220,4,0.831,0.59,0.84,0.7024,correct,0.7835,0.7835,0.0,0.6087,0.5,0.7835,original,0.5455,0.5455
smc_221,6,1.143,1.12,1.14,0.9825,correct,0.4918,0.4918,0.0,0.4,0.3297,0.4918,original,0.5161,0.5161
smc_222,4,1.2335,1.12,1.22,0.918,correct,0.5625,0.5625,0.0,0.3636,0.3495,0.5625,original,0.4615,0.4615
smc_223,2,0.993,0.9,0.94,0.9574,correct,0.6849,0.6849,0.0,0.566,0.4821,0.6849,original,0.55,0.55
smc_224,6,0.947,0.92,0.94,0.9787,correct,0.35,0.35,0.0,0.2414,0.2459,0.35,original,0.5349,0.5349
smc_225,3,1.344,0.44,0.44,1.0,correct,0.3962,0.3962,0.0,0.3636,0.2246,0.3962,original,0.0,0.0
smc_226,6,1.0775,1.11,1.16,0.9569,correct,0.5075,0.5075,0.0,0.3265,0.3366,0.5075,original,0.6857,0.6857
smc_227,4,0.926,0.94,0.92,1.0217,correct,0.5634,0.5634,0.0,0.3636,0.4615,0.5634,original,0.6053,0.6053
smc_229,4,0.8,0.8,0.8,1.0,correct,0.9318,0.9318,0.0,0.6061,0.6212,0.9318,original,1.0,1.0
smc_232,2,0.4003,0.38,0.38,1.0,correct,0.7611,0.7611,0.0,0.4773,0.5432,0.7611,original,0.5156,0.5156
smc_235,6,0.93,0.83,0.8,1.0375,correct,0.5833,0.5833,0.0,0.3704,0.3925,0.5833,original,0.6111,0.6111
smc_236,7,0.9435,0.94,0.92,1.0217,correct,0.75,0.75,0.0,0.5106,0.5,0.75,original,0.8485,0.8485
smc_237,0,0.929,0.94,0.86,1.093,correct,0.507,0.507,0.0,0.2182,0.3689,0.507,original,0.7368,0.7368
smc_239,6,1.244,0.78,0.58,1.3448,correct,0.4127,0.4127,0.0,0.2222,0.3093,0.4127,original,0.2571,0.2571
smc_241,0,0.796,0.8,0.8,1.0,correct,0.3409,0.3409,0.0,0.2462,0.2256,0.3409,original,0.6889,0.6889
smc_242,4,0.76,0.76,0.76,1.0,correct,0.7033,0.7033,0.0,0.5,0.4818,0.7033,original,0.8696,0.8696
smc_243,1,1.172,1.2,1.12,1.0714,correct,0.8148,0.8148,0.0,0.5366,0.55,0.8148,original,0.8519,0.8519
smc_244,2,0.547,1.06,1.06,1.0,correct,0.2553,0.2553,0.0,0.1026,0.352,0.352,interpolate,0.0,0.4688
smc_248,1,0.617,1.14,1.14,1.0,correct,0.3947,0.3947,0.0,0.2188,0.52,0.52,interpolate,0.0769,0.4231
smc_249,6,0.8734,0.88,0.88,1.0,correct,0.88,0.88,0.0,0.5818,0.5789,0.88,original,0.8718,0.8718
smc_251,1,0.5165,0.52,0.52,1.0,correct,0.9023,0.9023,0.0,0.6122,0.5941,0.9023,original,0.8986,0.8986
smc_252,2,0.647,0.66,0.66,1.0,correct,0.9444,0.9444,0.0,0.6173,0.6335,0.9444,original,1.0,1.0
smc_253,4,0.9143,0.92,0.92,1.0,correct,0.641,0.641,0.0,0.4407,0.4483,0.641,original,0.6923,0.6923
smc_254,3,0.604,1.38,1.34,1.0299,correct,0.1687,0.1687,0.0,0.0857,0.3704,0.3704,interpolate,0.0175,0.2857
smc_255,2,0.9388,0.92,0.96,0.9583,correct,0.7945,0.7945,0.0,0.4364,0.5688,0.7945,original,0.6757,0.6757
smc_256,1,0.884,1.67,0.98,1.7041,half,0.6316,0.7436,0.112,0.383,0.7436,0.7436,interpolate,0.0,0.7143
smc_257,7,0.3865,0.7,0.72,0.9722,correct,0.6218,0.6218,0.0,0.383,0.6627,0.6627,interpolate,0.1912,0.3725
smc_258,3,0.675,0.39,0.42,0.9286,correct,0.3188,0.3188,0.0,0.2316,0.3214,0.3214,interpolate,0.0698,0.0698
smc_259,4,0.748,0.76,0.76,1.0,correct,0.5588,0.5588,0.0,0.4255,0.3636,0.5588,original,0.5,0.5
smc_260,0,0.5922,0.58,0.56,1.0357,correct,0.844,0.844,0.0,0.5185,0.5732,0.844,original,0.7321,0.7321
smc_261,1,0.85,0.8,0.78,1.0256,correct,0.4615,0.4615,0.0,0.2807,0.3333,0.4615,original,0.4762,0.4762
smc_262,4,0.534,0.6,0.54,1.1111,correct,0.6804,0.6804,0.0,0.425,0.5846,0.6804,original,0.3651,0.3651
smc_263,3,1.239,1.22,1.24,0.9839,correct,0.7213,0.7213,0.0,0.5333,0.4731,0.7213,original,0.6875,0.6875
smc_264,2,0.8242,0.4,0.4,1.0,correct,0.4462,0.4462,0.0,0.3488,0.2661,0.4462,original,0.0,0.6705
smc_265,6,0.392,0.38,0.36,1.0556,correct,0.8176,0.8176,0.0,0.5289,0.5812,0.8176,original,0.6905,0.6905
smc_266,5,1.2575,1.04,1.26,0.8254,correct,0.6349,0.6349,0.0,0.4348,0.4124,0.6349,original,0.5143,0.5143
smc_269,5,1.102,1.12,1.18,0.9492,correct,0.8571,0.8571,0.0,0.5106,0.5895,0.8571,original,0.8438,0.8438
smc_271,1,0.5815,0.58,0.58,1.0,correct,1.0,1.0,0.0,0.6667,0.6667,1.0,original,1.0,1.0
smc_272,7,0.29,0.58,0.58,1.0,correct,0.6409,0.6409,0.0,0.3867,0.9544,0.9544,interpolate,0.0,0.5246
smc_273,3,0.6269,0.62,1.26,0.4921,double,1.0,0.6667,-0.3333,0.6667,0.6667,1.0,original,1.0,1.0
smc_274,0,0.42,0.42,0.42,1.0,correct,0.0,0.0,0.0,0.0,0.6667,0.6667,interpolate,0.0,0.988
smc_275,5,1.5,0.5,0.5,1.0,correct,0.4946,0.4946,0.0,0.3793,0.2822,0.4946,original,0.0,0.0
smc_276,1,0.319,0.64,0.64,1.0,correct,0.6667,0.6667,0.0,0.4058,0.9954,0.9954,interpolate,0.0,1.0
smc_277,5,1.144,0.42,1.14,0.3684,other,0.5636,0.5636,0.0,0.3714,0.3298,0.5636,original,0.0,0.4684
smc_278,6,0.5739,0.58,0.58,1.0,correct,1.0,1.0,0.0,0.6667,0.6667,1.0,original,1.0,1.0
smc_279,4,0.576,0.58,0.58,1.0,correct,1.0,1.0,0.0,0.6739,0.6703,1.0,original,1.0,1.0
smc_280,6,0.704,0.7,0.7,1.0,correct,1.0,1.0,0.0,0.6667,0.6711,1.0,original,1.0,1.0
smc_281,4,0.641,0.64,0.64,1.0,correct,1.0,1.0,0.0,0.6667,0.6667,1.0,original,1.0,1.0
smc_282,5,0.6385,0.64,0.64,1.0,correct,0.9818,0.9818,0.0,0.6506,0.6545,0.9818,original,0.9636,0.9636
smc_283,2,0.704,0.7,0.7,1.0,correct,0.8696,0.8696,0.0,0.561,0.5587,0.8696,original,0.5538,0.5538
smc_284,6,0.6,0.6,0.6,1.0,correct,1.0,1.0,0.0,0.6667,0.6667,1.0,original,1.0,1.0
smc_285,7,0.5,0.5,1.0,0.5,double,0.3537,0.1852,-0.1686,0.1852,0.5804,0.5804,interpolate,0.1429,0.4675
smc_286,0,0.682,0.68,0.68,1.0,correct,1.0,1.0,0.0,0.6667,0.671,1.0,original,1.0,1.0
smc_287,6,0.59,0.58,1.18,0.4915,double,1.0,0.6667,-0.3333,0.6667,0.6704,1.0,original,0.9833,0.9833
smc_288,4,0.592,0.6,0.6,1.0,correct,0.9915,0.9915,0.0,0.6591,0.6667,0.9915,original,0.9831,0.9831
smc_289,0,0.6009,0.6,0.6,1.0,correct,1.0,1.0,0.0,0.6667,0.6705,1.0,original,1.0,1.0
