track_id,error_category,axes,optimal_lambda,optimal_F,optimal_CMLt,optimal_AMLt,default_F,default_CMLt,default_AMLt,delta_F,F_lam1,F_lam2,F_lam5,F_lam10,F_lam20,F_lam30,F_lam50,F_lam75,F_lam100,F_lam150,F_lam200,F_lam300,F_lam500
smc_001,other,Weak beat cues;Tempo instability,1,0.4150943396226415,0.02564102564102564,0.02564102564102564,0.39285714285714285,0.0,0.0,0.022237196765498624,0.4150943396226415,0.40740740740740744,0.39285714285714285,0.39285714285714285,0.3893805309734514,0.3893805309734514,0.39285714285714285,0.39285714285714285,0.39285714285714285,0.39285714285714285,0.39285714285714285,0.4107142857142857,0.4107142857142857
smc_002,other,Weak beat cues;Tempo instability;Metrical ambiguity,5,0.46052631578947373,0.0,0.0,0.46052631578947373,0.0,0.0,0.0,0.4489795918367347,0.4533333333333333,0.46052631578947373,0.46052631578947373,0.46052631578947373,0.46052631578947373,0.46052631578947373,0.46052631578947373,0.46052631578947373,0.44736842105263164,0.45637583892617445,0.4503311258278146,0.46052631578947373
smc_003,other,Tempo instability;Structural/context,300,0.5210084033613445,0.0,0.6790123456790124,0.45,0.0,0.5853658536585366,0.07100840336134445,0.43478260869565216,0.43478260869565216,0.43478260869565216,0.46956521739130436,0.4406779661016949,0.46666666666666673,0.4833333333333333,0.45,0.45,0.4873949579831933,0.4705882352941177,0.5210084033613445,0.4369747899159664
smc_004,continuity_drift,Tempo instability;Structural/context,20,0.5974025974025974,0.25,0.25,0.4615384615384615,0.36363636363636365,0.36363636363636365,0.13586413586413587,0.5384615384615385,0.5384615384615385,0.5789473684210527,0.5714285714285715,0.5974025974025974,0.5753424657534246,0.5797101449275361,0.5507246376811594,0.4615384615384615,0.37142857142857144,0.37142857142857144,0.3943661971830986,0.3098591549295775
smc_005,octave_error,Weak beat cues;Tempo instability;Metrical ambiguity,1,0.3174603174603175,0.15,0.5777777777777777,0.2898550724637681,0.0,0.782608695652174,0.027605244996549372,0.3174603174603175,0.3174603174603175,0.2985074626865672,0.2985074626865672,0.2898550724637681,0.2898550724637681,0.2898550724637681,0.2898550724637681,0.2898550724637681,0.2898550724637681,0.2898550724637681,0.2898550724637681,0.2898550724637681
smc_006,good,Tempo instability,75,0.8125000000000001,0.5,0.5,0.7999999999999999,0.4722222222222222,0.4722222222222222,0.012500000000000178,0.7999999999999999,0.7999999999999999,0.7941176470588235,0.7941176470588235,0.7941176470588235,0.8059701492537312,0.8059701492537312,0.8125000000000001,0.7999999999999999,0.7999999999999999,0.7887323943661971,0.7384615384615385,0.7076923076923076
smc_007,other,Weak beat cues;Tempo instability;Metrical ambiguity;Structural/context,20,0.5901639344262295,0.7096774193548387,0.7096774193548387,0.5901639344262295,0.7741935483870968,0.7741935483870968,0.0,0.5625,0.5625,0.5625,0.5625,0.5901639344262295,0.5901639344262295,0.5901639344262295,0.5901639344262295,0.5901639344262295,0.5901639344262295,0.5901639344262295,0.5901639344262295,0.5901639344262295
smc_008,other,Metrical ambiguity,1,0.4545454545454546,0.05063291139240506,0.09433962264150944,0.3939393939393939,0.0,0.0,0.06060606060606066,0.4545454545454546,0.4545454545454546,0.4545454545454546,0.40909090909090906,0.40909090909090906,0.3939393939393939,0.3939393939393939,0.3939393939393939,0.3939393939393939,0.3939393939393939,0.3939393939393939,0.3939393939393939,0.3939393939393939
smc_009,other,Weak beat cues,1,0.45801526717557256,0.0,0.0,0.45801526717557256,0.0,0.0,0.0,0.45801526717557256,0.45801526717557256,0.45801526717557256,0.45801526717557256,0.45801526717557256,0.45801526717557256,0.45801526717557256,0.45801526717557256,0.45801526717557256,0.45801526717557256,0.45801526717557256,0.45801526717557256,0.45801526717557256
smc_010,good,Tempo instability;Metrical ambiguity,1,0.8888888888888888,0.9777777777777777,0.9777777777777777,0.8888888888888888,0.9777777777777777,0.9777777777777777,0.0,0.8888888888888888,0.8888888888888888,0.8888888888888888,0.8888888888888888,0.8888888888888888,0.8888888888888888,0.8888888888888888,0.8888888888888888,0.8888888888888888,0.8888888888888888,0.8888888888888888,0.8888888888888888,0.8888888888888888
smc_011,continuity_drift,Weak beat cues;Tempo instability,10,0.8035714285714285,0.5737704918032787,0.5737704918032787,0.7476635514018691,0.625,0.625,0.05590787716955936,0.7522935779816514,0.7522935779816514,0.7889908256880734,0.8035714285714285,0.8035714285714285,0.8035714285714285,0.7476635514018691,0.7476635514018691,0.7476635514018691,0.7476635514018691,0.7476635514018691,0.7289719626168223,0.7102803738317757
smc_012,continuity_drift,Tempo instability;Metrical ambiguity,2,0.5686274509803921,0.6470588235294118,0.6470588235294118,0.5686274509803921,0.7058823529411765,0.7058823529411765,0.0,0.5490196078431373,0.5686274509803921,0.5294117647058824,0.5294117647058824,0.5294117647058824,0.5294117647058824,0.5098039215686274,0.5686274509803921,0.5686274509803921,0.49019607843137253,0.49019607843137253,0.49019607843137253,0.43137254901960786
smc_013,good,Weak beat cues,500,0.9464285714285714,1.0,1.0,0.912280701754386,0.9137931034482759,0.9137931034482759,0.03414786967418537,0.9272727272727271,0.9272727272727271,0.9272727272727271,0.9272727272727271,0.9272727272727271,0.9272727272727271,0.9272727272727271,0.9454545454545454,0.912280701754386,0.8947368421052632,0.8947368421052632,0.8771929824561403,0.9464285714285714
smc_014,other,Weak beat cues;Tempo instability,150,0.8888888888888888,0.9333333333333333,0.9333333333333333,0.8666666666666667,0.9111111111111111,0.9111111111111111,0.022222222222222143,0.8045977011494253,0.8045977011494253,0.8505747126436781,0.8505747126436781,0.8666666666666667,0.8666666666666667,0.8666666666666667,0.8666666666666667,0.8666666666666667,0.8888888888888888,0.8888888888888888,0.8666666666666667,0.8444444444444444
smc_015,other,Tempo instability;Metrical ambiguity;Structural/context,10,0.43076923076923074,0.0,0.6363636363636364,0.3692307692307692,0.0,0.5,0.06153846153846154,0.40625,0.40625,0.4000000000000001,0.43076923076923074,0.4000000000000001,0.4000000000000001,0.3692307692307692,0.3692307692307692,0.3692307692307692,0.3142857142857143,0.29411764705882354,0.2985074626865672,0.2985074626865672
smc_016,other,Tempo instability;Structural/context,200,0.8395061728395061,0.975609756097561,0.975609756097561,0.8148148148148149,0.975609756097561,0.975609756097561,0.024691358024691246,0.8148148148148149,0.8148148148148149,0.8148148148148149,0.8148148148148149,0.8148148148148149,0.8148148148148149,0.8148148148148149,0.8148148148148149,0.8148148148148149,0.8148148148148149,0.8395061728395061,0.8395061728395061,0.8395061728395061
smc_017,good,Weak beat cues;Metrical ambiguity;Structural/context,75,0.8809523809523809,0.9761904761904762,0.9761904761904762,0.8571428571428571,0.9761904761904762,0.9761904761904762,0.023809523809523836,0.7619047619047619,0.7619047619047619,0.7804878048780488,0.8333333333333334,0.8333333333333334,0.8333333333333334,0.8333333333333334,0.8809523809523809,0.8571428571428571,0.8571428571428571,0.8571428571428571,0.8571428571428571,0.8571428571428571
smc_018,other,Tempo instability;Metrical ambiguity,200,0.42857142857142855,0.4897959183673469,0.4897959183673469,0.24444444444444444,0.16326530612244897,0.22916666666666666,0.1841269841269841,0.30107526881720426,0.30107526881720426,0.31111111111111117,0.2888888888888889,0.26666666666666666,0.26666666666666666,0.24444444444444444,0.24444444444444444,0.24444444444444444,0.32653061224489793,0.42857142857142855,0.3877551020408163,0.3030303030303031
smc_019,good,Weak beat cues;Tempo instability,1,0.7333333333333334,0.32432432432432434,0.4666666666666667,0.6285714285714286,0.0,0.9574468085106383,0.10476190476190483,0.7333333333333334,0.7333333333333334,0.7333333333333334,0.6567164179104478,0.6666666666666667,0.6666666666666667,0.6285714285714286,0.6285714285714286,0.6285714285714286,0.6285714285714286,0.6,0.6,0.5915492957746479
smc_021,other,Weak beat cues;Tempo instability;Structural/context,50,0.58,0.5849056603773585,0.5849056603773585,0.5454545454545455,0.5964912280701754,0.5964912280701754,0.034545454545454435,0.5242718446601942,0.5242718446601942,0.5242718446601942,0.5242718446601942,0.5384615384615384,0.5384615384615384,0.58,0.5686274509803921,0.5454545454545455,0.5454545454545455,0.5272727272727273,0.5272727272727273,0.5454545454545455
smc_022,good,Tempo instability;Structural/context,1,0.9135802469135803,0.7441860465116279,0.7441860465116279,0.8421052631578947,0.7105263157894737,0.7105263157894737,0.07147498375568562,0.9135802469135803,0.9135802469135803,0.9135802469135803,0.9135802469135803,0.8641975308641974,0.8641975308641974,0.8500000000000001,0.9113924050632912,0.8421052631578947,0.8157894736842104,0.8157894736842104,0.7631578947368421,0.6578947368421053
smc_023,other,Weak beat cues;Tempo instability;Metrical ambiguity;Structural/context,1,0.634920634920635,0.0,0.8333333333333334,0.6031746031746031,0.0,0.8571428571428571,0.031746031746031855,0.634920634920635,0.634920634920635,0.634920634920635,0.634920634920635,0.634920634920635,0.634920634920635,0.6031746031746031,0.6031746031746031,0.6031746031746031,0.6031746031746031,0.6031746031746031,0.6031746031746031,0.5714285714285714
smc_024,other,Tempo instability;Metrical ambiguity,2,0.7727272727272727,0.38666666666666666,0.38666666666666666,0.6666666666666667,0.18666666666666668,0.4222222222222222,0.10606060606060597,0.734375,0.7727272727272727,0.7575757575757576,0.7559055118110237,0.6949152542372881,0.6949152542372881,0.6949152542372881,0.6610169491525424,0.6666666666666667,0.6666666666666667,0.6290322580645161,0.6129032258064516,0.5826771653543308
smc_026,continuity_drift,Weak beat cues;Tempo instability,1,0.7457627118644068,0.9333333333333333,0.9333333333333333,0.7457627118644068,0.9333333333333333,0.9333333333333333,0.0,0.7457627118644068,0.7457627118644068,0.7457627118644068,0.7457627118644068,0.7457627118644068,0.7457627118644068,0.7457627118644068,0.7457627118644068,0.7457627118644068,0.7457627118644068,0.7457627118644068,0.7457627118644068,0.7457627118644068
smc_027,other,Weak beat cues;Tempo instability;Structural/context,200,0.8108108108108109,0.972972972972973,0.972972972972973,0.6265060240963856,0.5217391304347826,0.5217391304347826,0.1843047867144253,0.5052631578947369,0.5052631578947369,0.5263157894736842,0.5494505494505494,0.5301204819277109,0.5783132530120482,0.6265060240963856,0.6265060240963856,0.6265060240963856,0.7567567567567567,0.8108108108108109,0.8108108108108109,0.7837837837837838
smc_028,octave_error,Tempo instability;Metrical ambiguity,75,0.4680851063829787,0.03225806451612903,0.625,0.4680851063829787,0.03225806451612903,0.625,0.0,0.3829787234042554,0.3829787234042554,0.3829787234042554,0.425531914893617,0.425531914893617,0.425531914893617,0.44680851063829785,0.4680851063829787,0.4680851063829787,0.44680851063829785,0.3829787234042554,0.3829787234042554,0.2765957446808511
smc_030,good,Weak beat cues;Tempo instability;Metrical ambiguity;Structural/context,1,0.9527896995708154,0.8547008547008547,0.8547008547008547,0.9527896995708154,0.8632478632478633,0.8632478632478633,0.0,0.9527896995708154,0.9527896995708154,0.9527896995708154,0.9527896995708154,0.9527896995708154,0.9527896995708154,0.9527896995708154,0.9527896995708154,0.9527896995708154,0.9527896995708154,0.9527896995708154,0.9527896995708154,0.9527896995708154
smc_032,other,Weak beat cues;Tempo instability;Metrical ambiguity;Structural/context,2,0.6185567010309277,0.5,0.5,0.5576923076923077,0.35185185185185186,0.35185185185185186,0.06086439333862004,0.5376344086021506,0.6185567010309277,0.6185567010309277,0.5567010309278351,0.5360824742268042,0.5360824742268042,0.5154639175257731,0.5154639175257731,0.5576923076923077,0.588235294117647,0.588235294117647,0.5423728813559322,0.5423728813559322
smc_033,continuity_drift,Weak beat cues;Tempo instability;Metrical ambiguity,30,0.7547169811320754,0.8301886792452831,0.8301886792452831,0.7169811320754716,0.7924528301886793,0.7924528301886793,0.037735849056603765,0.7169811320754716,0.7169811320754716,0.7169811320754716,0.7358490566037735,0.7358490566037735,0.7547169811320754,0.7547169811320754,0.7169811320754716,0.7169811320754716,0.7169811320754716,0.7169811320754716,0.6981132075471698,0.6415094339622641
smc_034,good,Tempo instability,1,0.9459459459459459,1.0,1.0,0.9459459459459459,1.0,1.0,0.0,0.9459459459459459,0.9459459459459459,0.9459459459459459,0.9459459459459459,0.9459459459459459,0.9459459459459459,0.9459459459459459,0.9459459459459459,0.9459459459459459,0.9459459459459459,0.9459459459459459,0.9459459459459459,0.9459459459459459
smc_035,other,Weak beat cues,1,0.7941176470588235,1.0,1.0,0.7941176470588235,1.0,1.0,0.0,0.7941176470588235,0.7941176470588235,0.7941176470588235,0.7941176470588235,0.7941176470588235,0.7941176470588235,0.7941176470588235,0.7941176470588235,0.7941176470588235,0.7941176470588235,0.7941176470588235,0.7941176470588235,0.7941176470588235
smc_036,other,Weak beat cues;Tempo instability,1,0.7032967032967034,0.2909090909090909,0.5070422535211268,0.6126126126126126,0.0,0.8666666666666667,0.09068409068409078,0.7032967032967034,0.7032967032967034,0.7032967032967034,0.7021276595744681,0.6476190476190476,0.6355140186915887,0.6306306306306306,0.6306306306306306,0.6126126126126126,0.6126126126126126,0.5945945945945945,0.6055045871559632,0.6055045871559632
smc_037,other,Weak beat cues;Tempo instability;Structural/context,50,0.8358208955223881,0.8235294117647058,0.8235294117647058,0.8059701492537314,0.8235294117647058,0.8235294117647058,0.02985074626865669,0.7647058823529412,0.7647058823529412,0.7647058823529412,0.7647058823529412,0.7941176470588235,0.8059701492537314,0.8358208955223881,0.8358208955223881,0.8059701492537314,0.8358208955223881,0.7272727272727272,0.7272727272727272,0.6865671641791046
smc_038,continuity_drift,Weak beat cues;Tempo instability,1,0.7777777777777778,0.9444444444444444,0.9444444444444444,0.7777777777777778,0.9444444444444444,0.9444444444444444,0.0,0.7777777777777778,0.7777777777777778,0.7777777777777778,0.7777777777777778,0.7777777777777778,0.7777777777777778,0.7777777777777778,0.7605633802816902,0.7777777777777778,0.7777777777777778,0.7777777777777778,0.7777777777777778,0.7777777777777778
smc_041,good,Weak beat cues,200,0.9879518072289156,0.9761904761904762,0.9761904761904762,0.963855421686747,0.9523809523809523,0.9523809523809523,0.02409638554216864,0.9397590361445782,0.963855421686747,0.963855421686747,0.963855421686747,0.963855421686747,0.963855421686747,0.963855421686747,0.963855421686747,0.963855421686747,0.963855421686747,0.9879518072289156,0.9879518072289156,0.9879518072289156
smc_042,good,Weak beat cues;Tempo instability;Metrical ambiguity;Structural/context,1,0.7058823529411764,0.2926829268292683,0.5471698113207547,0.6,0.0,1.0,0.10588235294117643,0.7058823529411764,0.7058823529411764,0.6153846153846153,0.6,0.6,0.6,0.6,0.6,0.6,0.6,0.6,0.6,0.6
smc_043,good,Tempo instability;Metrical ambiguity;Structural/context,2,0.7010309278350516,0.56,0.56,0.5739130434782608,0.4461538461538462,0.4461538461538462,0.12711788435679083,0.6804123711340208,0.7010309278350516,0.7010309278350516,0.6464646464646464,0.6019417475728155,0.6019417475728155,0.5825242718446602,0.5739130434782608,0.5739130434782608,0.5739130434782608,0.5689655172413792,0.5517241379310344,0.4347826086956522
smc_044,continuity_drift,Weak beat cues;Tempo instability,200,0.8372093023255814,0.9767441860465116,0.9767441860465116,0.8139534883720931,0.8837209302325582,0.8837209302325582,0.023255813953488302,0.8,0.8,0.8,0.8,0.8139534883720931,0.8139534883720931,0.8139534883720931,0.7586206896551724,0.8139534883720931,0.8139534883720931,0.8372093023255814,0.8139534883720931,0.7499999999999999
smc_046,continuity_drift,Weak beat cues;Tempo instability;Metrical ambiguity,500,0.7368421052631579,0.9210526315789473,0.9210526315789473,0.6329113924050632,0.7317073170731707,0.7317073170731707,0.10393071285809463,0.625,0.625,0.625,0.625,0.6500000000000001,0.6329113924050632,0.6075949367088608,0.6329113924050632,0.6329113924050632,0.6842105263157895,0.6842105263157895,0.6842105263157895,0.7368421052631579
smc_047,octave_error,Weak beat cues;Tempo instability,5,0.6896551724137931,0.35294117647058826,0.3611111111111111,0.5789473684210527,0.0,0.9615384615384616,0.1107078039927405,0.6206896551724139,0.6436781609195402,0.6896551724137931,0.6666666666666667,0.6896551724137931,0.6896551724137931,0.627906976744186,0.5789473684210527,0.5789473684210527,0.5789473684210527,0.5789473684210527,0.5789473684210527,0.5789473684210527
smc_048,other,Weak beat cues;Tempo instability,1,0.4,0.36666666666666664,0.36666666666666664,0.3389830508474576,0.0,0.9487179487179487,0.06101694915254241,0.4,0.4,0.4,0.3829787234042553,0.3829787234042553,0.3829787234042553,0.3829787234042553,0.3829787234042553,0.3389830508474576,0.3389830508474576,0.3728813559322034,0.3728813559322034,0.3389830508474576
smc_051,other,Weak beat cues;Tempo instability,200,0.7297297297297297,1.0,1.0,0.6067415730337079,0.5576923076923077,0.5576923076923077,0.12298815669602181,0.6190476190476191,0.6190476190476191,0.6190476190476191,0.6190476190476191,0.5714285714285715,0.5909090909090909,0.6136363636363636,0.6067415730337079,0.6067415730337079,0.6329113924050633,0.7297297297297297,0.7297297297297297,0.7297297297297297
smc_052,continuity_drift,Weak beat cues;Tempo instability,75,0.7358490566037735,0.9056603773584906,0.9056603773584906,0.7358490566037735,0.9056603773584906,0.9056603773584906,0.0,0.7169811320754716,0.7169811320754716,0.7169811320754716,0.7169811320754716,0.7169811320754716,0.7169811320754716,0.7169811320754716,0.7358490566037735,0.7358490566037735,0.7358490566037735,0.7358490566037735,0.7358490566037735,0.6981132075471698
smc_054,good,Weak beat cues;Tempo instability,2,0.9444444444444445,0.9459459459459459,0.9459459459459459,0.9444444444444445,0.9459459459459459,0.9459459459459459,0.0,0.9315068493150684,0.9444444444444445,0.9444444444444445,0.9444444444444445,0.9444444444444445,0.9444444444444445,0.9444444444444445,0.9444444444444445,0.9444444444444445,0.9444444444444445,0.9444444444444445,0.9444444444444445,0.9444444444444445
smc_055,other,Weak beat cues;Tempo instability;Metrical ambiguity,75,0.7272727272727273,0.8205128205128205,0.8205128205128205,0.7272727272727273,0.8205128205128205,0.8205128205128205,0.0,0.5507246376811593,0.5507246376811593,0.5507246376811593,0.5507246376811593,0.6578947368421052,0.7105263157894737,0.7105263157894737,0.7272727272727273,0.7272727272727273,0.6666666666666666,0.6666666666666666,0.6666666666666666,0.6666666666666666
smc_056,other,Tempo instability;Metrical ambiguity,2,0.3076923076923077,0.15254237288135594,0.15254237288135594,0.21153846153846156,0.03389830508474576,0.05172413793103448,0.09615384615384615,0.2631578947368421,0.3076923076923077,0.3076923076923077,0.24561403508771928,0.20183486238532108,0.22018348623853212,0.23913043478260868,0.23809523809523808,0.21153846153846156,0.21153846153846156,0.20224719101123598,0.20224719101123598,0.17073170731707316
smc_057,other,Weak beat cues;Tempo instability;Structural/context,30,0.523076923076923,0.6,0.6,0.49275362318840576,0.7714285714285715,0.7714285714285715,0.03032329988851723,0.4931506849315068,0.4931506849315068,0.4931506849315068,0.47887323943661975,0.5074626865671641,0.523076923076923,0.49275362318840576,0.49275362318840576,0.49275362318840576,0.49275362318840576,0.49275362318840576,0.5217391304347826,0.4411764705882353
smc_058,octave_error,Weak beat cues;Tempo instability;Metrical ambiguity,100,0.5,0.8333333333333334,0.8333333333333334,0.5,0.8333333333333334,0.8333333333333334,0.0,0.40540540540540543,0.39436619718309857,0.3880597014925373,0.3880597014925373,0.3880597014925373,0.3582089552238806,0.4411764705882353,0.4411764705882353,0.5,0.5,0.5,0.5,0.4722222222222222
smc_059,other,Weak beat cues,5,0.3,0.01282051282051282,0.01282051282051282,0.26804123711340205,0.01818181818181818,0.01818181818181818,0.031958762886597936,0.29032258064516125,0.29032258064516125,0.3,0.3,0.25,0.2708333333333333,0.2708333333333333,0.26804123711340205,0.26804123711340205,0.26804123711340205,0.26804123711340205,0.26804123711340205,0.26804123711340205
smc_060,other,Weak beat cues;Tempo instability,1,0.5714285714285715,0.4634146341463415,0.4634146341463415,0.54320987654321,0.5609756097560976,0.5609756097560976,0.02821869488536155,0.5714285714285715,0.5194805194805195,0.5194805194805195,0.5384615384615384,0.5384615384615384,0.5384615384615384,0.5384615384615384,0.54320987654321,0.54320987654321,0.5679012345679012,0.54320987654321,0.5679012345679012,0.5679012345679012
smc_061,other,Weak beat cues;Tempo instability;Metrical ambiguity,1,0.5573770491803278,0.18421052631578946,0.6,0.5,0.0,0.9333333333333333,0.05737704918032782,0.5573770491803278,0.5573770491803278,0.53125,0.53125,0.523076923076923,0.523076923076923,0.5573770491803278,0.5,0.5,0.47058823529411764,0.47058823529411764,0.47058823529411764,0.47058823529411764
smc_063,continuity_drift,Weak beat cues;Tempo instability,200,0.7766990291262137,0.8461538461538461,0.8461538461538461,0.7572815533980582,0.8653846153846154,0.8653846153846154,0.019417475728155442,0.6666666666666666,0.6857142857142857,0.6857142857142857,0.6981132075471698,0.679245283018868,0.6981132075471698,0.7572815533980582,0.7572815533980582,0.7572815533980582,0.7572815533980582,0.7766990291262137,0.7766990291262137,0.7766990291262137
smc_064,total_failure,Weak beat cues,1,0.0,0.02,0.18,0.0,0.0,0.23529411764705882,0.0,0.0,0.0,0.0,0.0,0.0,0.0,0.0,0.0,0.0,0.0,0.0,0.0,0.0
smc_065,good,Weak beat cues;Metrical ambiguity,1,0.9767441860465116,1.0,1.0,0.9767441860465116,1.0,1.0,0.0,0.9767441860465116,0.9767441860465116,0.9767441860465116,0.9767441860465116,0.9767441860465116,0.9767441860465116,0.9767441860465116,0.9767441860465116,0.9767441860465116,0.9767441860465116,0.9767441860465116,0.9767441860465116,0.9767441860465116
smc_066,other,Weak beat cues;Tempo instability;Metrical ambiguity,50,0.6296296296296297,0.9629629629629629,0.9629629629629629,0.6296296296296297,0.9629629629629629,0.9629629629629629,0.0,0.5333333333333333,0.5333333333333333,0.5517241379310345,0.5517241379310345,0.5517241379310345,0.5862068965517241,0.6296296296296297,0.6296296296296297,0.6296296296296297,0.5925925925925926,0.5925925925925926,0.5925925925925926,0.5925925925925926
smc_067,good,Tempo instability;Metrical ambiguity,1,0.8712871287128714,0.9411764705882353,0.9411764705882353,0.8712871287128714,0.9411764705882353,0.9411764705882353,0.0,0.8712871287128714,0.8712871287128714,0.8712871287128714,0.8712871287128714,0.8712871287128714,0.8712871287128714,0.8712871287128714,0.8712871287128714,0.8712871287128714,0.8712871287128714,0.8712871287128714,0.8712871287128714,0.8712871287128714
smc_068,good,Weak beat cues;Metrical ambiguity,1,0.9433962264150944,0.9811320754716981,0.9811320754716981,0.9433962264150944,0.9811320754716981,0.9811320754716981,0.0,0.9433962264150944,0.9433962264150944,0.9433962264150944,0.9433962264150944,0.9433962264150944,0.9433962264150944,0.9433962264150944,0.9433962264150944,0.9433962264150944,0.9433962264150944,0.9433962264150944,0.9433962264150944,0.9433962264150944
smc_069,good,Tempo instability;Structural/context,1,0.7835051546391752,0.8367346938775511,0.8367346938775511,0.7216494845360826,0.7346938775510204,0.7346938775510204,0.061855670103092675,0.7835051546391752,0.7835051546391752,0.7835051546391752,0.7835051546391752,0.7835051546391752,0.7835051546391752,0.7628865979381444,0.7422680412371135,0.7216494845360826,0.7010309278350516,0.7010309278350516,0.6597938144329897,0.6597938144329897
smc_071,good,Weak beat cues;Tempo instability;Metrical ambiguity,1,0.9782608695652174,1.0,1.0,0.9782608695652174,1.0,1.0,0.0,0.9782608695652174,0.9782608695652174,0.9782608695652174,0.9782608695652174,0.9782608695652174,0.9782608695652174,0.9782608695652174,0.9782608695652174,0.9782608695652174,0.9782608695652174,0.9782608695652174,0.9782608695652174,0.9782608695652174
smc_072,good,Weak beat cues;Tempo instability,200,0.8974358974358975,1.0,1.0,0.8717948717948718,1.0,1.0,0.02564102564102566,0.8095238095238095,0.8095238095238095,0.8095238095238095,0.8095238095238095,0.7999999999999999,0.7999999999999999,0.7999999999999999,0.7999999999999999,0.8717948717948718,0.8717948717948718,0.8974358974358975,0.8974358974358975,0.8974358974358975
smc_073,good,Weak beat cues;Tempo instability,50,0.9024390243902439,1.0,1.0,0.9024390243902439,1.0,1.0,0.0,0.8048780487804877,0.8048780487804877,0.8048780487804877,0.8048780487804877,0.8461538461538461,0.8536585365853658,0.9024390243902439,0.9024390243902439,0.9024390243902439,0.9024390243902439,0.9024390243902439,0.9024390243902439,0.9024390243902439
smc_074,other,Weak beat cues;Tempo instability;Metrical ambiguity,10,0.5925925925925926,0.11320754716981132,0.11320754716981132,0.5066666666666666,0.018867924528301886,0.038461538461538464,0.08592592592592596,0.54320987654321,0.54320987654321,0.5185185185185185,0.5925925925925926,0.5384615384615384,0.5128205128205128,0.48717948717948717,0.48717948717948717,0.5066666666666666,0.39080459770114945,0.41379310344827586,0.43181818181818177,0.45070422535211263
smc_075,other,Weak beat cues;Metrical ambiguity,500,0.6956521739130436,0.8085106382978723,0.8085106382978723,0.5869565217391305,0.723404255319149,0.723404255319149,0.10869565217391308,0.608695652173913,0.608695652173913,0.608695652173913,0.608695652173913,0.5869565217391305,0.5652173913043478,0.5869565217391305,0.5869565217391305,0.5869565217391305,0.5652173913043478,0.5434782608695652,0.5434782608695652,0.6956521739130436
smc_076,other,Tempo instability,1,0.3673469387755102,0.11764705882352941,0.11764705882352941,0.19999999999999998,0.0,0.06060606060606061,0.16734693877551024,0.3673469387755102,0.3673469387755102,0.3043478260869565,0.3043478260869565,0.3333333333333333,0.32653061224489793,0.2545454545454546,0.19999999999999998,0.19999999999999998,0.19999999999999998,0.175,0.17073170731707318,0.19277108433734938
smc_079,other,Tempo instability;Metrical ambiguity,1,0.6706586826347305,0.1388888888888889,0.576271186440678,0.6097560975609756,0.009259259259259259,0.7678571428571429,0.0609025850737549,0.6706586826347305,0.6706586826347305,0.6341463414634146,0.6211180124223602,0.5838509316770186,0.5838509316770186,0.5838509316770186,0.569620253164557,0.6097560975609756,0.5975609756097561,0.5975609756097561,0.5975609756097561,0.5975609756097561
smc_080,other,Weak beat cues;Tempo instability;Metrical ambiguity,1,0.3333333333333333,0.06382978723404255,0.14893617021276595,0.27848101265822783,0.0,0.03333333333333333,0.05485232067510548,0.3333333333333333,0.30303030303030304,0.30303030303030304,0.30303030303030304,0.2727272727272727,0.2686567164179105,0.3157894736842105,0.30379746835443044,0.27848101265822783,0.24390243902439024,0.24390243902439024,0.21951219512195122,0.2469135802469136
smc_082,good,Weak beat cues;Tempo instability;Metrical ambiguity,100,0.9268292682926829,0.803030303030303,0.803030303030303,0.9268292682926829,0.803030303030303,0.803030303030303,0.0,0.7809523809523811,0.859504132231405,0.8760330578512396,0.8760330578512396,0.9016393442622951,0.9016393442622951,0.9016393442622951,0.9016393442622951,0.9268292682926829,0.9268292682926829,0.9268292682926829,0.9268292682926829,0.9268292682926829
smc_084,total_failure,Weak beat cues;Tempo instability;Metrical ambiguity,75,0.1851851851851852,0.3793103448275862,0.3793103448275862,0.1851851851851852,0.3793103448275862,0.3793103448275862,0.0,0.14814814814814817,0.14814814814814817,0.14814814814814817,0.14814814814814817,0.14814814814814817,0.14814814814814817,0.14814814814814817,0.1851851851851852,0.1851851851851852,0.14814814814814817,0.14814814814814817,0.11111111111111112,0.0425531914893617
smc_085,octave_error,Weak beat cues;Metrical ambiguity,5,0.3225806451612903,0.59375,0.59375,0.3125,0.65625,0.65625,0.010080645161290314,0.3125,0.3125,0.3225806451612903,0.3225806451612903,0.3125,0.3125,0.3125,0.3125,0.3125,0.28125,0.28125,0.28125,0.28125
smc_086,good,Weak beat cues;Tempo instability;Structural/context,75,0.9500000000000001,0.9,0.9,0.925,0.875,0.875,0.025000000000000022,0.875,0.875,0.85,0.875,0.9,0.925,0.925,0.9500000000000001,0.925,0.875,0.875,0.875,0.75
smc_087,good,Weak beat cues,300,0.8925619834710743,0.9836065573770492,0.9836065573770492,0.675,0.2,0.5126050420168067,0.21756198347107425,0.6973684210526314,0.6973684210526314,0.6973684210526314,0.6973684210526314,0.6585365853658537,0.6585365853658537,0.6585365853658537,0.675,0.675,0.6625,0.6625,0.8925619834710743,0.8925619834710743
smc_088,continuity_drift,Weak beat cues;Tempo instability;Metrical ambiguity,1,0.4634146341463415,0.25,0.25,0.30612244897959184,0.09375,0.09375,0.15729218516674964,0.4634146341463415,0.409090909090909,0.3956043956043956,0.35789473684210527,0.32608695652173914,0.3157894736842105,0.33684210526315794,0.30612244897959184,0.30612244897959184,0.3098591549295775,0.3098591549295775,0.21176470588235294,0.21176470588235294
smc_089,continuity_drift,Weak beat cues;Tempo instability,50,0.76,0.96,0.96,0.76,0.96,0.96,0.0,0.6067415730337079,0.6067415730337079,0.6966292134831461,0.6966292134831461,0.7311827956989247,0.6875,0.76,0.76,0.76,0.76,0.76,0.76,0.76
smc_092,other,Weak beat cues;Metrical ambiguity,75,0.8993288590604026,0.88,0.88,0.87248322147651,0.8533333333333334,0.8533333333333334,0.02684563758389258,0.7906976744186047,0.7751937984496124,0.8296296296296297,0.8467153284671532,0.832116788321168,0.8029197080291971,0.8175182481751826,0.8993288590604026,0.87248322147651,0.87248322147651,0.87248322147651,0.8590604026845637,0.8590604026845637
smc_093,continuity_drift,Weak beat cues;Metrical ambiguity;Structural/context,50,0.8741721854304636,0.881578947368421,0.881578947368421,0.847682119205298,0.8552631578947368,0.8552631578947368,0.026490066225165587,0.7121212121212123,0.7022900763358779,0.7971014492753624,0.7941176470588235,0.847682119205298,0.8609271523178809,0.8741721854304636,0.847682119205298,0.847682119205298,0.8211920529801323,0.8211920529801323,0.847682119205298,0.8609271523178809
smc_095,good,Weak beat cues;Tempo instability,20,0.8297872340425532,0.9787234042553191,0.9787234042553191,0.8297872340425532,1.0,1.0,0.0,0.8085106382978723,0.8085106382978723,0.8085106382978723,0.8085106382978723,0.8297872340425532,0.8297872340425532,0.8297872340425532,0.8297872340425532,0.8297872340425532,0.8297872340425532,0.8297872340425532,0.8297872340425532,0.8297872340425532
smc_096,good,Weak beat cues;Metrical ambiguity,10,0.9354838709677419,0.9838709677419355,0.9838709677419355,0.9354838709677419,0.9838709677419355,0.9838709677419355,0.0,0.9193548387096774,0.9193548387096774,0.9193548387096774,0.9354838709677419,0.9354838709677419,0.9354838709677419,0.9354838709677419,0.9354838709677419,0.9354838709677419,0.9354838709677419,0.9354838709677419,0.9354838709677419,0.9354838709677419
smc_098,other,Weak beat cues;Tempo instability,2,0.6,0.18518518518518517,0.35051546391752575,0.5575757575757575,0.0,0.6206896551724138,0.042424242424242475,0.532258064516129,0.6,0.5599999999999999,0.5620915032679737,0.5477707006369426,0.5477707006369426,0.5575757575757575,0.5575757575757575,0.5575757575757575,0.5575757575757575,0.5575757575757575,0.5575757575757575,0.5575757575757575
smc_099,octave_error,Tempo instability,30,0.5757575757575758,0.9393939393939394,0.9393939393939394,0.5757575757575758,0.9393939393939394,0.9393939393939394,0.0,0.5588235294117646,0.5588235294117646,0.5428571428571428,0.5428571428571428,0.5428571428571428,0.5757575757575758,0.5757575757575758,0.5757575757575758,0.5757575757575758,0.5757575757575758,0.5757575757575758,0.5757575757575758,0.5757575757575758
smc_100,other,Weak beat cues;Tempo instability,1,0.4367816091954023,0.16,0.2191780821917808,0.4070796460176991,0.0,0.5657894736842105,0.02970196317770324,0.4367816091954023,0.4367816091954023,0.42696629213483145,0.4,0.4,0.4070796460176991,0.4247787610619469,0.4070796460176991,0.4070796460176991,0.4070796460176991,0.4247787610619469,0.4247787610619469,0.3893805309734514
smc_101,other,Weak beat cues;Tempo instability;Metrical ambiguity,20,0.85,0.7704918032786885,0.7704918032786885,0.7804878048780488,0.6875,0.6875,0.06951219512195117,0.6607142857142857,0.6782608695652174,0.735042735042735,0.7543859649122807,0.85,0.8166666666666667,0.8,0.8166666666666667,0.7804878048780488,0.7967479674796748,0.6428571428571429,0.5436893203883495,0.4893617021276596
smc_103,other,Weak beat cues;Tempo instability,20,0.5454545454545454,0.46296296296296297,0.46296296296296297,0.4395604395604396,0.18518518518518517,0.24324324324324326,0.1058941058941058,0.5,0.5,0.5208333333333334,0.5208333333333334,0.5454545454545454,0.5454545454545454,0.45161290322580644,0.43010752688172044,0.4395604395604396,0.4395604395604396,0.4047619047619047,0.38095238095238093,0.38095238095238093
smc_104,other,Weak beat cues;Tempo instability,10,0.7209302325581396,0.44680851063829785,0.44680851063829785,0.5818181818181818,0.07042253521126761,0.7792207792207793,0.1391120507399578,0.6896551724137931,0.6744186046511628,0.7191011235955057,0.7209302325581396,0.6792452830188679,0.6792452830188679,0.6415094339622641,0.6181818181818182,0.5818181818181818,0.5982905982905983,0.5811965811965812,0.5811965811965812,0.5811965811965812
smc_105,total_failure,Tempo instability;Structural/context,10,0.26548672566371684,0.0547945205479452,0.2,0.26548672566371684,0.0,0.175,0.0,0.2,0.2181818181818182,0.23636363636363636,0.26548672566371684,0.18691588785046728,0.23636363636363636,0.2545454545454546,0.23636363636363636,0.26548672566371684,0.2545454545454546,0.2568807339449541,0.22448979591836735,0.2
smc_106,other,Metrical ambiguity,1,0.3703703703703704,0.0,0.5138888888888888,0.3703703703703704,0.0,0.5416666666666666,0.0,0.3703703703703704,0.3703703703703704,0.3703703703703704,0.3703703703703704,0.3703703703703704,0.3703703703703704,0.3703703703703704,0.3703703703703704,0.3703703703703704,0.3703703703703704,0.3703703703703704,0.3703703703703704,0.3703703703703704
smc_109,other,Weak beat cues;Tempo instability;Metrical ambiguity,1,0.45360824742268047,0.15254237288135594,0.15254237288135594,0.3157894736842105,0.0,0.04,0.13781877373846996,0.45360824742268047,0.4329896907216495,0.4081632653061224,0.3877551020408163,0.34693877551020413,0.34693877551020413,0.3157894736842105,0.3157894736842105,0.3157894736842105,0.3157894736842105,0.3157894736842105,0.2916666666666667,0.2916666666666667
smc_111,other,Tempo instability;Metrical ambiguity,2,0.5102040816326531,0.32,0.32,0.4954128440366972,0.19672131147540983,0.19672131147540983,0.014791237595955853,0.4897959183673469,0.5102040816326531,0.5102040816326531,0.4842105263157895,0.5052631578947369,0.509090909090909,0.4954128440366972,0.4954128440366972,0.4954128440366972,0.4897959183673469,0.38655462184873945,0.3529411764705882,0.4752475247524752
smc_113,other,Weak beat cues;Metrical ambiguity,1,0.617283950617284,0.037037037037037035,0.037037037037037035,0.3582089552238806,0.0,0.0,0.25907499539340345,0.617283950617284,0.617283950617284,0.617283950617284,0.3823529411764706,0.3582089552238806,0.3582089552238806,0.3582089552238806,0.3582089552238806,0.3582089552238806,0.3582089552238806,0.3582089552238806,0.3582089552238806,0.3582089552238806
smc_114,other,Weak beat cues;Tempo instability;Structural/context,150,0.725,0.7380952380952381,0.7380952380952381,0.5915492957746479,0.5526315789473685,0.5526315789473685,0.1334507042253521,0.64,0.6133333333333333,0.6133333333333333,0.5866666666666667,0.64,0.5915492957746479,0.5915492957746479,0.5915492957746479,0.5915492957746479,0.725,0.725,0.4799999999999999,0.4799999999999999
smc_116,total_failure,Tempo instability;Metrical ambiguity;Structural/context,50,0.34285714285714286,0.23076923076923078,0.23076923076923078,0.34285714285714286,0.23076923076923078,0.23076923076923078,0.0,0.19047619047619047,0.20689655172413793,0.19753086419753083,0.2727272727272727,0.2916666666666667,0.2916666666666667,0.34285714285714286,0.34285714285714286,0.34285714285714286,0.34285714285714286,0.34285714285714286,0.18750000000000003,0.18750000000000003
smc_117,continuity_drift,Weak beat cues;Tempo instability;Structural/context,1,0.5405405405405405,0.4358974358974359,0.4358974358974359,0.26229508196721313,0.14285714285714285,0.14285714285714285,0.27824545857332733,0.5405405405405405,0.5135135135135135,0.4705882352941177,0.4411764705882353,0.4,0.4597701149425288,0.43678160919540227,0.26229508196721313,0.26229508196721313,0.32786885245901637,0.22950819672131148,0.19672131147540986,0.2298850574712644
smc_118,other,Tempo instability;Metrical ambiguity,10,0.28888888888888886,0.017543859649122806,0.3076923076923077,0.20253164556962025,0.043478260869565216,0.13846153846153847,0.08635724331926861,0.275,0.275,0.2558139534883721,0.28888888888888886,0.2857142857142857,0.26373626373626374,0.26373626373626374,0.26373626373626374,0.20253164556962025,0.20253164556962025,0.1904761904761905,0.1904761904761905,0.22680412371134023
smc_119,other,Tempo instability;Metrical ambiguity,1,0.3488372093023256,0.2222222222222222,0.2222222222222222,0.2127659574468085,0.0,0.0,0.13607125185551708,0.3488372093023256,0.33707865168539325,0.3146067415730337,0.3146067415730337,0.2978723404255319,0.2978723404255319,0.23404255319148934,0.2127659574468085,0.2127659574468085,0.19753086419753088,0.19753086419753088,0.19753086419753088,0.19753086419753088
smc_120,good,Weak beat cues,1,0.9719626168224299,0.9814814814814815,0.9814814814814815,0.9719626168224299,0.9814814814814815,0.9814814814814815,0.0,0.9719626168224299,0.9719626168224299,0.9719626168224299,0.9719626168224299,0.9719626168224299,0.9719626168224299,0.9719626168224299,0.9719626168224299,0.9719626168224299,0.9719626168224299,0.9719626168224299,0.9719626168224299,0.9719626168224299
smc_121,other,Weak beat cues;Tempo instability,1,0.37735849056603776,0.21212121212121213,0.48717948717948717,0.32786885245901637,0.0,0.8048780487804879,0.049489638107021394,0.37735849056603776,0.37735849056603776,0.37735849056603776,0.37735849056603776,0.37735849056603776,0.32786885245901637,0.32786885245901637,0.32786885245901637,0.32786885245901637,0.32786885245901637,0.32786885245901637,0.32786885245901637,0.22950819672131145
smc_124,octave_error,Weak beat cues;Tempo instability,1,0.47368421052631576,0.8947368421052632,0.8947368421052632,0.47368421052631576,0.8947368421052632,0.8947368421052632,0.0,0.47368421052631576,0.47368421052631576,0.47368421052631576,0.47368421052631576,0.47368421052631576,0.47368421052631576,0.47368421052631576,0.47368421052631576,0.47368421052631576,0.47368421052631576,0.47368421052631576,0.47368421052631576,0.47368421052631576
smc_126,good,Weak beat cues,30,0.9473684210526315,0.9736842105263158,0.9736842105263158,0.9473684210526315,0.9736842105263158,0.9736842105263158,0.0,0.9230769230769231,0.9230769230769231,0.9230769230769231,0.9230769230769231,0.9230769230769231,0.9473684210526315,0.9473684210526315,0.9473684210526315,0.9473684210526315,0.9473684210526315,0.9473684210526315,0.9473684210526315,0.9473684210526315
smc_127,other,Tempo instability;Structural/context,2,0.4923076923076923,0.20588235294117646,0.20588235294117646,0.4776119402985074,0.2222222222222222,0.2222222222222222,0.014695752009184881,0.4615384615384615,0.4923076923076923,0.47887323943661964,0.47887323943661964,0.47887323943661964,0.47887323943661964,0.4571428571428572,0.4507042253521127,0.4776119402985074,0.4,0.4,0.3142857142857143,0.3142857142857143
smc_130,other,Weak beat cues;Tempo instability;Metrical ambiguity;Structural/context,100,0.4745762711864407,0.14705882352941177,0.14705882352941177,0.4745762711864407,0.14705882352941177,0.14705882352941177,0.0,0.411764705882353,0.4411764705882353,0.4411764705882353,0.411764705882353,0.411764705882353,0.411764705882353,0.3870967741935484,0.3870967741935484,0.4745762711864407,0.4375,0.37500000000000006,0.37500000000000006,0.22222222222222224
smc_133,other,Weak beat cues;Tempo instability;Metrical ambiguity;Structural/context,75,0.8157894736842104,0.9736842105263158,0.9736842105263158,0.8157894736842104,0.9736842105263158,0.9736842105263158,0.0,0.6813186813186812,0.6739130434782609,0.651685393258427,0.6236559139784946,0.6236559139784946,0.7435897435897436,0.7692307692307692,0.8157894736842104,0.8157894736842104,0.8157894736842104,0.8157894736842104,0.8157894736842104,0.8157894736842104
smc_135,good,Tempo instability;Metrical ambiguity,1,0.8095238095238095,0.5217391304347826,0.5217391304347826,0.7160493827160495,0.391304347826087,0.391304347826087,0.09347442680776008,0.8095238095238095,0.8095238095238095,0.8095238095238095,0.8095238095238095,0.7654320987654321,0.7654320987654321,0.6923076923076924,0.6666666666666667,0.7160493827160495,0.7160493827160495,0.711111111111111,0.7126436781609194,0.6666666666666666
smc_137,good,Weak beat cues;Tempo instability;Metrical ambiguity;Structural/context,200,0.9090909090909091,0.8734177215189873,0.8734177215189873,0.8903225806451613,0.875,0.875,0.018768328445747717,0.9066666666666666,0.9066666666666666,0.8903225806451613,0.9032258064516129,0.9032258064516129,0.9032258064516129,0.9032258064516129,0.9032258064516129,0.8903225806451613,0.8903225806451613,0.9090909090909091,0.9090909090909091,0.8831168831168831
smc_139,octave_error,,1,0.4857142857142858,0.0425531914893617,0.7659574468085106,0.43478260869565216,0.0,0.8478260869565217,0.05093167701863366,0.4857142857142858,0.4857142857142858,0.4857142857142858,0.4857142857142858,0.4285714285714286,0.43478260869565216,0.43478260869565216,0.43478260869565216,0.43478260869565216,0.43478260869565216,0.43478260869565216,0.43478260869565216,0.43478260869565216
smc_140,continuity_drift,Weak beat cues;Tempo instability;Metrical ambiguity,5,0.4854368932038835,0.18333333333333332,0.27906976744186046,0.3564356435643565,0.06666666666666667,0.24390243902439024,0.12900124963952703,0.4660194174757281,0.4660194174757281,0.4854368932038835,0.4536082474226804,0.3877551020408163,0.39603960396039606,0.3564356435643565,0.3366336633663366,0.3564356435643565,0.3564356435643565,0.3564356435643565,0.3564356435643565,0.39603960396039606
smc_142,other,Weak beat cues;Tempo instability,20,0.5853658536585366,0.6511627906976745,0.6511627906976745,0.5783132530120482,0.6511627906976745,0.6511627906976745,0.007052600646488383,0.4615384615384615,0.4615384615384615,0.5647058823529412,0.5647058823529412,0.5853658536585366,0.5853658536585366,0.5853658536585366,0.5609756097560975,0.5783132530120482,0.5060240963855422,0.5,0.5,0.5057471264367817
smc_143,octave_error,Weak beat cues,1,0.5436893203883495,0.8653846153846154,0.8653846153846154,0.5436893203883495,0.8653846153846154,0.8653846153846154,0.0,0.5436893203883495,0.5436893203883495,0.5436893203883495,0.5436893203883495,0.5436893203883495,0.5436893203883495,0.5436893203883495,0.5436893203883495,0.5436893203883495,0.5436893203883495,0.5436893203883495,0.5436893203883495,0.5436893203883495
smc_146,other,Weak beat cues;Tempo instability;Metrical ambiguity,150,0.6567164179104478,0.7941176470588235,0.7941176470588235,0.6129032258064515,0.6060606060606061,0.6060606060606061,0.04381319210399626,0.5797101449275361,0.6086956521739131,0.6376811594202899,0.6376811594202899,0.6086956521739131,0.6086956521739131,0.6363636363636364,0.59375,0.6129032258064515,0.6567164179104478,0.5151515151515151,0.5757575757575758,0.5151515151515151
smc_147,continuity_drift,Weak beat cues;Tempo instability;Metrical ambiguity,20,0.8793103448275863,0.9655172413793104,0.9655172413793104,0.8793103448275863,0.9655172413793104,0.9655172413793104,0.0,0.7555555555555555,0.7555555555555555,0.7555555555555555,0.8160000000000001,0.8793103448275863,0.8793103448275863,0.8793103448275863,0.8793103448275863,0.8793103448275863,0.8793103448275863,0.8793103448275863,0.8793103448275863,0.8793103448275863
smc_148,total_failure,Weak beat cues;Tempo instability,100,0.25,0.24444444444444444,0.24444444444444444,0.25,0.24444444444444444,0.24444444444444444,0.0,0.17948717948717952,0.17948717948717952,0.20512820512820512,0.15999999999999998,0.1842105263157895,0.2105263157894737,0.21739130434782608,0.21739130434782608,0.25,0.2191780821917808,0.2191780821917808,0.24657534246575347,0.2191780821917808
smc_149,other,Weak beat cues;Tempo instability;Structural/context,2,0.3913043478260869,0.010526315789473684,0.3894736842105263,0.3380281690140845,0.0,0.2828282828282828,0.05327617881200242,0.39097744360902253,0.3913043478260869,0.3913043478260869,0.3913043478260869,0.3913043478260869,0.37681159420289856,0.3661971830985916,0.3661971830985916,0.3380281690140845,0.32394366197183094,0.29577464788732394,0.29577464788732394,0.29577464788732394
smc_150,good,Weak beat cues;Tempo instability;Metrical ambiguity,200,0.9846153846153847,0.9545454545454546,0.9545454545454546,0.9545454545454545,0.8823529411764706,0.8823529411764706,0.030069930069930195,0.9365079365079365,0.9365079365079365,0.9384615384615383,0.9384615384615383,0.9384615384615383,0.9384615384615383,0.9545454545454545,0.9545454545454545,0.9545454545454545,0.9393939393939394,0.9846153846153847,0.9846153846153847,0.9846153846153847
smc_151,continuity_drift,Tempo instability;Metrical ambiguity,10,0.8400000000000001,0.7272727272727273,0.7272727272727273,0.7948717948717949,0.7468354430379747,0.7468354430379747,0.045128205128205146,0.8251748251748252,0.8251748251748252,0.8163265306122449,0.8400000000000001,0.8322147651006712,0.8187919463087249,0.8251748251748252,0.8076923076923078,0.7948717948717949,0.8025477707006369,0.7898089171974523,0.7898089171974523,0.7898089171974523
smc_152,other,Weak beat cues;Tempo instability,50,0.5,0.125,0.125,0.5,0.125,0.125,0.0,0.45454545454545453,0.45454545454545453,0.4615384615384615,0.44705882352941173,0.425,0.47500000000000003,0.5,0.5,0.5,0.38461538461538464,0.379746835443038,0.379746835443038,0.379746835443038
smc_153,other,,5,0.28828828828828823,0.21428571428571427,0.625,0.0,0.0,0.9642857142857143,0.28828828828828823,0.25225225225225223,0.25225225225225223,0.28828828828828823,0.25225225225225223,0.25225225225225223,0.2162162162162162,0.0900900900900901,0.0,0.0,0.0,0.0,0.0,0.0
smc_154,other,Weak beat cues;Tempo instability;Metrical ambiguity,75,0.5074626865671641,0.45714285714285713,0.45714285714285713,0.4776119402985075,0.4857142857142857,0.4857142857142857,0.02985074626865658,0.34285714285714286,0.39999999999999997,0.39999999999999997,0.39999999999999997,0.39999999999999997,0.39999999999999997,0.4776119402985075,0.5074626865671641,0.4776119402985075,0.2535211267605634,0.2535211267605634,0.25,0.2631578947368421
smc_157,continuity_drift,Weak beat cues;Tempo instability,100,0.651685393258427,0.9333333333333333,0.9333333333333333,0.651685393258427,0.9333333333333333,0.9333333333333333,0.0,0.6153846153846154,0.6153846153846154,0.6153846153846154,0.6153846153846154,0.6153846153846154,0.6153846153846154,0.6153846153846154,0.6153846153846154,0.651685393258427,0.651685393258427,0.651685393258427,0.651685393258427,0.651685393258427
smc_158,total_failure,Weak beat cues;Tempo instability;Metrical ambiguity,5,0.28571428571428575,0.06060606060606061,0.08888888888888889,0.21818181818181817,0.03125,0.1111111111111111,0.06753246753246758,0.17857142857142858,0.25,0.28571428571428575,0.2545454545454546,0.23333333333333334,0.15625,0.18181818181818182,0.21818181818181817,0.21818181818181817,0.18181818181818182,0.18181818181818182,0.21818181818181817,0.2711864406779661
smc_159,octave_error,Weak beat cues;Tempo instability,50,0.7407407407407407,0.8888888888888888,0.8888888888888888,0.7407407407407407,0.8703703703703703,0.8703703703703703,0.0,0.631578947368421,0.631578947368421,0.631578947368421,0.6236559139784946,0.7115384615384615,0.7115384615384615,0.7407407407407407,0.7407407407407407,0.7407407407407407,0.7407407407407407,0.7407407407407407,0.7037037037037037,0.7037037037037037
smc_161,other,Weak beat cues;Tempo instability,500,0.7428571428571429,0.9714285714285714,0.9714285714285714,0.7142857142857143,0.9714285714285714,0.9714285714285714,0.02857142857142858,0.7142857142857143,0.7142857142857143,0.7142857142857143,0.7142857142857143,0.7142857142857143,0.7142857142857143,0.7142857142857143,0.7142857142857143,0.7142857142857143,0.7142857142857143,0.7142857142857143,0.7142857142857143,0.7428571428571429
smc_166,good,Weak beat cues;Tempo instability;Metrical ambiguity,1,0.8478260869565218,1.0,1.0,0.8478260869565218,1.0,1.0,0.0,0.8478260869565218,0.8478260869565218,0.8478260869565218,0.8478260869565218,0.8478260869565218,0.8478260869565218,0.8478260869565218,0.8478260869565218,0.8478260869565218,0.8478260869565218,0.8478260869565218,0.8478260869565218,0.8478260869565218
smc_167,other,Weak beat cues;Tempo instability;Metrical ambiguity;Structural/context,50,0.48000000000000004,0.41379310344827586,0.41379310344827586,0.48000000000000004,0.41379310344827586,0.4146341463414634,0.0,0.4444444444444444,0.4444444444444444,0.4444444444444444,0.4615384615384615,0.4615384615384615,0.44,0.48000000000000004,0.48000000000000004,0.48000000000000004,0.44,0.3870967741935484,0.3870967741935484,0.3548387096774194
smc_168,octave_error,Weak beat cues;Tempo instability;Metrical ambiguity,20,0.47619047619047616,0.6521739130434783,0.6521739130434783,0.0,0.0,0.6521739130434783,0.47619047619047616,0.3673469387755102,0.3673469387755102,0.3673469387755102,0.3673469387755102,0.47619047619047616,0.47619047619047616,0.3636363636363636,0.0,0.0,0.47368421052631576,0.47368421052631576,0.47368421052631576,0.37837837837837834
smc_169,other,Weak beat cues;Tempo instability;Metrical ambiguity,20,0.6114649681528662,0.24742268041237114,0.24742268041237114,0.5179856115107913,0.0,0.4166666666666667,0.09347935664207496,0.543046357615894,0.5584415584415585,0.5584415584415585,0.5987261146496815,0.6114649681528662,0.4785276073619632,0.47619047619047616,0.42499999999999993,0.5179856115107913,0.5142857142857142,0.5348837209302325,0.5348837209302325,0.41916167664670656
smc_170,good,Weak beat cues;Metrical ambiguity,2,0.8372093023255814,0.9534883720930233,0.9534883720930233,0.8372093023255814,1.0,1.0,0.0,0.8139534883720931,0.8372093023255814,0.8372093023255814,0.8372093023255814,0.8372093023255814,0.8372093023255814,0.8372093023255814,0.8372093023255814,0.8372093023255814,0.8372093023255814,0.8372093023255814,0.8372093023255814,0.8372093023255814
smc_171,octave_error,,150,0.5054945054945054,0.0,0.8852459016393442,0.4395604395604395,0.0,0.7704918032786885,0.06593406593406587,0.4597701149425287,0.4597701149425287,0.43678160919540227,0.43678160919540227,0.48275862068965514,0.48275862068965514,0.4395604395604395,0.4395604395604395,0.4395604395604395,0.5054945054945054,0.5054945054945054,0.5054945054945054,0.5
smc_172,other,Tempo instability;Structural/context,10,0.49382716049382713,0.29545454545454547,0.29545454545454547,0.33333333333333337,0.22727272727272727,0.22727272727272727,0.16049382716049376,0.3555555555555555,0.3555555555555555,0.44444444444444453,0.49382716049382713,0.49382716049382713,0.49382716049382713,0.358974358974359,0.33333333333333337,0.33333333333333337,0.37037037037037035,0.39506172839506176,0.33333333333333337,0.3555555555555555
smc_173,octave_error,Metrical ambiguity;Structural/context,75,0.611111111111111,0.0,0.9791666666666666,0.611111111111111,0.0,0.9791666666666666,0.0,0.5555555555555556,0.5555555555555556,0.5555555555555556,0.5555555555555556,0.5833333333333334,0.5833333333333334,0.5833333333333334,0.611111111111111,0.611111111111111,0.611111111111111,0.611111111111111,0.611111111111111,0.611111111111111
smc_174,total_failure,Tempo instability;Structural/context,20,0.4042553191489362,0.2916666666666667,0.2916666666666667,0.23404255319148934,0.25,0.25,0.17021276595744686,0.31818181818181823,0.34090909090909094,0.34090909090909094,0.3956043956043956,0.4042553191489362,0.28571428571428564,0.2978723404255319,0.2765957446808511,0.23404255319148934,0.2765957446808511,0.22727272727272724,0.2197802197802198,0.24175824175824176
smc_175,other,Weak beat cues;Tempo instability,1,0.2608695652173913,0.21428571428571427,0.2857142857142857,0.2181818181818182,0.0,0.5405405405405406,0.0426877470355731,0.2608695652173913,0.2608695652173913,0.2608695652173913,0.2608695652173913,0.2181818181818182,0.2181818181818182,0.2181818181818182,0.2181818181818182,0.2181818181818182,0.2181818181818182,0.2181818181818182,0.18181818181818182,0.18181818181818182
smc_176,other,Weak beat cues;Tempo instability;Metrical ambiguity;Structural/context,1,0.3703703703703704,0.17777777777777778,0.17777777777777778,0.3589743589743589,0.13333333333333333,0.13333333333333333,0.011396011396011485,0.3703703703703704,0.3703703703703704,0.3589743589743589,0.3466666666666666,0.32,0.3466666666666666,0.3589743589743589,0.3589743589743589,0.3589743589743589,0.24242424242424243,0.3333333333333333,0.3333333333333333,0.27272727272727276
smc_178,good,Metrical ambiguity,20,0.5555555555555556,0.21212121212121213,0.43902439024390244,0.5161290322580646,0.0,0.9024390243902439,0.03942652329749097,0.4761904761904762,0.4761904761904762,0.4761904761904762,0.5263157894736842,0.5555555555555556,0.4516129032258065,0.5161290322580646,0.5161290322580646,0.5161290322580646,0.5161290322580646,0.5161290322580646,0.5079365079365079,0.5483870967741935
smc_179,other,Weak beat cues;Tempo instability,1,0.5084745762711864,0.21052631578947367,0.4146341463414634,0.4776119402985074,0.0,0.6956521739130435,0.03086263597267902,0.5084745762711864,0.4516129032258065,0.4838709677419355,0.4745762711864407,0.4745762711864407,0.4745762711864407,0.4745762711864407,0.4776119402985074,0.4776119402985074,0.46875,0.46875,0.4615384615384615,0.3098591549295775
smc_181,other,Weak beat cues;Tempo instability;Metrical ambiguity;Structural/context,1,0.34108527131782945,0.0,0.010416666666666666,0.3382352941176471,0.0,0.0,0.002849977200182374,0.34108527131782945,0.34108527131782945,0.34108527131782945,0.3384615384615385,0.3382352941176471,0.3382352941176471,0.3382352941176471,0.3382352941176471,0.3382352941176471,0.3382352941176471,0.3382352941176471,0.3382352941176471,0.33093525179856115
smc_182,good,Tempo instability,1,0.7804878048780488,1.0,1.0,0.7804878048780488,1.0,1.0,0.0,0.7804878048780488,0.7804878048780488,0.7804878048780488,0.7804878048780488,0.7804878048780488,0.7804878048780488,0.7804878048780488,0.7804878048780488,0.7804878048780488,0.7804878048780488,0.7804878048780488,0.7804878048780488,0.7804878048780488
smc_184,good,Weak beat cues;Tempo instability,20,0.8695652173913043,0.9428571428571428,0.9428571428571428,0.8695652173913043,0.9428571428571428,0.9428571428571428,0.0,0.8405797101449276,0.8405797101449276,0.8115942028985507,0.8405797101449276,0.8695652173913043,0.8405797101449276,0.8695652173913043,0.8695652173913043,0.8695652173913043,0.8695652173913043,0.8695652173913043,0.8405797101449276,0.8405797101449276
smc_187,continuity_drift,Tempo instability,100,0.47368421052631576,1.0,1.0,0.47368421052631576,1.0,1.0,0.0,0.2978723404255319,0.2978723404255319,0.28,0.30434782608695654,0.3333333333333333,0.3333333333333333,0.3333333333333333,0.42105263157894735,0.47368421052631576,0.47368421052631576,0.42105263157894735,0.42105263157894735,0.42105263157894735
smc_188,good,Weak beat cues;Tempo instability;Metrical ambiguity,2,0.9642857142857143,1.0,1.0,0.9642857142857143,1.0,1.0,0.0,0.9285714285714286,0.9642857142857143,0.9642857142857143,0.9642857142857143,0.9642857142857143,0.9642857142857143,0.9642857142857143,0.9642857142857143,0.9642857142857143,0.9642857142857143,0.9642857142857143,0.9642857142857143,0.9642857142857143
smc_190,other,Weak beat cues;Tempo instability;Metrical ambiguity,20,0.4395604395604395,0.0,0.6065573770491803,0.3913043478260869,0.0,0.6129032258064516,0.04825609173435258,0.4222222222222222,0.4222222222222222,0.4222222222222222,0.4222222222222222,0.4395604395604395,0.4175824175824176,0.4175824175824176,0.3956043956043956,0.3913043478260869,0.3956043956043956,0.3956043956043956,0.3736263736263736,0.4175824175824176
smc_192,other,Weak beat cues;Tempo instability;Structural/context,1,0.25,0.13636363636363635,0.13636363636363635,0.15789473684210525,0.0,0.0,0.09210526315789475,0.25,0.25,0.25,0.21621621621621623,0.16216216216216214,0.15789473684210525,0.15789473684210525,0.15789473684210525,0.15789473684210525,0.16216216216216214,0.16216216216216214,0.16216216216216214,0.15789473684210525
smc_193,good,,50,0.8705882352941177,0.8837209302325582,0.8837209302325582,0.8470588235294119,0.9069767441860465,0.9069767441860465,0.0235294117647058,0.7631578947368421,0.7631578947368421,0.7631578947368421,0.7948717948717948,0.8536585365853658,0.8674698795180723,0.8705882352941177,0.8470588235294119,0.8470588235294119,0.8470588235294119,0.8470588235294119,0.8470588235294119,0.8470588235294119
smc_194,total_failure,Weak beat cues;Tempo instability;Structural/context,5,0.27027027027027023,0.1282051282051282,0.1282051282051282,0.15189873417721517,0.045454545454545456,0.18181818181818182,0.11837153609305506,0.24324324324324323,0.18918918918918923,0.27027027027027023,0.22857142857142856,0.20000000000000004,0.17073170731707318,0.17721518987341772,0.17721518987341772,0.15189873417721517,0.15189873417721517,0.15189873417721517,0.15189873417721517,0.15189873417721517
smc_195,other,Tempo instability;Metrical ambiguity;Structural/context,1,0.4050632911392405,0.022727272727272728,0.38636363636363635,0.3092783505154639,0.0,0.27419354838709675,0.09578494062377663,0.4050632911392405,0.4050632911392405,0.4050632911392405,0.379746835443038,0.379746835443038,0.379746835443038,0.3092783505154639,0.3092783505154639,0.3092783505154639,0.3529411764705882,0.3294117647058824,0.3294117647058824,0.3294117647058824
smc_197,octave_error,Weak beat cues;Tempo instability,500,0.4390243902439024,0.9523809523809523,0.9523809523809523,0.42857142857142855,1.0,1.0,0.010452961672473837,0.34615384615384615,0.34615384615384615,0.34615384615384615,0.34615384615384615,0.3673469387755102,0.3673469387755102,0.39999999999999997,0.42857142857142855,0.42857142857142855,0.42857142857142855,0.42857142857142855,0.42857142857142855,0.4390243902439024
smc_198,other,Weak beat cues;Tempo instability;Structural/context,20,0.7678571428571428,0.6612903225806451,0.6612903225806451,0.7547169811320756,0.75,0.75,0.013140161725067157,0.6476190476190475,0.6603773584905661,0.6415094339622641,0.6415094339622641,0.7678571428571428,0.7678571428571428,0.7339449541284404,0.743362831858407,0.7547169811320756,0.7547169811320756,0.7592592592592593,0.7592592592592593,0.7272727272727272
smc_199,other,Weak beat cues;Tempo instability;Structural/context,50,0.37209302325581395,0.2391304347826087,0.2391304347826087,0.2028985507246377,0.1,0.3103448275862069,0.16919447253117625,0.30588235294117644,0.32941176470588235,0.2891566265060241,0.26829268292682923,0.2531645569620253,0.2531645569620253,0.37209302325581395,0.2028985507246377,0.2028985507246377,0.22535211267605634,0.22535211267605634,0.25806451612903225,0.271604938271605
smc_202,total_failure,Weak beat cues;Tempo instability,300,0.19999999999999998,0.0,0.2222222222222222,0.12121212121212122,0.058823529411764705,0.11764705882352941,0.07878787878787877,0.1818181818181818,0.1818181818181818,0.1818181818181818,0.1818181818181818,0.125,0.14925373134328357,0.14925373134328357,0.12121212121212122,0.12121212121212122,0.12903225806451615,0.12903225806451615,0.19999999999999998,0.19999999999999998
smc_203,total_failure,Metrical ambiguity,30,0.23404255319148937,0.03636363636363636,0.03636363636363636,0.23404255319148937,0.09090909090909091,0.09090909090909091,0.0,0.2127659574468085,0.2040816326530612,0.2040816326530612,0.18947368421052632,0.19780219780219782,0.23404255319148937,0.23404255319148937,0.23404255319148937,0.23404255319148937,0.19148936170212766,0.19148936170212766,0.16842105263157894,0.16842105263157894
smc_204,other,Weak beat cues;Tempo instability;Metrical ambiguity;Structural/context,150,0.2823529411764706,0.14814814814814814,0.22580645161290322,0.20689655172413793,0.05555555555555555,0.21212121212121213,0.07545638945233266,0.22448979591836732,0.18947368421052632,0.21052631578947367,0.1797752808988764,0.1797752808988764,0.22988505747126436,0.22988505747126436,0.20689655172413793,0.20689655172413793,0.2823529411764706,0.21951219512195122,0.2222222222222222,0.19753086419753085
smc_205,good,Tempo instability,100,0.8409090909090908,0.8260869565217391,0.8260869565217391,0.8409090909090908,0.8260869565217391,0.8260869565217391,0.0,0.7400000000000001,0.7400000000000001,0.7400000000000001,0.7400000000000001,0.7115384615384616,0.6964285714285714,0.6842105263157894,0.6271186440677966,0.8409090909090908,0.8409090909090908,0.8409090909090908,0.8409090909090908,0.7954545454545455
smc_206,other,Tempo instability,75,0.605263157894737,0.47619047619047616,0.47619047619047616,0.5526315789473685,0.42857142857142855,0.42857142857142855,0.052631578947368474,0.5633802816901409,0.5633802816901409,0.5633802816901409,0.5633802816901409,0.547945205479452,0.5753424657534247,0.547945205479452,0.605263157894737,0.5526315789473685,0.5526315789473685,0.5526315789473685,0.5526315789473685,0.5897435897435898
smc_207,good,Tempo instability;Metrical ambiguity,1,0.9552238805970149,1.0,1.0,0.9552238805970149,1.0,1.0,0.0,0.9552238805970149,0.9552238805970149,0.9552238805970149,0.9552238805970149,0.9552238805970149,0.9552238805970149,0.9552238805970149,0.9552238805970149,0.9552238805970149,0.9552238805970149,0.9552238805970149,0.9552238805970149,0.9552238805970149
smc_208,good,Weak beat cues;Tempo instability;Metrical ambiguity,2,0.6666666666666666,0.43902439024390244,0.43902439024390244,0.5054945054945055,0.016666666666666666,0.7377049180327869,0.16117216117216115,0.638888888888889,0.6666666666666666,0.6133333333333333,0.6172839506172839,0.5517241379310344,0.5517241379310344,0.5517241379310344,0.5517241379310344,0.5054945054945055,0.49462365591397855,0.49462365591397855,0.48421052631578954,0.4631578947368421
smc_209,continuity_drift,Weak beat cues;Tempo instability;Metrical ambiguity,100,0.6506024096385542,0.8372093023255814,0.8372093023255814,0.6506024096385542,0.8372093023255814,0.8372093023255814,0.0,0.5853658536585366,0.5853658536585366,0.5853658536585366,0.5853658536585366,0.5569620253164557,0.575,0.575,0.6,0.6506024096385542,0.6024096385542168,0.5783132530120482,0.5783132530120482,0.5581395348837209
smc_211,other,Weak beat cues;Tempo instability,10,0.5909090909090909,0.5918367346938775,0.5918367346938775,0.5208333333333334,0.6938775510204082,0.6938775510204082,0.07007575757575757,0.5434782608695652,0.5434782608695652,0.5681818181818182,0.5909090909090909,0.5217391304347826,0.5833333333333334,0.5208333333333334,0.5208333333333334,0.5208333333333334,0.5416666666666667,0.5625,0.5208333333333334,0.5416666666666667
smc_212,continuity_drift,Weak beat cues;Tempo instability;Metrical ambiguity,2,0.32,0.3076923076923077,0.3076923076923077,0.21739130434782608,0.20833333333333334,0.20833333333333334,0.10260869565217393,0.2592592592592593,0.32,0.3137254901960785,0.3137254901960785,0.2916666666666667,0.30434782608695654,0.22222222222222224,0.22222222222222224,0.21739130434782608,0.14285714285714288,0.14285714285714288,0.14285714285714288,0.14285714285714288
smc_213,continuity_drift,Weak beat cues;Tempo instability,20,0.5599999999999999,0.7631578947368421,0.7631578947368421,0.5599999999999999,0.8157894736842105,0.8157894736842105,0.0,0.5063291139240507,0.5063291139240507,0.5063291139240507,0.5316455696202531,0.5599999999999999,0.5599999999999999,0.5599999999999999,0.5599999999999999,0.5599999999999999,0.5333333333333333,0.5599999999999999,0.5526315789473685,0.5454545454545455
smc_214,continuity_drift,Weak beat cues;Tempo instability,100,0.5,0.4583333333333333,0.4583333333333333,0.5,0.4583333333333333,0.4583333333333333,0.0,0.4,0.4074074074074074,0.3703703703703704,0.3846153846153846,0.3846153846153846,0.3846153846153846,0.3846153846153846,0.4166666666666667,0.5,0.425531914893617,0.425531914893617,0.3829787234042554,0.4081632653061225
smc_215,good,Weak beat cues;Tempo instability;Metrical ambiguity;Structural/context,200,0.8787878787878788,0.9393939393939394,0.9393939393939394,0.8484848484848486,0.8181818181818182,0.8181818181818182,0.030303030303030165,0.7341772151898734,0.7341772151898734,0.7272727272727273,0.732394366197183,0.8181818181818182,0.8181818181818182,0.8181818181818182,0.8484848484848486,0.8484848484848486,0.8484848484848486,0.8787878787878788,0.8181818181818182,0.7647058823529412
smc_216,continuity_drift,Weak beat cues;Tempo instability,1,0.7671232876712328,0.6486486486486487,0.6486486486486487,0.684931506849315,0.7567567567567568,0.7567567567567568,0.0821917808219178,0.7671232876712328,0.7671232876712328,0.7428571428571428,0.7536231884057971,0.7536231884057971,0.7536231884057971,0.7536231884057971,0.7536231884057971,0.684931506849315,0.7142857142857144,0.7142857142857144,0.6388888888888888,0.5205479452054794
smc_217,other,Weak beat cues;Tempo instability,50,0.8387096774193549,1.0,1.0,0.8387096774193549,1.0,1.0,0.0,0.7575757575757576,0.7575757575757576,0.7575757575757576,0.7575757575757576,0.8064516129032258,0.8064516129032258,0.8387096774193549,0.8387096774193549,0.8387096774193549,0.8387096774193549,0.8387096774193549,0.8387096774193549,0.8387096774193549
smc_219,good,Weak beat cues;Tempo instability;Metrical ambiguity,1,0.6436781609195403,0.30612244897959184,0.30612244897959184,0.4109589041095891,0.0,0.52,0.23271925680995126,0.6436781609195403,0.6436781609195403,0.6046511627906977,0.6265060240963856,0.5783132530120482,0.5750000000000001,0.5194805194805194,0.43835616438356156,0.4109589041095891,0.4109589041095891,0.4109589041095891,0.43243243243243235,0.35616438356164387
smc_220,continuity_drift,Weak beat cues;Metrical ambiguity;Structural/context,1,0.6336633663366337,0.2542372881355932,0.2542372881355932,0.36538461538461536,0.0,0.012048192771084338,0.2682787509520183,0.6336633663366337,0.5486725663716815,0.5504587155963303,0.5081967213114755,0.5081967213114755,0.4793388429752066,0.44067796610169496,0.36538461538461536,0.36538461538461536,0.36538461538461536,0.36538461538461536,0.36538461538461536,0.36538461538461536
smc_221,continuity_drift,Weak beat cues;Tempo instability;Structural/context,50,0.48571428571428565,0.45,0.45,0.4,0.2,0.3389830508474576,0.08571428571428563,0.47761194029850745,0.47761194029850745,0.47761194029850745,0.47761194029850745,0.47761194029850745,0.42857142857142855,0.48571428571428565,0.4,0.4,0.28235294117647064,0.28235294117647064,0.2528735632183908,0.2528735632183908
smc_222,other,Tempo instability;Metrical ambiguity;Structural/context,5,0.4545454545454546,0.21951219512195122,0.21951219512195122,0.37037037037037035,0.0,0.5,0.08417508417508424,0.42424242424242425,0.42424242424242425,0.4545454545454546,0.4545454545454546,0.3666666666666667,0.37037037037037035,0.37037037037037035,0.37037037037037035,0.37037037037037035,0.37037037037037035,0.37037037037037035,0.37037037037037035,0.37037037037037035
smc_223,continuity_drift,Weak beat cues;Tempo instability;Metrical ambiguity,1,0.6849315068493151,0.525,0.525,0.5974025974025974,0.38636363636363635,0.38636363636363635,0.08752890944671776,0.6849315068493151,0.6849315068493151,0.6849315068493151,0.6849315068493151,0.6849315068493151,0.6849315068493151,0.6575342465753425,0.6301369863013698,0.5974025974025974,0.5974025974025974,0.6849315068493151,0.6575342465753425,0.5974025974025974
smc_224,continuity_drift,Metrical ambiguity,1,0.3294117647058824,0.3333333333333333,0.3333333333333333,0.16666666666666669,0.01694915254237288,0.01694915254237288,0.16274509803921572,0.3294117647058824,0.3294117647058824,0.32558139534883723,0.2588235294117647,0.2528735632183908,0.1935483870967742,0.16666666666666669,0.16666666666666669,0.16666666666666669,0.15384615384615385,0.15384615384615385,0.15384615384615385,0.15384615384615385
smc_225,other,Weak beat cues;Tempo instability;Metrical ambiguity;Structural/context,150,0.39622641509433965,0.0,0.0,0.36893203883495146,0.0,0.0,0.027294376259388187,0.3495145631067961,0.3495145631067961,0.3495145631067961,0.36893203883495146,0.36893203883495146,0.36893203883495146,0.3883495145631068,0.36893203883495146,0.36893203883495146,0.39622641509433965,0.39622641509433965,0.39622641509433965,0.3584905660377359
smc_226,continuity_drift,Weak beat cues;Tempo instability;Metrical ambiguity,500,0.6153846153846154,0.9090909090909091,0.9090909090909091,0.5846153846153846,0.8181818181818182,0.8181818181818182,0.03076923076923077,0.49230769230769234,0.49230769230769234,0.49230769230769234,0.49230769230769234,0.5230769230769231,0.5538461538461538,0.5846153846153846,0.5846153846153846,0.5846153846153846,0.5538461538461538,0.5538461538461538,0.5230769230769231,0.6153846153846154
smc_227,other,Weak beat cues;Tempo instability;Structural/context,1,0.547945205479452,0.631578947368421,0.631578947368421,0.547945205479452,0.6052631578947368,0.6052631578947368,0.0,0.547945205479452,0.547945205479452,0.547945205479452,0.547945205479452,0.547945205479452,0.547945205479452,0.547945205479452,0.547945205479452,0.547945205479452,0.547945205479452,0.547945205479452,0.5205479452054795,0.4931506849315068
smc_229,good,Weak beat cues;Tempo instability,200,0.9090909090909091,1.0,1.0,0.8333333333333334,0.7727272727272727,0.7727272727272727,0.07575757575757569,0.853932584269663,0.853932584269663,0.8735632183908046,0.8735632183908046,0.896551724137931,0.896551724137931,0.888888888888889,0.8333333333333334,0.8333333333333334,0.8333333333333334,0.9090909090909091,0.9090909090909091,0.9090909090909091
smc_232,continuity_drift,Weak beat cues;Tempo instability;Metrical ambiguity,10,0.7768595041322315,0.609375,0.609375,0.6201550387596899,0.4307692307692308,0.4307692307692308,0.15670446537254157,0.6495726495726496,0.703125,0.7666666666666666,0.7768595041322315,0.64,0.6356589147286822,0.6356589147286822,0.6356589147286822,0.6201550387596899,0.6086956521739131,0.6086956521739131,0.5242718446601942,0.5242718446601942
smc_235,continuity_drift,Weak beat cues;Tempo instability;Metrical ambiguity,200,0.64,0.6923076923076923,0.6923076923076923,0.5866666666666667,0.6153846153846154,0.6153846153846154,0.053333333333333344,0.5205479452054794,0.547945205479452,0.5714285714285715,0.5866666666666667,0.619718309859155,0.591549295774648,0.591549295774648,0.5599999999999999,0.5866666666666667,0.5866666666666667,0.64,0.5599999999999999,0.5599999999999999
smc_236,other,Weak beat cues;Tempo instability;Metrical ambiguity,5,0.638888888888889,0.4878048780487805,0.4878048780487805,0.6363636363636364,0.6571428571428571,0.6571428571428571,0.002525252525252597,0.6216216216216216,0.6216216216216216,0.638888888888889,0.638888888888889,0.6376811594202899,0.6376811594202899,0.6363636363636364,0.6363636363636364,0.6363636363636364,0.626865671641791,0.626865671641791,0.626865671641791,0.626865671641791
smc_237,continuity_drift,Weak beat cues;Tempo instability;Structural/context,200,0.5063291139240507,0.7317073170731707,0.7317073170731707,0.4556962025316456,0.7317073170731707,0.7317073170731707,0.050632911392405056,0.3466666666666667,0.3611111111111111,0.3768115942028986,0.3768115942028986,0.430379746835443,0.4556962025316456,0.430379746835443,0.4556962025316456,0.4556962025316456,0.4556962025316456,0.5063291139240507,0.48101265822784817,0.37333333333333335
smc_239,other,Weak beat cues;Tempo instability;Structural/context,5,0.4307692307692308,0.2702702702702703,0.2702702702702703,0.27027027027027023,0.043478260869565216,0.34545454545454546,0.16049896049896056,0.39999999999999997,0.39999999999999997,0.4307692307692308,0.4307692307692308,0.3157894736842105,0.3157894736842105,0.3157894736842105,0.27027027027027023,0.27027027027027023,0.25581395348837205,0.25581395348837205,0.3137254901960784,0.3137254901960784
smc_241,octave_error,Tempo instability,500,0.3488372093023256,0.7906976744186046,0.7906976744186046,0.32558139534883723,0.7906976744186046,0.7906976744186046,0.023255813953488358,0.33333333333333337,0.33333333333333337,0.32558139534883723,0.32558139534883723,0.32558139534883723,0.32558139534883723,0.32558139534883723,0.32558139534883723,0.32558139534883723,0.32558139534883723,0.32558139534883723,0.32558139534883723,0.3488372093023256
smc_242,continuity_drift,Weak beat cues,500,0.7777777777777778,0.9333333333333333,0.9333333333333333,0.7333333333333333,0.9333333333333333,0.9333333333333333,0.04444444444444451,0.7111111111111111,0.7111111111111111,0.7111111111111111,0.7111111111111111,0.7111111111111111,0.7111111111111111,0.7333333333333333,0.7333333333333333,0.7333333333333333,0.7333333333333333,0.7333333333333333,0.7333333333333333,0.7777777777777778
smc_243,good,Tempo instability;Structural/context,500,0.7017543859649122,0.7333333333333333,0.7333333333333333,0.6428571428571429,0.6551724137931034,0.6551724137931034,0.05889724310776934,0.6333333333333334,0.6666666666666666,0.6785714285714286,0.6785714285714286,0.6785714285714286,0.6333333333333334,0.6333333333333334,0.6428571428571429,0.6428571428571429,0.6428571428571429,0.6785714285714286,0.6785714285714286,0.7017543859649122
smc_244,other,Weak beat cues;Tempo instability;Metrical ambiguity,150,0.2736842105263158,0.0,0.46875,0.25263157894736843,0.0,0.40625,0.02105263157894738,0.25263157894736843,0.25263157894736843,0.23157894736842102,0.23157894736842102,0.25263157894736843,0.25263157894736843,0.23157894736842102,0.23157894736842102,0.25263157894736843,0.2736842105263158,0.23157894736842102,0.23157894736842102,0.21052631578947367
smc_248,other,Weak beat cues;Tempo instability;Metrical ambiguity;Structural/context,1,0.441860465116279,0.1346153846153846,0.3235294117647059,0.3448275862068965,0.057692307692307696,0.3142857142857143,0.0970328789093825,0.441860465116279,0.441860465116279,0.41379310344827586,0.41379310344827586,0.41379310344827586,0.41379310344827586,0.3820224719101124,0.36781609195402304,0.3448275862068965,0.3448275862068965,0.32941176470588235,0.32941176470588235,0.3373493975903614
smc_249,good,Weak beat cues;Tempo instability;Metrical ambiguity,10,0.8611111111111112,0.8888888888888888,0.8888888888888888,0.8533333333333333,0.8717948717948718,0.8717948717948718,0.007777777777777883,0.8333333333333334,0.8333333333333334,0.8333333333333334,0.8611111111111112,0.8611111111111112,0.8611111111111112,0.8611111111111112,0.8533333333333333,0.8533333333333333,0.8533333333333333,0.8533333333333333,0.8533333333333333,0.8533333333333333
smc_251,good,Weak beat cues;Tempo instability;Structural/context,100,0.9007633587786259,0.9552238805970149,0.9552238805970149,0.9007633587786259,0.9552238805970149,0.9552238805970149,0.0,0.8682170542635659,0.859375,0.859375,0.859375,0.875,0.875,0.875,0.8527131782945736,0.9007633587786259,0.9007633587786259,0.9007633587786259,0.9007633587786259,0.9007633587786259
smc_252,good,Weak beat cues,1,0.9444444444444444,1.0,1.0,0.9444444444444444,1.0,1.0,0.0,0.9444444444444444,0.9444444444444444,0.9444444444444444,0.9444444444444444,0.9444444444444444,0.9444444444444444,0.9444444444444444,0.9444444444444444,0.9444444444444444,0.9444444444444444,0.9444444444444444,0.9444444444444444,0.9444444444444444
smc_253,other,Weak beat cues;Metrical ambiguity;Structural/context,1,0.6410256410256411,0.7692307692307693,0.7692307692307693,0.5897435897435898,0.7692307692307693,0.7692307692307693,0.05128205128205132,0.6410256410256411,0.6410256410256411,0.6410256410256411,0.6410256410256411,0.6153846153846154,0.6153846153846154,0.6153846153846154,0.5897435897435898,0.5897435897435898,0.5897435897435898,0.5897435897435898,0.5897435897435898,0.5641025641025641
smc_254,total_failure,Tempo instability;Metrical ambiguity;Structural/context,500,0.27499999999999997,0.0,0.25,0.16161616161616163,0.017543859649122806,0.19642857142857142,0.11338383838383834,0.1702127659574468,0.1702127659574468,0.23157894736842105,0.22916666666666666,0.22916666666666666,0.22916666666666666,0.22916666666666666,0.22916666666666666,0.16161616161616163,0.24999999999999994,0.24999999999999994,0.24999999999999994,0.27499999999999997
smc_255,continuity_drift,Tempo instability;Metrical ambiguity,30,0.8169014084507041,0.7837837837837838,0.7837837837837838,0.7027027027027027,0.6756756756756757,0.6756756756756757,0.1141987057480014,0.7297297297297297,0.7297297297297297,0.7532467532467533,0.7532467532467533,0.7323943661971832,0.8169014084507041,0.7887323943661971,0.7837837837837838,0.7027027027027027,0.7297297297297297,0.7027027027027027,0.7323943661971832,0.684931506849315
smc_256,other,Tempo instability;Metrical ambiguity;Structural/context,75,0.6578947368421053,0.55,0.55,0.6578947368421053,0.575,0.575,0.0,0.5,0.5250000000000001,0.5250000000000001,0.5250000000000001,0.4871794871794871,0.4871794871794871,0.4871794871794871,0.6578947368421053,0.6578947368421053,0.6578947368421053,0.5263157894736842,0.5526315789473685,0.37681159420289856
smc_257,other,Tempo instability;Metrical ambiguity,20,0.543859649122807,0.17647058823529413,0.391304347826087,0.5254237288135594,0.20588235294117646,0.34,0.018435920309247678,0.5321100917431193,0.5321100917431193,0.5263157894736842,0.4954128440366972,0.543859649122807,0.5254237288135594,0.5254237288135594,0.5423728813559322,0.5254237288135594,0.4754098360655738,0.49180327868852464,0.5081967213114753,0.5081967213114753
smc_258,other,Tempo instability;Metrical ambiguity,10,0.4285714285714286,0.34615384615384615,0.34615384615384615,0.37777777777777777,0.25,0.25,0.050793650793650835,0.39215686274509803,0.39215686274509803,0.3838383838383838,0.4285714285714286,0.3870967741935483,0.4044943820224719,0.3913043478260869,0.39999999999999997,0.37777777777777777,0.25974025974025977,0.15584415584415584,0.225,0.30379746835443033
smc_259,other,Tempo instability,20,0.5846153846153846,0.5384615384615384,0.5384615384615384,0.5507246376811594,0.4883720930232558,0.4883720930232558,0.033890746934225224,0.5217391304347826,0.5217391304347826,0.5217391304347826,0.5217391304347826,0.5846153846153846,0.5846153846153846,0.5846153846153846,0.5846153846153846,0.5507246376811594,0.5507246376811594,0.5507246376811594,0.5217391304347826,0.5217391304347826
smc_260,good,Weak beat cues;Tempo instability;Metrical ambiguity,75,0.8256880733944955,0.6964285714285714,0.6964285714285714,0.7857142857142858,0.6610169491525424,0.6610169491525424,0.03997378768020965,0.6956521739130435,0.6956521739130435,0.7478260869565218,0.8173913043478261,0.7857142857142858,0.8035714285714285,0.8214285714285715,0.8256880733944955,0.7857142857142858,0.7272727272727273,0.6972477064220183,0.6785714285714285,0.7142857142857143
smc_261,continuity_drift,Weak beat cues;Tempo instability;Metrical ambiguity,1,0.4615384615384615,0.40476190476190477,0.40476190476190477,0.41025641025641024,0.30952380952380953,0.30952380952380953,0.051282051282051266,0.4615384615384615,0.4615384615384615,0.4615384615384615,0.45569620253164556,0.43037974683544306,0.45569620253164556,0.41025641025641024,0.41025641025641024,0.41025641025641024,0.35135135135135137,0.3243243243243243,0.3950617283950617,0.37499999999999994
smc_262,continuity_drift,Tempo instability;Metrical ambiguity;Structural/context,2,0.8135593220338982,0.6666666666666666,0.6666666666666666,0.743362831858407,0.42857142857142855,0.42857142857142855,0.07019649017549123,0.7857142857142857,0.8135593220338982,0.7796610169491525,0.7758620689655172,0.8103448275862069,0.8103448275862069,0.7610619469026547,0.7610619469026547,0.743362831858407,0.7256637168141592,0.7563025210084034,0.7187500000000001,0.671875
smc_263,continuity_drift,Tempo instability;Structural/context,2,0.6285714285714286,0.36585365853658536,0.36585365853658536,0.5116279069767441,0.0,0.8771929824561403,0.11694352159468446,0.6111111111111112,0.6285714285714286,0.5569620253164557,0.5301204819277108,0.5301204819277108,0.5116279069767441,0.5116279069767441,0.5116279069767441,0.5116279069767441,0.5116279069767441,0.5116279069767441,0.5116279069767441,0.5348837209302325
smc_264,other,Tempo instability;Structural/context,100,0.4444444444444444,0.0,0.7380952380952381,0.4444444444444444,0.0,0.7380952380952381,0.0,0.4285714285714286,0.4285714285714286,0.4409448818897638,0.4285714285714286,0.4285714285714286,0.4285714285714286,0.4285714285714286,0.4285714285714286,0.4444444444444444,0.4444444444444444,0.4444444444444444,0.4444444444444444,0.4444444444444444
smc_265,good,Weak beat cues;Tempo instability;Structural/context,200,0.8994082840236687,0.8588235294117647,0.8588235294117647,0.8757396449704142,0.8470588235294118,0.8470588235294118,0.023668639053254448,0.8834355828220858,0.8834355828220858,0.8834355828220858,0.8834355828220858,0.8834355828220858,0.863905325443787,0.8520710059171598,0.8520710059171598,0.8757396449704142,0.8757396449704142,0.8994082840236687,0.8994082840236687,0.8439306358381503
smc_266,continuity_drift,Weak beat cues;Tempo instability;Structural/context,5,0.5538461538461539,0.3783783783783784,0.3783783783783784,0.4722222222222222,0.13636363636363635,0.36363636363636365,0.08162393162393167,0.5230769230769231,0.5230769230769231,0.5538461538461539,0.5538461538461539,0.5538461538461539,0.537313432835821,0.4788732394366197,0.4722222222222222,0.4722222222222222,0.3421052631578947,0.3684210526315789,0.49122807017543857,0.3859649122807017
smc_269,good,Tempo instability;Metrical ambiguity,200,0.9354838709677419,0.967741935483871,0.967741935483871,0.8709677419354839,0.967741935483871,0.967741935483871,0.06451612903225801,0.84375,0.84375,0.8125,0.8125,0.875,0.875,0.8333333333333334,0.8333333333333334,0.8709677419354839,0.8709677419354839,0.9354838709677419,0.9354838709677419,0.9032258064516129
smc_271,good,Metrical ambiguity,200,1.0,1.0,1.0,0.9672131147540983,0.9354838709677419,0.9354838709677419,0.032786885245901676,0.9836065573770492,0.9836065573770492,0.9836065573770492,0.9836065573770492,0.9836065573770492,0.9836065573770492,0.9836065573770492,0.9672131147540983,0.9672131147540983,0.9508196721311476,1.0,1.0,1.0
smc_272,other,,1,0.6408839779005524,0.0,0.5245901639344263,0.6408839779005524,0.0,0.5245901639344263,0.0,0.6408839779005524,0.6408839779005524,0.6408839779005524,0.6408839779005524,0.6408839779005524,0.6408839779005524,0.6408839779005524,0.6408839779005524,0.6408839779005524,0.6408839779005524,0.6408839779005524,0.6408839779005524,0.6408839779005524
smc_273,good,,1,1.0,1.0,1.0,1.0,1.0,1.0,0.0,1.0,1.0,1.0,1.0,1.0,1.0,1.0,1.0,1.0,1.0,1.0,1.0,1.0
smc_274,octave_error,Metrical ambiguity,1,0.0,0.0,0.9879518072289156,0.0,0.0,0.9879518072289156,0.0,0.0,0.0,0.0,0.0,0.0,0.0,0.0,0.0,0.0,0.0,0.0,0.0,0.0
smc_275,other,,1,0.47311827956989244,0.0,0.0,0.47311827956989244,0.0,0.0,0.0,0.47311827956989244,0.47311827956989244,0.47311827956989244,0.47311827956989244,0.47311827956989244,0.47311827956989244,0.47311827956989244,0.47311827956989244,0.47311827956989244,0.47311827956989244,0.47311827956989244,0.47311827956989244,0.47311827956989244
smc_276,octave_error,Metrical ambiguity,1,0.6666666666666666,0.0,1.0,0.6666666666666666,0.0,1.0,0.0,0.6666666666666666,0.6666666666666666,0.6666666666666666,0.6666666666666666,0.6666666666666666,0.6666666666666666,0.6666666666666666,0.6666666666666666,0.6666666666666666,0.6666666666666666,0.6666666666666666,0.6666666666666666,0.6666666666666666
smc_277,other,Structural/context,1,0.6813186813186815,0.016666666666666666,0.7377049180327869,0.673913043478261,0.0,1.0,0.007405637840420476,0.6813186813186815,0.6813186813186815,0.6813186813186815,0.6813186813186815,0.6813186813186815,0.673913043478261,0.673913043478261,0.673913043478261,0.673913043478261,0.673913043478261,0.673913043478261,0.673913043478261,0.673913043478261
smc_278,good,,1,1.0,1.0,1.0,1.0,1.0,1.0,0.0,1.0,1.0,1.0,1.0,1.0,1.0,1.0,1.0,1.0,1.0,1.0,1.0,1.0
smc_279,good,,1,1.0,1.0,1.0,1.0,1.0,1.0,0.0,1.0,1.0,1.0,1.0,1.0,1.0,1.0,1.0,1.0,1.0,1.0,1.0,1.0
smc_280,good,,1,1.0,1.0,1.0,1.0,1.0,1.0,0.0,1.0,1.0,1.0,1.0,1.0,1.0,1.0,1.0,1.0,1.0,1.0,1.0,1.0
smc_281,good,Tempo instability;Structural/context,1,1.0,1.0,1.0,1.0,1.0,1.0,0.0,1.0,1.0,1.0,1.0,1.0,1.0,1.0,1.0,1.0,1.0,1.0,1.0,1.0
smc_282,good,,1,0.9818181818181818,0.9636363636363636,0.9636363636363636,0.9818181818181818,0.9636363636363636,0.9636363636363636,0.0,0.9818181818181818,0.9818181818181818,0.9818181818181818,0.9818181818181818,0.9818181818181818,0.9818181818181818,0.9818181818181818,0.9818181818181818,0.9818181818181818,0.9818181818181818,0.9818181818181818,0.9818181818181818,0.9818181818181818
smc_283,good,,150,1.0,1.0,1.0,0.8695652173913044,0.5538461538461539,0.5538461538461539,0.13043478260869557,0.8695652173913044,0.8695652173913044,0.8695652173913044,0.8695652173913044,0.8695652173913044,0.8695652173913044,0.8695652173913044,0.8695652173913044,0.8695652173913044,1.0,1.0,1.0,1.0
smc_284,good,Metrical ambiguity,1,1.0,1.0,1.0,1.0,1.0,1.0,0.0,1.0,1.0,1.0,1.0,1.0,1.0,1.0,1.0,1.0,1.0,1.0,1.0,1.0
smc_285,other,,5,0.3142857142857143,0.2857142857142857,0.6428571428571429,0.2571428571428571,0.22857142857142856,0.7,0.05714285714285716,0.2714285714285714,0.3,0.3142857142857143,0.2714285714285714,0.2714285714285714,0.2714285714285714,0.2571428571428571,0.2571428571428571,0.2571428571428571,0.2571428571428571,0.2714285714285714,0.2857142857142857,0.0
smc_286,good,Structural/context,50,1.0,1.0,1.0,1.0,1.0,1.0,0.0,0.9811320754716981,0.9811320754716981,0.9811320754716981,0.9811320754716981,0.9811320754716981,0.9811320754716981,1.0,1.0,1.0,1.0,1.0,1.0,1.0
smc_287,good,,1,1.0,0.9833333333333333,0.9833333333333333,1.0,0.9833333333333333,0.9833333333333333,0.0,1.0,1.0,1.0,1.0,1.0,1.0,1.0,1.0,1.0,1.0,1.0,1.0,1.0
smc_288,good,,50,1.0,1.0,1.0,1.0,1.0,1.0,0.0,0.9833333333333333,0.9833333333333333,0.9833333333333333,0.9833333333333333,0.9833333333333333,0.9833333333333333,1.0,1.0,1.0,1.0,1.0,1.0,1.0
smc_289,good,,1,1.0,1.0,1.0,1.0,1.0,1.0,0.0,1.0,1.0,1.0,1.0,1.0,1.0,1.0,1.0,1.0,1.0,1.0,1.0,1.0
